DirectForce: 57758; ParticleCell: 47054; NodesUsed: 455; NodesAvailable: 500; TimeLoad: 0.000125041; TimeUpward: 1.2642e-05; TimeForce: 0.00612803; TimeTotal: 0.00627215
1000

-1.2065284917385464723338373005390167236328e+04  -2.0338929501788989000488072633743286132812e+04  -7.2412598858703186124330386519432067871094e+03
-3.4442245626561657445563469082117080688477e+01  -8.0889001202154858560788852628320455551147e+01  +5.6724707384148764788278640480712056159973e+00
+1.4172634223320810633595101535320281982422e+03  -1.2338415898627965816558571532368659973145e+03  +1.1587145452338861559837823733687400817871e+03
+5.5208733062289347799378447234630584716797e+03  -3.3221900124187900473771151155233383178711e+03  +1.1487374552920444330084137618541717529297e+04
+8.4920911734799774421844631433486938476562e+03  -9.9951222931226639047963544726371765136719e+03  -5.0825821768416099075693637132644653320312e+03
+1.4438157818675485032144933938980102539062e+04  -6.8524747150549428624799475073814392089844e+03  -1.8576678256659131875494495034217834472656e+04
-3.0411443765105337661225348711013793945312e+04  -1.9338925689802347278600791469216346740723e+03  +1.9471683571125868184026330709457397460938e+04
-1.0466336667762205081544379936531186103821e+02  +3.1467014889699788682264625094830989837646e+02  +4.4149884304685372171661583706736564636230e+02
-2.4175478393237808631965890526771545410156e+04  -8.3254770768425769347231835126876831054688e+03  +1.4424902559988890061504207551479339599609e+04
+2.3951434512498568096816597972065210342407e+02  +2.3529119907882250828379255835898220539093e+01  -2.5285527400210563087057380471378564834595e+02
-1.3165346258573306840844452381134033203125e+04  -3.0399131164178822928079171106219291687012e+02  -7.6798411780268506845459342002868652343750e+03
+2.4055777253503707470372319221496582031250e+04  -1.5177129873575819374309503473341464996338e+02  +1.6396857263663921457919059321284294128418e+03
+5.4734678214823970847646705806255340576172e+03  -1.4837040078640893625561147928237915039062e+04  -7.4760707207542254764121025800704956054688e+03
-2.2951053962755941029172390699386596679688e+03  -1.3124409734139512693218421190977096557617e+03  -3.6519919451113050854473840445280075073242e+03
+1.5061685241036397201241925358772277832031e+04  -1.8668780891811347828479483723640441894531e+04  +7.1017244150943524800823070108890533447266e+03
-2.5078291658727775939041748642921447753906e+03  -5.1059827515211412674034363590180873870850e+02  +1.0536256454576723626814782619476318359375e+03
+5.9351453650121065948042087256908416748047e+03  +1.9249361991836085508111864328384399414062e+04  -1.8608766806090137833962216973304748535156e+04
-1.0279552677942183436243794858455657958984e+02  +1.7420132173193277935752121265977621078491e+02  +1.1495391658633975850989372702315449714661e+02
+1.4344791757015291295829229056835174560547e+04  +5.2054079306691957754082977771759033203125e+04  +5.2312324453117507800925523042678833007812e+04
-1.8961672343982806978601729497313499450684e+03  -7.5287525341247028336510993540287017822266e+03  +1.2382572189538073871517553925514221191406e+04
+1.1380324081873786781216040253639221191406e+03  +5.9170829149986930133309215307235717773438e+03  -8.5318385525393441639607772231101989746094e+03
-6.9637717696985691873123869299888610839844e+03  -6.6972765339259340180433355271816253662109e+03  -3.6997524311954957738635130226612091064453e+03
-4.7222949073466006666421890258789062500000e+03  +1.1255103106415012916841078549623489379883e+03  +2.3957846743539059389149770140647888183594e+04
+3.3620466477187915188551414757966995239258e+03  +5.5948178480762931030767504125833511352539e+02  -1.5245915431051344057777896523475646972656e+03
+1.4478613594445589569659205153584480285645e+03  +9.9949674454643973149359226226806640625000e+03  -7.6847779875153164539369754493236541748047e+03
-1.1877254629873117664828896522521972656250e+04  -3.5131055013266482092149090021848678588867e+03  +5.8583041612187053033267147839069366455078e+03
+5.8733235138597274271887727081775665283203e+03  -9.9249111227126595622394233942031860351562e+03  +9.1362864006194831745233386754989624023438e+03
+2.8687130455027701827930286526679992675781e+04  -1.2476188318034161056857556104660034179688e+04  -1.1701845156826908350922167301177978515625e+04
+2.0733533751639097317820414900779724121094e+03  -1.3980084625949790279264561831951141357422e+04  +3.2212334736428920223261229693889617919922e+02
+1.4372814028021248304867185652256011962891e+04  +4.5753357221940477757016196846961975097656e+03  +2.8127899598528019851073622703552246093750e+04
-2.8263614742364425183041021227836608886719e+03  +1.5807379094356921996222808957099914550781e+04  -9.3872072613006694155046716332435607910156e+03
-6.8767049782698236981559603009372949600220e+01  -5.1815971542610359392710961401462554931641e+03  +2.0171547696092161459091585129499435424805e+03
-1.3939174853633201678348996210843324661255e+02  +4.3853064341378076278488151729106903076172e+03  +5.4685435061276848500710912048816680908203e+03
+1.0767839331015786683565238490700721740723e+03  -2.6988630038525190002474118955433368682861e+02  -7.2368230794974033415201120078563690185547e+02
-4.0896375490358095703413709998130798339844e+03  -1.1634929098980412163655273616313934326172e+04  +1.4696877704140385958453407511115074157715e+03
+1.6074321304061535556684248149394989013672e+04  +2.7980407639879529597237706184387207031250e+04  +3.2818895663473733293358236551284790039062e+04
+3.0473373995054157603590283542871475219727e+03  -9.0832376463817599869798868894577026367188e+03  +2.9608291863176295919402036815881729125977e+03
-1.5918895278963422242668457329273223876953e+04  -1.5601002396301141743606422096490859985352e+03  +2.0053462026544330001343041658401489257812e+03
+2.0600645154643721070897299796342849731445e+03  +4.9534731602187212047283537685871124267578e+03  -5.2665528840253537055104970932006835937500e+03
-4.1595162064845848362892866134643554687500e+04  -7.2786178928296940284781157970428466796875e+04  +1.4176812303579657964291982352733612060547e+04
-2.5440215819223362814227584749460220336914e+03  -3.5076640081125228789460379630327224731445e+03  +1.4853013068549610125046456232666969299316e+03
+3.4467125732156358708380139432847499847412e+02  +1.3377150175395640872011426836252212524414e+03  +2.6961658802066864382140920497477054595947e+02
-1.4153445351968355225835694000124931335449e+03  -1.4849182079661827629024628549814224243164e+03  -5.6111680466101688580238260328769683837891e+03
+4.2121116027676289377268403768539428710938e+03  -9.9293590302175198303302749991416931152344e+03  -1.8133525155710358944816107396036386489868e+01
-3.2532160212605871492996811866760253906250e+04  +1.3252579268349576523178257048130035400391e+04  +4.2403070598607977444771677255630493164062e+04
-4.4283253256892174249514937400817871093750e+04  -1.5447341215954045765101909637451171875000e+04  -2.0080239300051017198711633682250976562500e+05
-1.2630718128309945313958451151847839355469e+04  -1.6053387245592307408514898270368576049805e+03  -3.4024454979026108958350960165262222290039e+03
+1.1724375774311676650540903210639953613281e+04  +1.7839384517810576653573662042617797851562e+04  +2.7432667300579756556544452905654907226562e+04
+9.7402774006169478525407612323760986328125e+04  +7.5761942571674124337732791900634765625000e+04  +1.4779461907453545791213400661945343017578e+04
-4.1839325180667410677415318787097930908203e+03  +3.1685379286608201709896093234419822692871e+02  +1.1099636971573008850100450217723846435547e+04
+2.1126190811040833068545907735824584960938e+04  -2.5904715869997298796079121530055999755859e+03  +2.2579738464579550054622814059257507324219e+04
+5.3502158702893702866276726126670837402344e+03  +7.2049425893860789074096828699111938476562e+03  -2.4266286600542302039684727787971496582031e+04
+1.5857461752971587998217728454619646072388e+02  -1.6320008441232914265128783881664276123047e+04  +3.4218064211834594061656389385461807250977e+03
-5.2204124979084190272260457277297973632812e+02  -7.8422286611747483675571857020258903503418e+02  -9.7362851643416581737255910411477088928223e+02
-1.1959980369757065545854857191443443298340e+03  -5.4611121011210741471586516126990318298340e+02  -3.3333467391534427406440954655408859252930e+03
+8.8399636543574579263804480433464050292969e+03  +1.1753254137885778618510812520980834960938e+04  +3.9088091317629882723849732428789138793945e+03
-3.5043161884203382214764133095741271972656e+03  +3.1621725373352575161334243603050708770752e+02  -2.8893320679983421541692223399877548217773e+03
-5.1374001850385675425059162080287933349609e+03  -1.9585275789725470531266182661056518554688e+04  -5.9516182679764278873335570096969604492188e+03
+1.1037222716581331042107194662094116210938e+05  +8.2384227001099970948416739702224731445312e+03  -1.5853849073861715623934287577867507934570e+03
-2.0688621602445076860021799802780151367188e+04  +8.5603644780243703280575573444366455078125e+03  -6.7495560198919702088460326194763183593750e+04
+1.6188310398003969226010667625814676284790e+02  -2.3463979399078039023152086883783340454102e+03  +5.7088548819215357070788741111755371093750e+03
-4.4820128499674028716981410980224609375000e+03  -9.6739118775482420460321009159088134765625e+03  +2.7274408441690407926216721534729003906250e+04
-2.4265509196824814353021793067455291748047e+03  -7.6419999276964904311171267181634902954102e+02  +1.4869455518772708728647558018565177917480e+03
+1.1623301877439059808239107951521873474121e+03  -2.0026477659400597985950298607349395751953e+03  -1.0270899406984951838239794597029685974121e+03
-1.7262624032055255156592465937137603759766e+03  -5.1632765628270863089710474014282226562500e+02  -6.8510303279290980071891681291162967681885e+01
+3.2756516711031865270342677831649780273438e+04  +1.6545468029343362559302477166056632995605e+03  +2.7238519279423711850540712475776672363281e+04
+5.4163664209151342220138758420944213867188e+04  -2.4089859523119125697121489793062210083008e+03  +2.4456817929950964753516018390655517578125e+04
-1.1347479611936636501923203468322753906250e+04  +1.4864730074326910198578843846917152404785e+03  +1.1501485661768194404430687427520751953125e+04
-1.8746818017562763998284935951232910156250e+04  -1.9862532665084063773974776268005371093750e+05  +3.8712536080671743548009544610977172851562e+04
+4.4048874814563831023406237363815307617188e+04  -6.4539501319096771112526766955852508544922e+03  -4.8420756220990449946839362382888793945312e+04
-2.2055045408157288875372614711523056030273e+03  -3.0318532366426246881019324064254760742188e+04  -1.4472783355190764268627390265464782714844e+04
+3.9707389529806309838022571057081222534180e+03  +7.7971286002262304464238695800304412841797e+03  -9.6541238785253582932455174159258604049683e+01
-2.4080138893337982153752818703651428222656e+04  -6.4054663536859789019217714667320251464844e+02  -1.6862671838691872835624963045120239257812e+04
-6.1232726822746299149002879858016967773438e+03  +1.6121744404845308963558636605739593505859e+04  +5.5006099248099089891184121370315551757812e+04
-1.9437959610000150405539898201823234558105e+03  +3.8842003863190109314018627628684043884277e+02  +1.6026711728024836247641360387206077575684e+03
+5.8694187792617731247446499764919281005859e+02  +7.9667833235009629788692109286785125732422e+03  +1.3827997356180107090040110051631927490234e+04
+2.4539630852687932929256930947303771972656e+04  -1.5247650156219529890222474932670593261719e+04  -1.5551813968326810936559922993183135986328e+04
+8.1120867328701024234760552644729614257812e+03  +5.9425432305493050080258399248123168945312e+03  -1.2645596615750953787937760353088378906250e+04
-5.6973578555128528932982590049505233764648e+02  -7.3444162117279950052761705592274665832520e+02  +3.0295949434652047784766182303428649902344e+03
+9.1362549228981174564978573471307754516602e+02  +2.2583200491986735869431868195533752441406e+03  -9.0940007651647338207112625241279602050781e+03
+1.0322961158848225750261917710304260253906e+04  -2.1286884741605706949485465884208679199219e+04  +1.7844016477369626954896375536918640136719e+04
-1.7688091081048580235801637172698974609375e+04  +5.0540591513530225711292587220668792724609e+03  -8.6554532031418602855410426855087280273438e+02
+1.4196675729070695979316951707005500793457e+03  -1.0534522002883973982534371316432952880859e+04  -1.6938470692759237863356247544288635253906e+04
-7.7584071564955502253724262118339538574219e+03  -1.9466422451524689677171409130096435546875e+04  +7.7249466361640033937874250113964080810547e+03
+6.4549674946117079343821387737989425659180e+01  +3.7813327191589542053407058119773864746094e+02  +3.5603604974924678572278935462236404418945e+02
-6.2488685667162515713357606728095561265945e+00  -9.1565843516948390856668993365019559860229e+01  -3.7331180102382342056444031186401844024658e+02
+1.8216014391704434274288360029458999633789e+03  +2.3084294429334380538421100936830043792725e+02  +3.6899073829623591791460057720541954040527e+02
-1.6326492406989245864679105579853057861328e+04  +6.8287521394080773461610078811645507812500e+04  -4.5961928059334881254471838474273681640625e+04
-3.4724323414930660192112554796040058135986e+02  -1.0365486529339912067371187731623649597168e+03  -1.0219862395795857082703150808811187744141e+04
-2.6443957408115515136159956455230712890625e+04  -2.1868233720402949984418228268623352050781e+04  +3.6647380833786126459017395973205566406250e+04
-4.3522506906599670628565945662558078765869e+02  -1.6835584383717086893739178776741027832031e+04  +7.0459808016745437271310947835445404052734e+03
+5.9829277893153466720832511782646179199219e+03  -1.1002043723286433305474929511547088623047e+03  -4.3928009432651897441246546804904937744141e+03
+5.6309519371731630599242635071277618408203e+02  -1.5113686111859082302544265985488891601562e+04  -8.8426792220755178277613595128059387207031e+03
+1.9231582559523092186282156035304069519043e+03  +2.5438591351753275375813245773315429687500e+03  +2.5424583982294545421609655022621154785156e+04
+1.3771837142256159495445899665355682373047e+04  -9.7383617508968181937234476208686828613281e+03  +2.1313186834137472033035010099411010742188e+04
-4.3260115522970284018811071291565895080566e+02  +3.0955008807595230990727941389195621013641e+01  +1.8224741427988308259955374523997306823730e+03
+3.8819850914997073232370894402265548706055e+03  +9.8916303667957599827786907553672790527344e+03  -1.0623789659909203692222945392131805419922e+04
-2.3469463870184318921019439585506916046143e+02  +7.0952235739545230330804770346730947494507e+01  +3.7209784304170773339137667790055274963379e+02
+1.8576742804993857862427830696105957031250e+05  +1.3535154080805988633073866367340087890625e+05  -9.1783600964883022243157029151916503906250e+04
-2.9511649685691765625961124897003173828125e+04  -2.1458162938027140626218169927597045898438e+04  +9.9255041428679716773331165313720703125000e+04
-1.0124178552536672214046120643615722656250e+04  +3.2958887174178107670741155743598937988281e+03  -1.5653350781356721199699677526950836181641e+03
-3.8117924220142240301356650888919830322266e+03  -1.8487626163005956186680123209953308105469e+04  -8.9840519270262284408090636134147644042969e+03
-2.6986348514339755638502538204193115234375e+04  -9.9499789908630100399022921919822692871094e+03  -5.8242585127674476552783744409680366516113e+02
-7.1695764766332949875504709780216217041016e+03  +6.8692161858313847915269434452056884765625e+03  +4.2653235690841338509926572442054748535156e+03
+5.7251520796569411686505191028118133544922e+03  -5.6890820975546330373617820441722869873047e+03  +8.7659578810611546941800042986869812011719e+03
-3.2613406770170522577245719730854034423828e+03  -7.8688985014366835457622073590755462646484e+03  -2.1444452578620862368552479892969131469727e+03
-1.2103642353669196381815709173679351806641e+04  +8.5188658639051827776711434125900268554688e+03  -2.1010453943310535578348208218812942504883e+03
+5.7658661400727341970195993781089782714844e+03  +2.9992782606423670586082153022289276123047e+03  -1.4135967776196795966825447976589202880859e+04
+3.1834888113793149386765435338020324707031e+03  +2.3468891681837767464458011090755462646484e+03  +2.3790616140689317035139538347721099853516e+03
-6.5759035028073924422642448917031288146973e+02  +9.3780488727327747255912981927394866943359e+02  -5.0238060657438313683087471872568130493164e+02
+6.7024019750529942029970698058605194091797e+02  +2.9550547615423840852599823847413063049316e+02  +6.2110063904668356826732633635401725769043e+02
+2.5259329087152582360431551933288574218750e+04  +1.0798502572451225205441005527973175048828e+04  -1.8288989974293217528611421585083007812500e+04
+1.3513974214096439027343876659870147705078e+04  +2.9467059905580968916183337569236755371094e+04  -8.8667110287361470000178087502717971801758e+02
-2.0077550623094604816287755966186523437500e+04  +3.1170126493677416874561458826065063476562e+04  -4.3933898936788646096829324960708618164062e+04
-4.0948430264055650695809163153171539306641e+03  +7.7545761471109690319281071424484252929688e+03  -1.3234686606628760273451916873455047607422e+04
-3.9466945337809585907962173223495483398438e+04  -2.4049195824440820956624520476907491683960e+02  -1.7256033388435018423479050397872924804688e+04
+1.1135296493677091348217800259590148925781e+04  +1.6223921101928177449735812842845916748047e+04  +7.2073095547810866264626383781433105468750e+04
-3.2294405384049196072737686336040496826172e+03  +2.0984574222322244168026372790336608886719e+03  -7.3258408636361264143488369882106781005859e+02
-5.6597569277171214707777835428714752197266e+02  -2.3137329708681863849051296710968017578125e+03  -2.0828137136167692915478255599737167358398e+03
+1.0845660762065788730978965759277343750000e+04  +1.7910278267453268199460580945014953613281e+04  +1.3969311613966192453517578542232513427734e+04
+2.8455528235097935976227745413780212402344e+04  -1.0528962834158592158928513526916503906250e+04  +1.2575022202461295819375663995742797851562e+04
+7.5788882604145546793006360530853271484375e+04  +9.4735075785917899338528513908386230468750e+04  -4.8789857587905200489331036806106567382812e+04
+2.6304082033201002559508197009563446044922e+03  -2.4390440379215433495119214057922363281250e+04  -1.3189691016956559906248003244400024414062e+04
-3.0602487383873567523551173508167266845703e+03  -1.1046658118597069915267638862133026123047e+03  +1.9755186931299506341019878163933753967285e+03
+9.0506917452350044186459854245185852050781e+03  -2.0051398680127440456999465823173522949219e+04  -8.9937457666615646303398534655570983886719e+03
+1.3496235742863029827276477590203285217285e+03  +2.6234552539896230882732197642326354980469e+03  -6.2522558246597884590300964191555976867676e+02
-5.0598846328005623945500701665878295898438e+04  -3.7516651295841329556424170732498168945312e+04  -1.4811822981920611709938384592533111572266e+04
+1.8898172232701763277873396873474121093750e+04  -3.4088212352390070236651808954775333404541e+02  +2.9687960673712066636653617024421691894531e+04
-1.0110984788556740386411547660827636718750e+05  +2.8533739917641732608899474143981933593750e+05  -2.6282100735018488194327801465988159179688e+04
+2.4868791314776000945130363106727600097656e+04  -2.7188280108384500636020675301551818847656e+04  +1.0144716229971008942811749875545501708984e+04
-9.7048087234683243877952918410301208496094e+03  -6.6067337569195715332170948386192321777344e+03  +1.1417262607386928721098229289054870605469e+03
+1.1802594193174634710885584354400634765625e+04  -9.5181763151800056220963597297668457031250e+04  +4.0068304961047630058601498603820800781250e+04
+1.1694901874274908095685532316565513610840e+03  +5.5104359895464722285396419465541839599609e+03  +1.5954177389775079063838347792625427246094e+04
-1.0431057971820050624955911189317703247070e+03  +3.3781339738742058216303121298551559448242e+03  -1.4809132467989293218124657869338989257812e+03
-3.5352049036755117413122206926345825195312e+04  +5.6656346331945690053544240072369575500488e+02  +4.2742036671635127277113497257232666015625e+04
-1.4128365473468433265225030481815338134766e+04  +7.6435381440787102746980963274836540222168e+02  -4.6868847601566994853783398866653442382812e+03
-1.5443616218460021627834066748619079589844e+04  -1.3099590562433120794594287872314453125000e+04  +7.2873387513409879829850979149341583251953e+03
+2.2113784425721230945782735943794250488281e+04  +1.4756279915013926802203059196472167968750e+05  +1.1182612488900448079220950603485107421875e+05
-3.2687242023218213944346643984317779541016e+03  +3.7745590581151786864211317151784896850586e+03  -1.0121715158172775772982276976108551025391e+04
-1.3963583270758383605425478890538215637207e+03  +5.8678842222324310569092631340026855468750e+03  -2.3125190064690486906329169869422912597656e+04
-4.4721653443568920920370146632194519042969e+03  +5.3325501643869938561692833900451660156250e+02  +3.2098126330302858377763186581432819366455e+02
-2.9307755153329158929409459233283996582031e+04  -9.3124685558294720522098941728472709655762e+02  -4.1963835409939732926432043313980102539062e+04
+4.2996248959493867005221545696258544921875e+04  +4.5003232314989945734851062297821044921875e+04  +3.4729846820120139454957097768783569335938e+04
-1.1037655902941551175899803638458251953125e+04  -5.5210495331545398585149087011814117431641e+03  -4.6573215868540328301605768501758575439453e+03
+5.9691367393444932076818076893687248229980e+02  +2.1280462590546638239175081253051757812500e+04  +3.8729921976326736512419302016496658325195e+03
-9.9226568210109289793763309717178344726562e+03  +6.7170228196442054468207061290740966796875e+04  +5.5660509967851721739862114191055297851562e+04
-2.5857869736201402702135965228080749511719e+04  -2.3662257136934364098124206066131591796875e+04  +2.9730284945445768244098871946334838867188e+04
-1.9016080852754817897221073508262634277344e+04  +1.5181718450072177802212536334991455078125e+04  -6.3349652871256239450303837656974792480469e+03
-4.2672531410666351803229190409183502197266e+03  +3.8109979766095007107651326805353164672852e+03  -5.0949313336631066704285331070423126220703e+03
-3.1974838591094248840818181633949279785156e+03  +1.1112787367382820775674190372228622436523e+03  +1.2598060552304789325717138126492500305176e+03
+8.3533389547624701663153246045112609863281e+03  +6.0752485035832787616527639329433441162109e+03  +1.8530608864922254724660888314247131347656e+04
-1.8751457000769507430959492921829223632812e+04  -2.2181673644106431311229243874549865722656e+04  +5.5674812280982650918303988873958587646484e+03
+7.8058911174710170598700642585754394531250e+04  -1.2766876199922064188285730779170989990234e+04  +3.3050367725031544978264719247817993164062e+04
+2.5110215775532865336572285741567611694336e+03  +4.7025352777588057051616488024592399597168e+02  +4.0300789518062970273604150861501693725586e+03
-7.7892767746757129998513846658170223236084e+01  -6.7135448401112034844118170440196990966797e+03  +9.7006509256600145363336196169257164001465e+02
-1.1048341263128902483003912493586540222168e+03  -1.6954723889056608641112688928842544555664e+03  +8.3038405982693006990302819758653640747070e+02
-1.6725016592005609709303826093673706054688e+04  +1.7411176869339362838218221440911293029785e+03  +3.0501902076670435235428158193826675415039e+03
+3.6912466830466678402444813400506973266602e+03  -8.6016742189687993231927976012229919433594e+03  -3.6237790105204359861090779304504394531250e+04
-2.2590253320964913541502028238028287887573e+02  -4.9387889867195968918167636729776859283447e+02  -3.5747768531392955537739908322691917419434e+02
-9.3777019405894293413439299911260604858398e+01  -9.8329759947403132969157013576477766036987e+01  +3.4064980920289713139936793595552444458008e+01
-5.1182431588482910456150420941412448883057e+02  -3.0716329403005224776279646903276443481445e+03  -2.0485972474627101291844155639410018920898e+03
-2.0924667016984381916699931025505065917969e+04  +1.2969453110428556101396679878234863281250e+04  +1.0223582068425534089328721165657043457031e+04
-1.8639396515799221560882870107889175415039e+03  -3.0582808221709647114039398729801177978516e+03  -2.8898897696277540489973034709692001342773e+03
+7.2920888941923919901455519720911979675293e+01  +3.6805536070022775163579353829845786094666e+01  -4.4008737018973619115058681927621364593506e+01
+1.8530171954515568359056487679481506347656e+04  +8.5896050291212814045138657093048095703125e+03  -2.2723734897779915627324953675270080566406e+04
+7.6410978718170963475131429731845855712891e+03  +3.1104661158763633466151077300310134887695e+03  -1.1698977295098131435224786400794982910156e+04
+6.4858531077974121217266656458377838134766e+03  +7.9101713339694208571017952635884284973145e+02  -1.3491933910433831442787777632474899291992e+03
-1.2825535355878124391892924904823303222656e+04  +4.6693531699113864306127652525901794433594e+03  +6.2492875423688919909182004630565643310547e+03
+9.3769219174382919845811557024717330932617e+02  +2.9593893108976994881231803447008132934570e+03  +9.0184963378314569126814603805541992187500e+02
-9.7260267266858488710568053647875785827637e+02  -8.0643312951946927569224499166011810302734e+02  -1.0004459852254228735546348616480827331543e+02
-4.3609252968736768707458395510911941528320e+02  +5.5075404280474940605927258729934692382812e+03  -1.1482087485897125134215457364916801452637e+03
-3.1324765418098163536342326551675796508789e+03  -4.0488155974857954788603819906711578369141e+02  +5.2861043441000879283819813281297683715820e+02
+8.5255997498547992563544539734721183776855e+02  +4.7820410342368927558709401637315750122070e+02  +1.0429592436766886009991139871999621391296e+02
-4.9757781722468207590281963348388671875000e+03  -2.8084770065350007826054934412240982055664e+03  -1.8699678440963534740149043500423431396484e+03
-3.2990810877850217366358265280723571777344e+03  +4.9475007254886520968284457921981811523438e+04  +3.6536372262932352896314114332199096679688e+04
+3.2753335949118969438131898641586303710938e+04  -4.9669664580832322826609015464782714843750e+03  -1.8946563470458764641080051660537719726562e+04
+7.0707980955325683680712245404720306396484e+02  -5.2640800419818751834100112318992614746094e+03  -3.6045811346297632553614675998687744140625e+03
+5.2328744061609686468727886676788330078125e+03  +1.6923965659671753201109822839498519897461e+03  -5.5734316341281828499631956219673156738281e+03
-4.5316265465934529856895096600055694580078e+03  +8.1003611887782324174622772261500358581543e+02  -1.2022681022200581537617836147546768188477e+03
+3.9286141546599827734098653309047222137451e+02  -4.1321498767631510418141260743141174316406e+02  -4.9884170603287901712974417023360729217529e+02
-6.9145040241382147883086872752755880355835e+01  -2.0213391716316505153372418135404586791992e+02  -4.6551924514089768081248621456325054168701e+02
-1.0382226344139409775380045175552368164062e+04  +1.5140297893350514641497284173965454101562e+04  -7.0203415251756432553520426154136657714844e+03
+4.1332254706362218712456524372100830078125e+03  -2.1625432254303682384488638490438461303711e+03  -3.8593562210258402046747505664825439453125e+04
-2.9798483258837448374833911657333374023438e+04  -3.9440848175003711730823852121829986572266e+03  -3.8683881667380155704449862241744995117188e+04
+3.8746786586351219739299267530441284179688e+04  +2.6048998715018678922206163406372070312500e+04  -2.3157173005088034187792800366878509521484e+03
-1.5962946715443016728386282920837402343750e+04  +2.2937714386800056672655045986175537109375e+04  +9.2700599296863918425515294075012207031250e+04
-4.8483736960897767858114093542098999023438e+04  +2.7819919102924639446428045630455017089844e+04  -3.6140164643179850827436894178390502929688e+03
+1.0722019442904238530900329351425170898438e+03  -8.7382577448544579965528100728988647460938e+03  +2.5294213671841043833410367369651794433594e+04
-2.0002296828144926621462218463420867919922e+03  -8.8581986832600177876884117722511291503906e+03  -1.8896865813011220325279282405972480773926e+03
+6.5040836473766670678742229938507080078125e+04  -6.1950413744268087611999362707138061523438e+04  +1.0021352205921405402477830648422241210938e+05
+7.5782034009913991212670225650072097778320e+02  +3.3882370071389104850823059678077697753906e+03  +6.6564484436217653637868352234363555908203e+03
+5.6371711384552500021527521312236785888672e+03  +1.5433518280653786860057152807712554931641e+04  +1.3999846636238029532250948250293731689453e+04
+3.3543220387938257772475481033325195312500e+04  +1.6548860260950746123853605240583419799805e+03  -3.5749073307542770635336637496948242187500e+04
-3.6103680850678720162250101566314697265625e+04  -5.9409722264115654979832470417022705078125e+04  -2.7238032380782846303191035985946655273438e+04
+2.5939667133045702939853072166442871093750e+04  +1.1201033673555210407357662916183471679688e+05  +9.2580117114297274383716285228729248046875e+04
+3.4278654703206889280409086495637893676758e+03  -4.9620814633538147973013110458850860595703e+03  -1.1708635328918113373219966888427734375000e+04
+1.2333397699664990341261727735400199890137e+03  +7.4184556206936076705460436642169952392578e+03  -1.2800071097961090345052070915699005126953e+03
-2.0492729698074560928944265469908714294434e+02  -6.5515622196811648336733924224972724914551e+01  -7.1660760844812978120899060741066932678223e+02
+1.5189823948089071564027108252048492431641e+04  +1.3004381747943863956606946885585784912109e+04  -4.3505297324088760433369316160678863525391e+03
+2.3948771159792577236657962203025817871094e+03  +9.6596196445538836997002363204956054687500e+04  -1.1624082163212331943213939666748046875000e+05
+2.2787344559574921731837093830108642578125e+04  -3.2078884192329172947211191058158874511719e+04  -1.5505736302800406178903358522802591323853e+02
-2.6820716831779136555269360542297363281250e+03  +1.4474245677513677946990355849266052246094e+04  -2.1087234285411377641139551997184753417969e+03
-1.7154519858647439832566305994987487792969e+04  -9.0673208640228676813421770930290222167969e+03  -4.5964182650126649605226702988147735595703e+03
+1.2332936078092228854075074195861816406250e+04  +4.9756101459281053394079208374023437500000e+04  -3.4940173499049436941277235746383666992188e+04
+4.4778457885188945510890334844589233398438e+03  +8.2686913361225833796197548508644104003906e+03  +2.0239628544840281847427831962704658508301e+03
+1.0855475101267691570683382451534271240234e+04  +6.7605624894106176725472323596477508544922e+03  +1.1761769144867146223987219855189323425293e+03
-6.8248880262981847408809699118137359619141e+03  +5.7587011105460101134667638689279556274414e+02  -9.4670451023941459425259381532669067382812e+03
-2.3879445677894047150857659289613366127014e+01  -1.9918077880088583242468303069472312927246e+02  +1.3592480472620943032779905479401350021362e+02
-2.5633725407840361185662914067506790161133e+03  +1.0755114647472119031590409576892852783203e+04  +3.3418912186168181506218388676643371582031e+03
-1.0052616822692345976975047960877418518066e+03  +1.6494806981244422786403447389602661132812e+04  +1.5495632580552621220704168081283569335938e+04
+1.4172630897625447232712758705019950866699e+03  -6.8821953531686503993114456534385681152344e+03  -3.2480074444509737077169120311737060546875e+03
+1.7999983165006221952353371307253837585449e+03  +3.6457872904315390769625082612037658691406e+03  -2.2446268405583168714656494557857513427734e+03
+1.1036982413890882526175118982791900634766e+02  -3.4892894564323876238631783053278923034668e+02  +6.2041531598431829408468729525338858366013e+00
+1.5206951321590089719393290579319000244141e+04  -2.1146143266404214955400675535202026367188e+04  +6.9422464068833087367238476872444152832031e+03
+1.6128692233726720587583258748054504394531e+04  -4.3730058318549763498594984412193298339844e+03  +3.6169484544648339578998275101184844970703e+03
-7.2351099606983223111456027254462242126465e+02  +7.2513868401602871927025262266397476196289e+02  -1.4135367042861983009061077609658241271973e+03
-5.7287014916086765879299491643905639648438e+04  +7.3990157363580501623800955712795257568359e+03  +7.4150816257960041184560395777225494384766e+03
-1.2187380218979142227908596396446228027344e+04  +5.4590149509014208888402208685874938964844e+03  -7.9917519175111092408769764006137847900391e+03
+2.9312132255317064846167340874671936035156e+03  +6.7307082170164703711634501814842224121094e+03  +3.9308755933120755798881873488426208496094e+03
+7.7212325450608784649375593289732933044434e+02  +5.0269987065009388516045873984694480895996e+02  +7.7200773461454971879902586806565523147583e+01
+1.4004867169659484716248698532581329345703e+04  -3.5561990252369767404161393642425537109375e+04  -4.4286155884717991284560412168502807617188e+03
+5.0323797021105219755554571747779846191406e+03  -1.5750716747666803712490946054458618164062e+04  +8.7778482733766704768640920519828796386719e+03
-3.9463603329929433982670161640271544456482e+01  +1.4154939583149524651162209920585155487061e+02  +4.4867629849164096356162190204486250877380e+01
+4.5816222851774582522921264171600341796875e+04  -5.5701571056572420275188051164150238037109e+03  +2.2114417414675554027780890464782714843750e+04
+1.4417559025189571548253297805786132812500e+05  -6.4548229080212076951283961534500122070312e+04  -9.2577404148466186597943305969238281250000e+04
-1.5192032748811770943575538694858551025391e+03  +1.7462357156454276264412328600883483886719e+04  -1.9991959474305826006457209587097167968750e+04
-2.2937194507800133578712120652198791503906e+04  +2.1991689345655154284031596034765243530273e+03  +3.0808245514683170767966657876968383789062e+04
-2.9029262268870269281251239590346813201904e+02  -8.6576058362962203318602405488491058349609e+02  +5.5060555582485255854408023878931999206543e+02
+4.5046783283261471186875724015408195555210e-01  -4.5242224236045117891080735716968774795532e+01  -1.7931653986629379460282507352530956268311e+02
+5.7270157350471738027408719062805175781250e+04  -2.8505421699037565304024610668420791625977e+03  +4.0543324627369383961195126175880432128906e+03
+4.4192371574452437926083803176879882812500e+04  -9.3179922199135089613264426589012145996094e+03  +1.2862713661348498135339468717575073242188e+04
+2.6924492247725902416277676820755004882812e+04  +4.4848089299585608387133106589317321777344e+03  +2.1590290875099130062153562903404235839844e+04
+5.4137097492035618415684439241886138916016e+03  +2.5235153589523888513213023543357849121094e+04  -1.4412689529835106441169045865535736083984e+04
-2.7268110293488416573381982743740081787109e+03  +9.1279691788984528102446347475051879882812e+03  +4.7631308930845756549388170242309570312500e+04
+3.9077687405510667304042726755142211914062e+04  +1.3587152097399479316663928329944610595703e+04  -9.1336541542677405232097953557968139648438e+03
+2.9057191115103296397137455642223358154297e+03  -2.5970871994355347851524129509925842285156e+03  +8.3678828350934090849477797746658325195312e+03
-7.0112521376731101554469205439090728759766e+03  -4.1737513887776549381669610738754272460938e+04  -2.6498105340602720389142632484436035156250e+04
+1.6783011356437182257650420069694519042969e+03  -1.2445166211177827335632173344492912292480e+03  -8.6700890830903535970719531178474426269531e+03
+2.9146197810575322364456951618194580078125e+04  -1.4175990874361341411713510751724243164062e+04  -2.5970521689154760679230093955993652343750e+04
-6.8207396511550497962161898612976074218750e+04  +1.8408714550263044657185673713684082031250e+05  -1.4471184266464074607938528060913085937500e+05
+1.1801338237820377798925619572401046752930e+03  +1.0306848523013372869172599166631698608398e+03  +4.1195232797938308522134320810437202453613e+02
+5.3710230468066519904368760762736201286316e+01  -4.5213819525331086879305075854063034057617e+02  -2.1295601165498797513464523945003747940063e+02
-2.4592119915081908402498811483383178710938e+04  -2.8891287653957500879187136888504028320312e+04  +1.8276007741281573544256389141082763671875e+04
+1.3706931129135971787036396563053131103516e+04  +3.8470678074695184477604925632476806640625e+04  -8.2621913845408162160310894250869750976562e+03
+5.9741689486043760553002357482910156250000e+03  -8.2284695954738981527043506503105163574219e+03  +1.1334561535693523182999342679977416992188e+04
-4.8575799841900643514236435294151306152344e+03  -1.6595409714828629148541949689388275146484e+03  -3.5508901966638927660824265331029891967773e+03
+7.8584326597800636591273359954357147216797e+03  -1.5275414535113170131808146834373474121094e+04  +4.9414640118314218852901831269264221191406e+03
-1.5445801788098066026577726006507873535156e+04  -6.9323977396675718409824185073375701904297e+03  +1.8903231681731715070782229304313659667969e+04
+2.0484262266278143215458840131759643554688e+04  +3.2522780635794446425279602408409118652344e+04  +1.4127016018714657548116520047187805175781e+04
-1.5875015930602914886549115180969238281250e+05  +9.2383714353493778617121279239654541015625e+04  -9.4533105888769932789728045463562011718750e+04
+1.5596073082413636257115285843610763549805e+03  +1.4356595093747591818100772798061370849609e+03  +2.1575186345225006334658246487379074096680e+03
-2.4129372027402346247981768101453781127930e+03  +3.6137607060867573238738259533420205116272e+01  +6.1302165014560541749233379960060119628906e+03
+2.4614674176664442484252504073083400726318e+02  -1.5028213836621776522406435105949640274048e+02  +7.2603067133012655176571570336818695068359e+02
-1.5883224774026766112910991068929433822632e+02  +3.8767150917488135746680200099945068359375e+04  +2.1930240398740152159007266163825988769531e+04
+1.3306921682339987455634400248527526855469e+04  +1.3436153682074188964179484173655509948730e+03  +5.2105899873978924006223678588867187500000e+03
-1.4268811002962440397823229432106018066406e+04  -1.3190280806292657871381379663944244384766e+04  -1.4142151625104512277175672352313995361328e+04
-3.0046094350618918724649120122194290161133e+03  -1.8837698063596879364922642707824707031250e+04  -4.5350560487450729851843789219856262207031e+03
-6.3871161460947187151759862899780273437500e+03  +3.7111013619811037642648443579673767089844e+03  -4.4041217291347829814185388386249542236328e+03
+3.3726319331170452642254531383514404296875e+04  +2.8944947069691493197751697152853012084961e+03  +2.7364824758070924872299656271934509277344e+04
+2.2741982229133624059613794088363647460938e+04  -8.8933955299839835788588970899581909179688e+03  -2.1007728968866199465992394834756851196289e+03
+2.5646016111469980387482792139053344726562e+04  -6.5342685049802130379248410463333129882812e+04  +6.7690799118049137177877128124237060546875e+04
-3.6891571223015716896043159067630767822266e+02  -5.3496596729928978675161488354206085205078e+02  -6.8920781028011731450533261522650718688965e+02
+1.0684240704676715267851250246167182922363e+03  +7.4119703386937972027226351201534271240234e+03  -3.8758735827046634767611976712942123413086e+03
+3.9381643835607737855752930045127868652344e+03  +1.4047752430050359180313535034656524658203e+03  +4.6718314115651501197135075926780700683594e+03
+5.2633574754394125193357467651367187500000e+04  +4.3379981672899259137921035289764404296875e+04  +5.5808816518813000584486871957778930664062e+04
+1.1501049371901563063147477805614471435547e+03  +2.8888084440351769899280043318867683410645e+02  +1.9157498232137234026595251634716987609863e+03
+4.8312608399067590880804345943033695220947e+02  +2.1041194178612227005942258983850479125977e+03  -1.4859796738949994505674112588167190551758e+03
+1.3195361227362079716840526089072227478027e+03  -7.0533855027101685664092656224966049194336e+02  -1.6686495551510699897335143759846687316895e+03
+3.4289058411969614098779857158660888671875e+04  +2.3578652991422484774375334382057189941406e+04  -6.8559052735936219846735184546560049057007e+01
-1.1910813368867768531345063820481300354004e+03  +3.4653599839992195484228432178497314453125e+04  -4.5416704502958767989184707403182983398438e+04
+8.8791234953213461267296224832534790039062e+03  -7.4995177707316961459582671523094177246094e+03  +1.1829567983120026838150806725025177001953e+04
-1.9028387280279985134257003664970397949219e+03  +5.5138794629434562466485658660531044006348e+02  -4.9658766327216244462761096656322479248047e+03
-3.9083879206948813589406199753284454345703e+03  -5.6490454051520009670639410614967346191406e+02  +3.1529722939430735095811542123556137084961e+03
+5.0581860396733191009843721985816955566406e+03  -6.0495930628399701163289137184619903564453e+03  +1.5337055328995085801579989492893218994141e+04
-4.0630185542135790456086397171020507812500e+04  +7.0298725025590989389456808567047119140625e+04  +5.5802369738658962887711822986602783203125e+03
-9.9150047211648943630279973149299621582031e+03  +1.6615372163251337042311206459999084472656e+04  -2.9114169312718222499825060367584228515625e+03
-1.3700947050128064802265726029872894287109e+04  +1.8811779061786437523551285266876220703125e+04  -9.2227035828303469315869733691215515136719e+03
-9.2022834990955307148396968841552734375000e+03  -3.8349172261119980248622596263885498046875e+04  -1.0204990156000036222394555807113647460938e+04
+6.1267097528601098019862547516822814941406e+03  +1.2739926994572137118666432797908782958984e+04  +8.3841765377672381873708218336105346679688e+03
-1.4199133021905768146098125725984573364258e+03  -2.8047290937296661468280944973230361938477e+03  +2.9998469775718996288560447283089160919189e+02
+1.7034013113611950984704890288412570953369e+02  -9.5385999972212248394498601555824279785156e+03  -1.4235337254355827099061571061611175537109e+04
-4.8815015020900389686175913084298372268677e+01  -3.5565719176924652344951027771458029747009e+01  -2.4528152002260714681369790923781692981720e+01
-1.0988301678785768672241829335689544677734e+04  +4.7803762545044755825074389576911926269531e+03  +1.4627858245824932964751496911048889160156e+04
+3.4287360373404139863851014524698257446289e+03  +4.6199752647218738275114446878433227539062e+03  -4.8623465437084705627057701349258422851562e+03
-2.1935516207630714052356779575347900390625e+05  +2.2750716004236546723404899239540100097656e+04  -2.0664432036205538315698504447937011718750e+05
+1.2406382389065797724470030516386032104492e+03  +5.7125369837643347636912949383258819580078e+03  +3.4677567501756620913511142134666442871094e+03
+7.4686367073827968852128833532333374023438e+03  +8.4793964110636970872292295098304748535156e+03  -6.6990182670229451105115003883838653564453e+03
-1.3195460789813216251786798238754272460938e+04  -5.3186251818462769733741879463195800781250e+03  -2.4791600637881338116130791604518890380859e+03
+1.6502355468367164576193317770957946777344e+04  +1.4769577083415186280035413801670074462891e+04  +1.5504937210368676460348069667816162109375e+04
+5.1086355972456280142068862915039062500000e+04  +4.9789459629416029201820492744445800781250e+04  +7.1728548393026476333034224808216094970703e+03
+4.2476712131797357869800180196762084960938e+04  +4.6636822373679759039077907800674438476562e+04  +2.4211862816640019445912912487983703613281e+04
-9.7283490517691578133963048458099365234375e+04  -6.0836868180403085716534405946731567382812e+04  -4.6702390562327993393409997224807739257812e+04
-1.1864084844463701301719993352890014648438e+04  +1.8560532134639930745834135450422763824463e+02  +1.1204990809706734580686315894126892089844e+04
+1.9205591590995321894297376275062561035156e+04  +1.7688483664125313225667923688888549804688e+04  -4.1364321652499798801727592945098876953125e+04
-1.0937948748702756347483955323696136474609e+04  +6.2918519624806131105287931859493255615234e+03  +2.2181896130477740371134132146835327148438e+04
-1.9692925900484366138698533177375793457031e+04  -4.8810070127025901456363499164581298828125e+03  +1.4648041781262502354366006329655647277832e+03
+1.1319316966469550607143901288509368896484e+04  +1.5820365708353281661402434110641479492188e+04  +5.9705514790239635658508632332086563110352e+02
+8.5407990733653234201483428478240966796875e+04  -1.5264428752957910182885825634002685546875e+05  -1.6866786405982775613665580749511718750000e+05
-7.2778711289986522388062439858913421630859e+03  +1.0040091101409485418116673827171325683594e+04  +5.9615157528620079574466217309236526489258e+02
-1.1842815263014339507208205759525299072266e+04  -2.9787709850991301209433004260063171386719e+04  -2.7391561246680048498092219233512878417969e+03
-2.7933725462626927793508002650924026966095e+01  -2.5568371180519708474321305402554571628571e+01  +2.3788506537939753116006613709032535552979e+01
+7.3137837354312781826592981815338134765625e+04  +5.9969237852963669865857809782028198242188e+03  +3.2335233878486611502012237906455993652344e+04
-1.6992089497234092050348408520221710205078e+03  +2.4304315811744590973830781877040863037109e+03  +4.6313228291518692003592150285840034484863e+02
-1.9752623602144401957048103213310241699219e+04  -3.0129552880979081237455829977989196777344e+04  -3.9635778046850995451677590608596801757812e+04
-9.7861379018864754470996558666229248046875e+04  +5.1004664676254033111035823822021484375000e+04  -2.5359583914812587863707449287176132202148e+03
-2.4189781047710516759252641350030899047852e+03  +2.2577843847987892331730108708143234252930e+03  -1.3068548037803843726578634232282638549805e+03
+2.1864563695644174003973603248596191406250e+03  +7.0109854611956495773483766242861747741699e+02  -6.4068066726327674587082583457231521606445e+02
-1.5509747067356984828734312031883746385574e+01  +2.1634521897031572024161505396477878093719e+01  -5.3378111874337879072527357493527233600616e+00
+1.4950758051010734561714343726634979248047e+04  -5.3872229812649326049722731113433837890625e+04  +2.4088105278730868121783714741468429565430e+03
+1.4354378663057650555856525897979736328125e+03  +2.3783883391406843657023273408412933349609e+03  +1.6010228413583381552598439157009124755859e+03
+5.3583624605369759592576883733272552490234e+03  -1.6211958470166298411641037091612815856934e+03  -8.1910020023532606501248665153980255126953e+03
-9.6496676163450990770797943696379661560059e+02  -4.1159504541131627775030210614204406738281e+03  +8.3109478949146546256088186055421829223633e+02
+1.9027530959175212501577334478497505187988e+03  +1.3154693290773240732960402965545654296875e+04  -5.8825146254209803373669274151325225830078e+03
+4.4667938109365049967891536653041839599609e+03  -1.3838736827811071634641848504543304443359e+04  +5.6580715159433493681717664003372192382812e+03
-6.0818037694880993512924760580062866210938e+04  -5.4257423823121462191920727491378784179688e+04  +2.1975025417141248908592388033866882324219e+04
-3.2219073558965952486232708906754851341248e+01  -2.5148173604206689901729987468570470809937e+01  -4.0206750366792674000748775142710655927658e+00
-5.4392743211228926156763918697834014892578e+03  -2.3185229260549094760790467262268066406250e+03  +2.0940831679915099812205880880355834960938e+03
+3.2828813040785297516777063719928264617920e+02  -1.6477182803896855034508917015045881271362e+02  -3.2079804474147010751039488241076469421387e+02
+1.4731147085666994098573923110961914062500e+05  +1.8343433971445840143132954835891723632812e+04  +1.8005591451447045983513817191123962402344e+04
-3.8842873788769393286202102899551391601562e+04  +4.9232282266918766254093497991561889648438e+04  +1.9624756015833369019674137234687805175781e+04
+2.7477865523895583464764058589935302734375e+04  +1.6543653248499234905466437339782714843750e+04  -1.8278946808001132012577727437019348144531e+04
+8.5100080298965474412398179993033409118652e+02  +8.2041818096213589228682394605129957199097e+01  -2.5667594959867674333509057760238647460938e+03
+2.2689025599820190848276979522779583930969e+01  -4.5892442076585531651744531700387597084045e+01  +8.1566705984755003555619623512029647827148e+00
+5.5068378155206191877368837594985961914062e+03  -2.8053946984831312875030562281608581542969e+04  +9.2210704015072733454871922731399536132812e+03
+7.1631039478240347762039164081215858459473e+02  +2.4578837405644244427094236016273498535156e+03  +2.6382835778215794562129303812980651855469e+03
+1.9291823209740962283831322565674781799316e+03  -5.3396778997028582125494722276926040649414e+02  -6.7080397595934655328164808452129364013672e+03
-1.5579946305111891433625714853405952453613e+03  +4.1850074907474354404257610440254211425781e+03  +6.9110702627319564594898793075117282569408e-01
-3.2127901466231054655509069561958312988281e+04  -1.0579658139711948751937597990036010742188e+05  -4.0173043341380092897452414035797119140625e+04
-2.6455934456656041220412589609622955322266e+03  -5.6471991770089043711777776479721069335938e+03  +4.2625819609056779881939291954040527343750e+03
+6.0663472036701612523756921291351318359375e+04  -2.4751000890993262146366760134696960449219e+04  -4.4995917173664958681911230087280273437500e+04
-3.0618305806960956942930351942777633666992e+03  -1.6899123466573141740809660404920578002930e+03  -2.0807883025350333809910807758569717407227e+03
-2.1067116211371021563536487519741058349609e+03  -1.0434619019608551752753555774688720703125e+04  +1.4289866908084024544223211705684661865234e+04
+3.4880538781844920777075458317995071411133e+03  -3.0436229175038083667459432035684585571289e+03  -3.1736945113430274432175792753696441650391e+03
-3.2800670640258869389072060585021972656250e+05  +5.5486687498693680390715599060058593750000e+05  -4.3357529011803684988990426063537597656250e+05
-1.8601914131806656951084733009338378906250e+05  -9.5974320950550187262706458568572998046875e+04  +3.5842743630677308829035609960556030273438e+04
-2.6935706193362188969331327825784683227539e+03  -6.0686737374459196871612221002578735351562e+04  -3.1374491525227087549865245819091796875000e+04
+1.7032091638894315110519528388977050781250e+04  +7.2545148648838130611693486571311950683594e+03  -2.7631711113385567841760348528623580932617e+03
-2.1348513234605401521548628807067871093750e+04  +6.6648321782852162868948653340339660644531e+03  -1.7027405583533345634350553154945373535156e+04
-2.8489994762770115812600124627351760864258e+03  -2.0440553491537905301811406388878822326660e+03  -5.9045772762216847695526666939258575439453e+02
+5.5803506532105850055813789367675781250000e+04  -1.2296027606402847595745697617530822753906e+04  -1.1446598815690334959072060883045196533203e+04
+8.8975676564473942562472075223922729492188e+03  +3.1753968701829908241052180528640747070312e+03  +3.5800142547099408147914800792932510375977e+03
-2.6388739398756393939038389362394809722900e+02  -2.6475493833386237383820116519927978515625e+04  +5.8675640689159954490605741739273071289062e+03
-4.5836330868105324043426662683486938476562e+03  -6.4504587509619909724278841167688369750977e+01  +1.2317464104462619616242591291666030883789e+03
-4.1679522769805853386060334742069244384766e+03  -4.4627184480024470758507959544658660888672e+03  +4.3415915545171594658313551917672157287598e+02
+1.0912010239503975753905251622200012207031e+04  -2.9515204269109824963379651308059692382812e+04  -5.7173465153492197714513167738914489746094e+03
-2.6510145012608782053575851023197174072266e+03  -7.6982098196821198143879882991313934326172e+03  +9.2016331475400056660873815417289733886719e+03
-1.2943906473978619033005088567733764648438e+04  -1.1041169635882615693844854831695556640625e+04  +1.1069930756228233803994953632354736328125e+04
+1.8852158966011910479210200719535350799561e+02  +9.8439115413165854988619685173034667968750e+03  +2.1122906407156984641915187239646911621094e+04
+7.0636775962092542613390833139419555664062e+03  +2.4882740706197102554142475128173828125000e+04  +7.5935137491139312260202132165431976318359e+03
+2.6901776869612716836854815483093261718750e+04  +3.4495169245791686989832669496536254882812e+04  -1.2201178158792548856581561267375946044922e+04
-1.1556435331105512887006625533103942871094e+04  +1.1285416686249870963365538045763969421387e+03  -2.0518129914198634651256725192070007324219e+03
-6.4930092804983723908662796020507812500000e+04  -4.8982383529442546432619565166532993316650e+02  -4.8548168350003645173273980617523193359375e+04
+1.2630687132866751198889687657356262207031e+03  +2.1842748349446692373021505773067474365234e+03  +4.0621140587666277497191913425922393798828e+03
+1.6346194012136252240452449768781661987305e+03  -7.0155456003065019103814847767353057861328e+03  -2.6790609325985988107277080416679382324219e+03
+1.5079440151556007913313806056976318359375e+05  -1.4459990291799764963798224925994873046875e+05  +1.6097904764762075501494109630584716796875e+05
-2.9657806062089271392778755398467183113098e+01  +4.6298356479621526204937254078686237335205e+02  +8.4860232221471105731325224041938781738281e+03
-3.2840448754905619352939538657665252685547e+03  +1.4296260064387338388769421726465225219727e+03  -4.6020016931582067627459764480590820312500e+03
+8.7927878495534660032717511057853698730469e+03  -1.8841982493072529905475676059722900390625e+04  -1.9282809681875496607972308993339538574219e+04
+3.7663674927082656722632236778736114501953e+03  +9.3929272113332845037803053855895996093750e+03  +1.9510146083162514969444600865244865417480e+03
-1.6621122663493708841997431591153144836426e+03  +3.2025834070977900410071015357971191406250e+04  +1.4854877599355652364465640857815742492676e+03
-8.7604572860836779000237584114074707031250e+04  -2.0347954094434404396452009677886962890625e+05  -2.2042135330712958239018917083740234375000e+05
+7.9332673591021930405986495316028594970703e+03  -4.3697184137635131264687515795230865478516e+03  +7.2899695017900276070577092468738555908203e+03
-1.8901044275129668221779866144061088562012e+03  -2.1377519500608332236879505217075347900391e+03  +1.1790574732955356012098491191864013671875e+04
+3.0603141024801720959658268839120864868164e+02  -9.0544495794093218137277290225028991699219e+03  +1.6831676810746037517674267292022705078125e+04
+2.2596267936578657099744305014610290527344e+04  +4.0824297641421577509390772320330142974854e+02  +3.2358401791864947881549596786499023437500e+04
+4.3632231984139916676213033497333526611328e+03  -9.6014647744282610801747068762779235839844e+03  +1.5021302382648043931112624704837799072266e+04
-5.5358197936119804580812342464923858642578e+03  -1.4103533219618338989675976336002349853516e+03  -2.4621902456342366349417716264724731445312e+04
-8.9372665537255415983963757753372192382812e+03  +9.1153124769260048196883872151374816894531e+03  -8.1320521230116446531610563397407531738281e+03
-8.5256904043988231478579109534621238708496e+02  -9.6640016639252996810682816430926322937012e+02  +8.7419415384311764682934153825044631958008e+02
+8.5535532914414925471646711230278015136719e+03  -2.7671197655248474802647251635789871215820e+03  +8.5436709871437014953698962926864624023438e+03
+1.4837093358656848067766986787319183349609e+03  -2.2053609148903848335976363159716129302979e+02  -1.5217077462464483232906786724925041198730e+03
-1.2872719987828818375419359654188156127930e+03  -1.1507847293519687355001224204897880554199e+03  +4.6662785336120987267349846661090850830078e+03
-8.2370212136375275946420515538193285465240e+00  +1.1662197960408708752311213174834847450256e+02  +3.6202235761855985174406669102609157562256e+02
-6.2154265818082049008808098733425140380859e+03  -5.6540349264514343303744681179523468017578e+03  +2.2305200588655416140682063996791839599609e+03
+1.1962322367175158433383330702781677246094e+04  +4.5360843397328189894324168562889099121094e+03  -6.2099332366874696162994951009750366210938e+03
-5.8519743790531556442147120833396911621094e+03  +1.9098888056164203135267598554491996765137e+03  -2.0417121175287902588024735450744628906250e+03
-6.0807160080370886134915053844451904296875e+03  -7.0238175780834542820230126380920410156250e+04  -2.1679993327156680607004091143608093261719e+04
+6.4645159689279244048520922660827636718750e+03  -6.7838792012592039100127294659614562988281e+03  -1.1344547745344805207423632964491844177246e+03
+1.4524169394138012648909352719783782958984e+04  +4.1371062395006010774523019790649414062500e+03  -8.7531436918016570416511967778205871582031e+03
+1.4680670948100137138681020587682723999023e+03  -1.0794006323648807210702216252684593200684e+03  -5.5933845668887606734642758965492248535156e+03
+4.0039339879416743315232452005147933959961e+03  +1.5508398487997528718551620841026306152344e+04  -8.7589113964413245412288233637809753417969e+03
+2.8309895881509895843919366598129272460938e+04  -6.2921724908217678603250533342361450195312e+04  -4.1497821251280940487049520015716552734375e+04
+1.6388820785689120384631678462028503417969e+04  -5.2826058074924862012267112731933593750000e+04  -3.1142866040018037892878055572509765625000e+04
+5.4968170506756337090337183326482772827148e+01  -4.8999776372866159363184124231338500976562e+04  +2.5382904655582992745621595531702041625977e+03
+2.1741580248367176864121574908494949340820e+03  -1.3905326376676033760304562747478485107422e+04  +3.1848581117073215864365920424461364746094e+04
+4.4350804253217656878405250608921051025391e+03  -4.2437159889200784164131619036197662353516e+03  +5.7619394938188270316459238529205322265625e+03
+1.5082910875794587468590179923921823501587e+02  +1.7534814003680828591313911601901054382324e+03  +5.5200226865143372378952335566282272338867e+02
-1.6062708533022550909663550555706024169922e+03  -7.8785535482140801377681782469153404235840e+02  +3.6274122598325702711008489131927490234375e+03
-2.2324846358024883556936401873826980590820e+03  -1.2289458573756250189035199582576751708984e+04  +9.8870574009950796607881784439086914062500e+03
-9.8439072064574458636343479156494140625000e+04  -7.6239275050806099898181855678558349609375e+04  -2.4030130643274256726726889610290527343750e+04
-4.6280119622026113574975170195102691650391e+03  +5.4493725163088902263552881777286529541016e+03  -9.1367611613830868009245023131370544433594e+03
-5.3838848201068634807597845792770385742188e+04  -6.3004887847970378061290830373764038085938e+04  +2.1749766555409819375199731439352035522461e+03
+1.0432026386688947241054847836494445800781e+04  +3.8008881968777008296456187963485717773438e+04  -2.0799682499324298987630754709243774414062e+03
-7.6526224237254598392610205337405204772949e+02  +6.0479547631604941670957487076520919799805e+02  -1.8830792677949568769690813496708869934082e+02
+8.1839402373930406611179932951927185058594e+03  +7.9961304166162517503835260868072509765625e+02  +2.2353659365044823061907663941383361816406e+04
+2.3934211255109912599436938762664794921875e+04  -3.6944528523218245936732273548841476440430e+03  +9.3965356352180042449617758393287658691406e+03
+9.2706095160364711773581802845001220703125e+03  -1.0989246413359314828994683921337127685547e+04  -1.9312684633368116919882595539093017578125e+03
+1.3370884146938542471616528928279876708984e+04  -1.0591665014850854277028702199459075927734e+04  -3.1232096345744930658838711678981781005859e+03
-4.8639786781410402909386903047561645507812e+03  +1.1539745137965388494194485247135162353516e+04  +3.9487506625072924180130939930677413940430e+03
-3.6569390522101595706772059202194213867188e+04  +1.9827011511734795931261032819747924804688e+04  -2.6836483893723398068686947226524353027344e+04
-5.0514188709352529258467257022857666015625e+04  +7.4009119497287072590552270412445068359375e+04  -6.8523856133123597828671336174011230468750e+04
+2.2145940238024380164461035747081041336060e+01  +2.4959655943818702326097991317510604858398e+03  +2.3897889345493908876960631459951400756836e+03
+8.0729790311110230049962410703301429748535e+02  -2.0694592416946657067455817013978958129883e+03  +3.9574629179455273515486624091863632202148e+03
+2.2379096076206227735383436083793640136719e+04  -2.1892188204675039742141962051391601562500e+03  -3.3704870026459546352270990610122680664062e+04
-1.2883844913266377261606976389884948730469e+04  -7.3846188642152783359051682054996490478516e+03  -9.5208838120096679631387814879417419433594e+03
-1.6634641733929965994320809841156005859375e+03  +2.5915303584182292979676276445388793945312e+03  +6.8745639933920820112689398229122161865234e+03
-9.2256142427713584766024723649024963378906e+03  -5.3801437189464354560186620801687240600586e+02  +4.8287840787778168305521830916404724121094e+03
-4.1816906576101588143501430749893188476562e+04  +2.5792985593845914991106837987899780273438e+04  -6.6616064472306621610186994075775146484375e+04
+8.8781279782507817799341864883899688720703e+02  +8.9009238713533318332338239997625350952148e+02  -1.2016088906789314023626502603292465209961e+03
+5.2843374807362451974768191576004028320312e+04  -4.4000294152380251034628599882125854492188e+04  -1.8449809032099903561174869537353515625000e+04
+8.3021839018994105572346597909927368164062e+03  -7.5053132487974517061957158148288726806641e+03  -4.2044878640584756794851273298263549804688e+03
+4.2039076423077040089992806315422058105469e+03  -6.8484000466215366031974554061889648437500e+02  -1.2506291828710500340093858540058135986328e+04
-4.6649384534197808534372597932815551757812e+04  -5.0471474146186410507652908563613891601562e+04  +5.6192996484324321500025689601898193359375e+03
+1.6681582225066624232567846775054931640625e+04  -1.2262490412971965270116925239562988281250e+04  -4.5318567850298968551214784383773803710938e+03
-2.0994676953337992017623037099838256835938e+04  -2.3028649942358156295085791498422622680664e+03  +1.2635577556735774123808369040489196777344e+04
-1.1673171707011455146130174398422241210938e+05  +2.3012332260733286966569721698760986328125e+05  -9.7543630202587286476045846939086914062500e+04
+1.6730022785489138641423778608441352844238e+03  +3.0308876857344517929959692992269992828369e+02  -5.9854334514683750967378728091716766357422e+02
+2.7605083653194265025376807898283004760742e+02  +2.0228932609633616266364697366952896118164e+03  -9.0687735563330988952657207846641540527344e+02
-4.5206427081051597269834019243717193603516e+03  -2.2914320722344173191231675446033477783203e+03  -6.4974416075877397815929725766181945800781e+03
+8.9654487097583823924651369452476501464844e+03  +9.7643105241379762446740642189979553222656e+03  +4.8396563549770617100875824689865112304688e+03
+2.3552049315084564113931264728307723999023e+03  -8.7548628265046536398585885763168334960938e+03  -2.5149271382738170359516516327857971191406e+04
-1.1645897450854085946048144251108169555664e+03  -9.6987427984119096890935907140374183654785e+02  +8.8243789796375244804949034005403518676758e+02
+7.9485623362830092446529306471347808837891e+03  +2.5578737339230076031526550650596618652344e+04  +5.1162637113811961171450093388557434082031e+03
+7.6159274124708804265537764877080917358398e+02  +8.3472729497443353352537087630480527877808e+01  -8.9827511496646116029296535998582839965820e+02
+1.4768037792578354583383770659565925598145e+02  +2.0140856749539725711883875192143023014069e+01  -2.8843548395631540159911310183815658092499e+01
-1.5641867932380703223316231742501258850098e+03  -1.0092844307536382757461979053914546966553e+03  -1.7176498092502881718246499076485633850098e+03
-1.6992245530755826621316373348236083984375e+03  -1.9084683311024713475489988923072814941406e+04  +1.1110036230949415767099708318710327148438e+04
-8.1144979209961238666437566280364990234375e+03  -1.3147256629074836382642388343811035156250e+03  -4.0636173586972504381265025585889816284180e+03
+5.8319216631402114217053167521953582763672e+03  -9.9849447359840269200503826141357421875000e+03  +3.4939139916501903826429042965173721313477e+03
+1.8493683705749090222525410354137420654297e+03  -6.0697237599916370527353137731552124023438e+03  +1.3715289022266374558967072516679763793945e+03
-3.2794419768829873646609485149383544921875e+04  -1.0625058013294158445205539464950561523438e+05  -1.7242675779000093461945652961730957031250e+05
-4.5739042352328524430049583315849304199219e+03  +2.4835393541079886858824465889483690261841e+02  -7.1953455544413318420993164181709289550781e+03
+7.0964048088366462252452038228511810302734e+03  +1.9708785640106918435776606202125549316406e+04  -1.7947820378391759732039645314216613769531e+04
+1.9560719100900269040721468627452850341797e+03  +2.8531720824795161206566262990236282348633e+03  -9.3026363244379062962252646684646606445312e+03
-1.6792855679732292628614231944084167480469e+04  -1.2287203028920157521497458219528198242188e+04  +4.1933971005649422295391559600830078125000e+04
+8.9624334420436262007569894194602966308594e+03  -5.7128464818652437315904535353183746337891e+03  -1.9317444420027135493000969290733337402344e+04
-1.3854195988048971344142046291381120681763e+02  +2.7278610606030827057111309841275215148926e+02  -3.4871150512406297821144107729196548461914e+03
+1.0795998881268018521950580179691314697266e+04  +5.3344962304589334962656721472740173339844e+03  -2.1706759217269667715299874544143676757812e+04
-1.6821824422353624868264887481927871704102e+03  +2.8803221297448904806515201926231384277344e+04  -1.1685831151262433195370249450206756591797e+04
+5.6425581817179704557929653674364089965820e+02  +2.3368548716043193280711420811712741851807e+01  +1.7779596094291309782420285046100616455078e+03
-3.3345119837253773766860831528902053833008e+03  +8.9686172925985752954147756099700927734375e+04  +1.0313228149270953144878149032592773437500e+05
+1.0140419558679141118773259222507476806641e+04  -2.3103457387822727469028905034065246582031e+03  -6.7403435684160853270441293716430664062500e+04
+1.0375389795275840151589363813400268554688e+05  -5.5251931454362384101841598749160766601562e+04  -9.2239316513832091004587709903717041015625e+04
+2.4493642620105171226896345615386962890625e+05  +5.0898025841595845122355967760086059570312e+03  +1.2387318497004202799871563911437988281250e+05
-2.7762344024899894066038541495800018310547e+03  -1.8163992344199748913524672389030456542969e+04  -2.5804634332416608231142163276672363281250e+04
-2.8502586747579612165282014757394790649414e+03  -4.1676436859713212470524013042449951171875e+03  +4.2072323733794173676869831979274749755859e+03
+1.3853404896750711486674845218658447265625e+04  +3.3353927120091007054725196212530136108398e+03  +5.0935215096362207987112924456596374511719e+03
+3.1982720954130595600872766226530075073242e+03  -6.1711498959629989258246496319770812988281e+03  -5.8056295993134326636209152638912200927734e+03
-6.1978001076611963071627542376518249511719e+03  +1.8351513256902578632434597238898277282715e+03  -7.3207982886125209915917366743087768554688e+03
-5.2830561798376584192737936973571777343750e+03  -1.4384595431499266851460561156272888183594e+04  +9.0734639499454060569405555725097656250000e+03
-1.2869771819408219016622751951217651367188e+04  -6.0368566220775369401962962001562118530273e+02  -7.3619408529346510476898401975631713867188e+03
+3.0494132229973265566513873636722564697266e+03  +9.4292974696192050032550469040870666503906e+03  +1.2873993866647062986885430291295051574707e+03
+5.2779062770059817921719513833522796630859e+03  +3.8242836174479161854833364486694335937500e+03  -6.0850499770536889627692289650440216064453e+03
+1.8244423767964653961826115846633911132812e+04  -3.8225439116195484530180692672729492187500e+03  -4.8575224458971824788022786378860473632812e+03
-1.6187225792955941869877278804779052734375e+04  +3.4867881032003686414100229740142822265625e+04  +1.6424387755776679114205762743949890136719e+04
-1.6080169144581261662096949294209480285645e+03  +1.1355973290127001291693886741995811462402e+03  -6.0509668680065369699150323867797851562500e+03
+9.5145895727357201394625008106231689453125e+03  +3.1733005783860371593618765473365783691406e+04  -3.0278382982409573742188513278961181640625e+04
-3.9981632663537355256266891956329345703125e+04  -2.4002026340536054340191185474395751953125e+05  +2.6015113625238111126236617565155029296875e+05
-1.6219127918912683526286855340003967285156e+04  -8.0401410032090634558699093759059906005859e+03  +1.7035137375374015391571447253227233886719e+04
+1.6859567107495924574322998523712158203125e+05  -6.9094221437578089535236358642578125000000e+04  +2.4288252848680604074615985155105590820312e+04
-9.5218937088005186524242162704467773437500e+03  -2.1765763711192295886576175689697265625000e+04  +1.1581748314317981567000970244407653808594e+04
-5.8731960590580827556550502777099609375000e+04  -1.7618179035276934882858768105506896972656e+04  +8.2735338978671439690515398979187011718750e+04
-5.1348040088377829306409694254398345947266e+03  +1.7313818094251239472214365378022193908691e+03  -2.8619125084876279288437217473983764648438e+04
+7.2151549233033802011050283908843994140625e+04  +8.4956153843668871559202671051025390625000e+04  +3.4372293809419975150376558303833007812500e+05
-4.5760463866082445747451856732368469238281e+03  -1.5219343764718527381774038076400756835938e+04  -1.2382737286133628003881312906742095947266e+04
+3.2045622483183393569561303593218326568604e+02  +2.6937058491927780323749175295233726501465e+02  +1.1884579431986953750310931354761123657227e+03
-2.2773890498641076192143373191356658935547e+03  +1.6365134713640187328564934432506561279297e+04  -2.3562677406762786631588824093341827392578e+03
-2.3701285490752838086336851119995117187500e+04  -7.4782416382852488823118619620800018310547e+03  +9.9321867583033072151010856032371520996094e+03
+1.9553653928415137670526746660470962524414e+03  -7.5184158921338175787241198122501373291016e+03  +6.1071537462836804479593411087989807128906e+03
-1.0558729880107313874759711325168609619141e+04  +3.3376636028108296159189194440841674804688e+04  -1.1327678618479596480028703808784484863281e+04
+1.1758598803446475358214229345321655273438e+04  -1.4095903414118261935072951018810272216797e+04  -2.9675110554486764158355072140693664550781e+04
+3.0254328219550047833763528615236282348633e+03  +1.0134180664475565208704210817813873291016e+04  +1.1693472359040547416952904313802719116211e+03
+3.5606324174545125060831196606159210205078e+03  -7.5501028525818866910412907600402832031250e+04  -2.5292185814065520389704033732414245605469e+04
-2.7718923268858584378904197365045547485352e+03  -1.1364393607433578381460392847657203674316e+03  -1.7884440934305661357939243316650390625000e+04
-2.4983596154079950792947784066200256347656e+04  -4.0636581059615135018248111009597778320312e+04  -1.3939905073822299527819268405437469482422e+04
+6.6671283099542124546132981777191162109375e+03  -6.4597597896519673668080940842628479003906e+03  +3.9053422789964038202015217393636703491211e+03
+1.9186901822983334568561986088752746582031e+04  -3.2175214193688636441947892308235168457031e+04  -1.5621471041830394824501127004623413085938e+04
+7.5593866701700900279092820710502564907074e+00  -5.1146096431464108889031194848939776420593e+01  +7.6369324506912974470651533920317888259888e+00
+4.4553802988083486980031011626124382019043e+02  +6.1198301952221970623213564977049827575684e+02  +3.1115724517936968140929820947349071502686e+02
-2.7995676469344621182244736701250076293945e+03  -1.0364981413216686632949858903884887695312e+04  -8.3015672142331277427729219198226928710938e+03
-2.6343989685515384735481347888708114624023e+03  +1.5829654450966329477523686364293098449707e+03  +5.0179934841835183760849758982658386230469e+03
+3.0431923551871386735001578927040100097656e+04  +1.8759732456126028409926220774650573730469e+04  +1.6832116668847225810168310999870300292969e+04
+1.7092447669814907840191153809428215026855e+03  -5.5200952944989858224289491772651672363281e+03  +2.5923128663275924736808519810438156127930e+03
+3.3129291033528857042256277054548263549805e+03  -1.3346108840462952684902120381593704223633e+03  -7.2846566259432875085622072219848632812500e+03
-1.4323295270507045643171295523643493652344e+04  -1.3696516205450221605133265256881713867188e+04  +7.0703791860325480229221284389495849609375e+04
+1.1360248876913094591145636513829231262207e+03  +5.5313701680786361976061016321182250976562e+03  +9.2543608430833668165860217413865029811859e+00
+5.6667344429315977322403341531753540039062e+04  +3.8261219738566767773590981960296630859375e+04  +1.3013999802823518621153198182582855224609e+04
-1.1779266515288332811906002461910247802734e+04  +1.8003616856722674128832295536994934082031e+04  -1.3391994403934586443938314914703369140625e+04
-9.7882872757731183810392394661903381347656e+03  +6.7938918547707668039947748184204101562500e+04  -9.6149821063194249290972948074340820312500e+03
-2.2142825811509446793934330344200134277344e+03  +6.5821991570713216788135468959808349609375e+03  -3.0216949125463788732304237782955169677734e+03
+2.5096886538197013578610494732856750488281e+03  -9.4794315105582027172204107046127319335938e+03  -4.8388422146651337243383750319480895996094e+03
+4.7872767819923404886139906011521816253662e+02  +3.1709077990070579744497081264853477478027e+02  -4.4286067297609676529646094422787427902222e+01
-1.1059114941923537116963416337966918945312e+04  -2.6811788294675561701296828687191009521484e+03  -1.3609368136237548242206685245037078857422e+04
+6.3234729113790608607814647257328033447266e+03  -2.4819706002119141885486897081136703491211e+03  +8.1465941856964354883530177175998687744141e+02
-1.3164128424422347961808554828166961669922e+04  +1.1375155791501749718008795753121376037598e+03  +2.0066613860443756038876017555594444274902e+03
+2.2795569378492796204227488487958908081055e+03  +6.9196266757277135184267535805702209472656e+03  +3.0634901814911627297988161444664001464844e+03
+2.2605701878599622432375326752662658691406e+04  -4.3484115228445982211269438266754150390625e+04  +2.1556305660284164332551881670951843261719e+04
+2.9723658634730982157634571194648742675781e+03  -7.1489104741149576511816121637821197509766e+03  -1.5706353916171133278112392872571945190430e+03
-2.3781935306543215119745582342147827148438e+04  +6.1832115751110504788812249898910522460938e+03  +2.9355349790038257197011262178421020507812e+04
-6.0130911086251771848765201866626739501953e+03  +1.1683337156933185951857012696564197540283e+02  +1.4576385342770685383584350347518920898438e+04
-2.0140279955324990623921621590852737426758e+02  -1.0366357162729296760517172515392303466797e+04  +2.2801293209840343479299917817115783691406e+04
-3.5416696401193225938186515122652053833008e+03  +1.8636374861273408896522596478462219238281e+04  +3.7424209679678235261235386133193969726562e+04
-1.6930078221472613222431391477584838867188e+04  +1.6018482948790468071820214390754699707031e+04  +5.0066305765837816579733043909072875976562e+04
+1.7461659321819748583948239684104919433594e+04  -1.8045957071569817344425246119499206542969e+04  -3.6660800058014341630041599273681640625000e+04
-2.4495130576327264861902222037315368652344e+04  +1.3273788892146654688986018300056457519531e+04  -3.2476808785537132280296646058559417724609e+03
+4.2162325282789579432574100792407989501953e+03  -1.5546635426159464259399101138114929199219e+03  -1.6141113236567821331846062093973159790039e+03
-1.9490011704003150953212752938270568847656e+04  -1.2432815982595775494701229035854339599609e+03  -8.9540412461728283233242109417915344238281e+03
+1.4885428459806986211333423852920532226562e+04  -6.3345616281003030962892808020114898681641e+03  -1.5367800884330337794381193816661834716797e+04
-8.7262101288455465692095458507537841796875e+04  +8.1045436396111181238666176795959472656250e+04  +1.5420320554076012922450900077819824218750e+05
+7.4673826366434277588268741965293884277344e+03  +1.2304725870759037206880748271942138671875e+04  -5.0497983662393035046989098191261291503906e+03
+2.6223679592997691543132532387971878051758e+03  -1.1436463910765320179052650928497314453125e+04  -3.7452246526100839218997862190008163452148e+03
+9.3201214479658265190664678812026977539062e+03  +3.3743665238299996644855127669870853424072e+01  -2.0910548506569972232682630419731140136719e+04
+1.8304246383340548618434695526957511901855e+03  -4.1658497170681373972911387681961059570312e+04  -3.3139270899670817016158252954483032226562e+04
-4.7843294590096331376116722822189331054688e+04  +7.2054842169875380932353436946868896484375e+04  +5.4684128443198453169316053390502929687500e+04
+1.3064573557499594244291074573993682861328e+04  -1.1504277458732315153611125424504280090332e+03  +5.8312480801638639604789204895496368408203e+03
-1.4501434357057582928973715752363204956055e+03  +6.3212887770297193128499202430248260498047e+03  -1.2483449467312297201715409755706787109375e+04
+5.0237219744882240775041282176971435546875e+03  -8.9112569950935467204544693231582641601562e+03  -5.3650904198115704275551252067089080810547e+03
+1.3555204422442859595321351662278175354004e+03  -8.4505467045211171353003010153770446777344e+03  -5.2429977980193198163760825991630554199219e+03
-1.7671807816510279280919348821043968200684e+03  +3.9830441699653315481555182486772537231445e+03  +9.0001684886598086450248956680297851562500e+03
+6.3727931347672131323633948341012001037598e+02  +1.0580344020959928457159548997879028320312e+03  +1.2793413323657091495988424867391586303711e+03
+2.0037358081930058688158169388771057128906e+04  +2.7817684769968027467257343232631683349609e+03  -6.1344383259884680228424258530139923095703e+03
+1.6673627019636936893220990896224975585938e+04  +8.7480371578875910927308723330497741699219e+03  -8.4069204300185151623736601322889328002930e+02
-1.1188673241640981359523721039295196533203e+04  -4.1964618244316279742633923888206481933594e+03  +1.5025742122901014226954430341720581054688e+04
-5.6950452101432871131692081689834594726562e+04  -6.5047208153870138630736619234085083007812e+04  -2.5358889098046580329537391662597656250000e+04
+1.4002446165998229844262823462486267089844e+04  +3.3638428220746805891394615173339843750000e+04  +4.8451944994159512134501710534095764160156e+03
-5.2873287887987009980861330404877662658691e+02  +5.3563361014281133520853472873568534851074e+02  +3.9652194513558761173044331371784210205078e+03
-1.0683146303256929968483746051788330078125e+04  +4.8096408895086960910703055560588836669922e+03  -2.8364758239124545070808380842208862304688e+04
-1.1512713004412269583554007112979888916016e+04  +3.9038068082063296060368884354829788208008e+03  +5.3482577923633862155838869512081146240234e+03
-4.3297120202350733961793594062328338623047e+03  +8.6351489707818691385909914970397949218750e+03  -5.4110014356576830323319882154464721679688e+03
-1.0701993377534085084334947168827056884766e+04  -2.0776494004554930143058300018310546875000e+04  -1.8499248860084167972672730684280395507812e+04
-2.3189799984217352175619453191757202148438e+04  +1.3359857322852726611017715185880661010742e+03  -1.0556732084387326722207944840192794799805e+03
-1.1137738912503118626773357391357421875000e+03  -7.9731302998950841356418095529079437255859e+03  +7.9629771111444888447294943034648895263672e+03
+3.3174645653753742635672097094357013702393e+02  -1.1367781839921772188972681760787963867188e+03  -1.4572783091405294726428110152482986450195e+03
+5.0507253076559436522074975073337554931641e+02  +9.7430325431456276419339701533317565917969e+03  -8.3282000133823876240057870745658874511719e+03
+6.6989126100472535796370721072889864444733e+00  +2.9821584064852066831008414737880229949951e+02  -6.7690670439874722319473221432417631149292e+01
+5.2551741282217278694588458165526390075684e+01  +1.5996734259487317419967666864977218210697e+00  -1.6147321729739863371833052951842546463013e+02
-4.5246173703434869821649044752120971679688e+03  -9.1361488034979356598341837525367736816406e+03  +6.6133230735830338744563050568103790283203e+03
+1.1134041489705266940291039645671844482422e+04  -4.0682199326571258097828831523656845092773e+03  -1.3487625878405122421099804341793060302734e+04
+7.8484557872030336511670611798763275146484e+03  +1.3309977756191747744196618441492319107056e+02  -1.0690202194128300106967799365520477294922e+04
+1.5738268583651179142179898917675018310547e+04  -4.2027969014363070527906529605388641357422e+03  -3.8161875085808649600949138402938842773438e+04
-1.2263078695851237398528610356152057647705e+02  +1.2724037893140105381917237536981701850891e+02  -3.5219252549100140470272890524938702583313e+01
+2.3481974248116771377681288868188858032227e+03  +8.5770459987893918878398835659027099609375e+03  -5.7396024221399147791089490056037902832031e+03
+1.0148133711037758985185064375400543212891e+04  -5.0690400170430793878040276467800140380859e+03  +3.4150412618822956574149429798126220703125e+03
+3.0603886155264633998740464448928833007812e+04  -8.9776600246382931800326332449913024902344e+03  -1.3638977178147076756431488320231437683105e+03
+1.3281622111560028861276805400848388671875e+05  -2.3904672364903928246349096298217773437500e+05  +5.2391075876125520153436809778213500976562e+04
+9.2347931801170401740819215774536132812500e+04  +1.3812708079082757467404007911682128906250e+05  -1.5405223091049774666316807270050048828125e+05
+7.9800176975028148262936156243085861206055e+02  +1.8447667213981976601644419133663177490234e+03  +3.0842261734341273040627129375934600830078e+03
+1.7967376186319099360844120383262634277344e+04  -1.4063623728943384776357561349868774414062e+04  +1.7951618782700763404136523604393005371094e+04
+1.1570413207778040032280841842293739318848e+03  -8.7228897863276361022144556045532226562500e+03  +6.9528531492955971771152690052986145019531e+03
+3.1335539561423800478223711252212524414062e+04  -3.6719038972221205767709761857986450195312e+04  -2.5371175208587643282953649759292602539062e+04
+1.3094245059409843815956264734268188476562e+05  +2.7230927551339598721824586391448974609375e+04  +3.7276486247542306955438107252120971679688e+04
-2.8852600871392066750331650837324559688568e+01  -9.9425600666245850334235001355409622192383e+02  -1.1427999992894403476384468376636505126953e+04
-1.5391143307009364434634335339069366455078e+04  -4.2561250864616004037088714540004730224609e+03  +1.6594254770882140292087569832801818847656e+04
-3.1182108318571026757126674056053161621094e+04  -2.8580085463823492318624630570411682128906e+04  +3.4998308761615176081249956041574478149414e+03
-2.4817821113143156253499910235404968261719e+04  +2.9752473886152365594170987606048583984375e+04  +3.5164240391517472744453698396682739257812e+04
-6.7122186475468733988236635923385620117188e+03  -4.6223735158938579843379557132720947265625e+03  -9.8597386841053105399623746052384376525879e+02
-7.5130922025675613440398592501878738403320e+02  +4.0473664722716114283684873953461647033691e+02  +2.7515378272014288540958659723401069641113e+02
+2.3207292536867327726213261485099792480469e+04  -3.3272190793287145424983464181423187255859e+03  +1.6598826939665425015846267342567443847656e+04
+1.8808536303379554738057777285575866699219e+04  -5.5216302031804643775103613734245300292969e+03  +2.2964325955266005621524527668952941894531e+04
+5.2093591735626341687748208642005920410156e+02  -3.6371515946199991731191403232514858245850e+02  -6.4691486456496545542904641479253768920898e+02
-5.1873253165621237712912261486053466796875e+04  +3.3442492076684706262312829494476318359375e+04  +3.9091350917695483076386153697967529296875e+04
-2.6062542017047935587470419704914093017578e+03  +6.3648721468596818340301979333162307739258e+02  +4.1219701392015967940096743404865264892578e+03
+3.1053252240355202957289293408393859863281e+04  -3.1504082183201186126098036766052246093750e+04  -2.5233264953797326597850769758224487304688e+04
+1.4971609090637106419308111071586608886719e+04  -6.8466087864147863001562654972076416015625e+04  +2.5448747265981284726876765489578247070312e+04
+2.5208471189375319227110594511032104492188e+04  +2.6275185342675936408340930938720703125000e+05  -1.5840870574615430086851119995117187500000e+06
-8.8291632314929825952276587486267089843750e+04  -1.4533916584294353378936648368835449218750e+05  +1.4322431660747792921029031276702880859375e+05
-3.3821343749891440211285953409969806671143e+02  -8.7571062886347624498739605769515037536621e+02  -2.6321419195664083190422388724982738494873e+02
+3.3543718099729439927614293992519378662109e+03  -1.3399600664165793659776682034134864807129e+03  -1.0051674843369566588080488145351409912109e+04
+2.6844098506671239192655775696039199829102e+03  -9.9096815172353453817777335643768310546875e+03  +3.6657963460370251596032176166772842407227e+03
+4.0110005765889945905655622482299804687500e+03  -6.4193152394790886319242417812347412109375e+03  +3.3912262680861385888420045375823974609375e+04
+2.4971654370497653872007504105567932128906e+04  +6.9393191832624843300436623394489288330078e+03  +4.3429217143027046404313296079635620117188e+04
-7.9647004403189985168864950537681579589844e+03  +1.7680123705379675811855122447013854980469e+04  +1.5883341309177618313697166740894317626953e+04
+1.4824970676452765474095940589904785156250e+04  -8.7711637646767194382846355438232421875000e+03  +1.7109062547230353175109485164284706115723e+03
+3.5435595915742942452197894454002380371094e+03  +2.3117437315089846379123628139495849609375e+03  +3.9638092570110256929183378815650939941406e+03
+6.4471043027191313740331679582595825195312e+04  +6.1387056843384189050993882119655609130859e+03  -4.0223323117898857162799686193466186523438e+04
-2.0331335693300090497359633445739746093750e+04  -6.4689235625255987542914226651191711425781e+03  +2.3833145319890127211692743003368377685547e+03
+3.8293534652656562684569507837295532226562e+04  -2.0515096568094042595475912094116210937500e+04  +1.7876680885256057081278413534164428710938e+04
-1.4887949471689746587799163535237312316895e+03  +1.3459433076303315829136408865451812744141e+04  +1.6351575926873001662897877395153045654297e+04
+1.6524010903856262189037806820124387741089e+02  -1.0435046847920453728875145316123962402344e+04  -6.0772628867110788632999174296855926513672e+03
+1.9989539384599262120900675654411315917969e+04  -1.3467349889654409707873128354549407958984e+04  -1.1236850571903019044839311391115188598633e+03
+4.7352769323733831697609275579452514648438e+04  +1.6773290451566292176721617579460144042969e+04  +3.3647959981514686660375446081161499023438e+04
-3.9659928446634385181823745369911193847656e+03  +9.3256550043345996527932584285736083984375e+03  +3.3751151076101809849205892533063888549805e+03
-7.8617979570811057783430442214012145996094e+03  -1.1536672449506670091068372130393981933594e+04  -1.4197270658138002545456402003765106201172e+04
-6.5799118585900050675263628363609313964844e+03  -1.9298672543144075461896136403083801269531e+04  +3.0847796689323880855226889252662658691406e+04
-4.4581119933178179053356871008872985839844e+03  -1.1337633257106430392013862729072570800781e+04  -6.3790993468768474485841579735279083251953e+03
+1.1487863888355886956560425460338592529297e+04  -1.5660848547206767761963419616222381591797e+04  -1.1918470247353290687897242605686187744141e+04
+3.5462940071405105300073046237230300903320e+03  +7.6167053869233336627075914293527603149414e+02  -7.6239263328302031368366442620754241943359e+03
-1.5245238321653825551038607954978942871094e+04  +2.9470026964312273776158690452575683593750e+04  -5.6054053708354822447290644049644470214844e+03
+4.8544170190489785454701632261276245117188e+03  +4.0955896257477488688891753554344177246094e+03  -6.6697727568008976959390565752983093261719e+03
-1.1097678988934869437343877507373690605164e+02  -6.0336981464519408291380386799573898315430e+02  +1.1637416897132734447950497269630432128906e+03
+1.1374298639177159202517941594123840332031e+04  -1.5528347989687474182574078440666198730469e+04  -5.5698103419762937846826389431953430175781e+03
-2.9126837730591645231470465660095214843750e+05  -9.3942480554558336734771728515625000000000e+05  -4.9607521737894241232424974441528320312500e+05
-2.6323987856489986825181404128670692443848e+02  -5.9529388964634163130540400743484497070312e+03  -6.4717111276554533105809241533279418945312e+03
+2.2065840471753263045684434473514556884766e+03  +2.2508470892024703061906620860099792480469e+04  +1.0562313596252059141988866031169891357422e+04
-2.1725330832279931200901046395301818847656e+04  -1.1364814387524527774075977504253387451172e+04  +2.2117950226724133244715631008148193359375e+03
-6.1630669550561788128106854856014251708984e+03  -9.7779450625830031640361994504928588867188e+03  -1.9948716586907030432485044002532958984375e+04
+1.1660300894365940621355548501014709472656e+04  +1.1680742399011584348045289516448974609375e+05  -6.0997996628231994691304862499237060546875e+04
-1.5937409073344906573765911161899566650391e+04  +2.4489964405154669293551705777645111083984e+03  +5.5099361371599088670336641371250152587891e+03
-8.7185149062314212642377242445945739746094e+03  -1.9815051161534065613523125648498535156250e+03  +7.1937048512725077671348117291927337646484e+03
-8.0349205625863771729200379922986030578613e+02  -1.3727185023562262813356937840580940246582e+03  +5.3141747063296716078184545040130615234375e+03
+2.1806042401654700370272621512413024902344e+04  -2.0248079904490288754459470510482788085938e+04  -2.5633312428925696622172836214303970336914e+03
-5.4391260158563181903446093201637268066406e+02  +2.9431093917851731021073646843433380126953e+03  +6.5252897868098625622224062681198120117188e+02
-1.4373480823100211637211032211780548095703e+04  +6.0521285819498862110776826739311218261719e+03  -1.2483769533782500730012543499469757080078e+04
-1.3304745920542161911725997924804687500000e+04  -4.6496733909851036514737643301486968994141e+03  -3.2468456437848166387993842363357543945312e+04
-6.1689989072264670539880171418190002441406e+03  +2.8470951136680828312819357961416244506836e+03  -3.5514548774379722999583464115858078002930e+03
+5.4585868329990975325927138328552246093750e+04  +6.7298432674111696542240679264068603515625e+04  +3.2373945946878378890687599778175354003906e+04
+4.3348080563033290673047304153442382812500e+04  +5.9001388275846820761216804385185241699219e+03  +3.3804278974519147595856338739395141601562e+04
-2.4916733649826496730383951216936111450195e+03  +2.9440744438367630664288299158215522766113e+01  +1.3213706969829436275176703929901123046875e+03
-4.7052779892076301621273159980773925781250e+04  +7.9488014607576347771100699901580810546875e+04  -2.6262887138984744524350389838218688964844e+04
+1.1491267567874627275159582495689392089844e+04  +6.1940091972974369127769023180007934570312e+03  +3.5092457645773989497683942317962646484375e+04
-1.7965580998572288535797270014882087707520e+03  +3.7197396710475868530920706689357757568359e+02  -9.8066009147625482000876218080520629882812e+02
-3.4088734747663879716128576546907424926758e+03  +2.9027588413234370818827301263809204101562e+03  -7.1990217036793546867556869983673095703125e+03
-1.6762019942331837228266522288322448730469e+04  +6.8908169145146785012912005186080932617188e+03  -8.1606526104119939191150479018688201904297e+03
+1.4578267793652621548972092568874359130859e+03  -7.9123535477340174111304804682731628417969e+03  -6.4428847493189223314402624964714050292969e+03
-1.6970354390971388056641444563865661621094e+03  +5.0811238509721675882246927358210086822510e+02  -1.1933037926401750610239105299115180969238e+03
-7.6181165376690260018222033977508544921875e+03  -1.5327475763569846094469539821147918701172e+04  -3.1401883709732210263609886169433593750000e+03
+1.4648794208304648236662615090608596801758e+03  -1.3368008885442493465234292671084403991699e+03  +2.1185463253874841029755771160125732421875e+03
-9.4221354870522427518153563141822814941406e+03  -1.2531997815566352073801681399345397949219e+04  -9.9055767280542102071194676682353019714355e+02
-2.4915467120532830449519678950309753417969e+03  +2.2567631349827268422814086079597473144531e+04  +1.1291335343246128104510717093944549560547e+04
-1.2712533016466304616187699139118194580078e+04  +3.2186746410934396408265456557273864746094e+04  +8.2742819643286682548932731151580810546875e+04
+1.3889965341712168083176948130130767822266e+04  -8.5969664186874506413005292415618896484375e+04  +6.6130223759261105442419648170471191406250e+04
+9.7690583094756748323561623692512512207031e+03  +1.0311689059027314215200021862983703613281e+04  -1.6474002908905326592048368183895945549011e+01
-8.0220277717733588360715657472610473632812e+03  -1.1266324329096731162280775606632232666016e+04  +2.7067120585226107323251198977231979370117e+03
-1.2251763091613927372236503288149833679199e+03  -6.0261352579995891574071720242500305175781e+03  +3.3868583070167801452043931931257247924805e+03
+6.3633049829709880214068107306957244873047e+03  -9.6950352037400734843686223030090332031250e+03  +7.7121703714421050790406297892332077026367e+02
+1.0651622613999479654012247920036315917969e+03  -2.8926949363102989991602953523397445678711e+03  +3.8910624459376313097891397774219512939453e+03
+8.1390210140269664407242089509963989257812e+03  -5.2279447336789580731419846415519714355469e+03  +2.6286272012972590346180368214845657348633e+03
-2.5617012297054827740794280543923377990723e+02  +2.1408472796201085230904936906881630420685e+01  -3.2919437022458453157014446333050727844238e+02
+2.2431236853911504149436950683593750000000e+06  +2.3698224637917079962790012359619140625000e+06  -1.2777244391309022903442382812500000000000e+06
+8.5010563281811264459975063800811767578125e+03  -3.4954939081790544150862842798233032226562e+04  +2.1039620592454382858704775571823120117188e+04
+3.4086863810093193023931235074996948242188e+04  -1.6829692582884597413794836029410362243652e+03  +4.7023458716391178313642740249633789062500e+04
+9.2439823748302605963544920086860656738281e+03  -5.2057944525074499324546195566654205322266e+03  -1.3221997198221285998442908748984336853027e+03
+7.2048434842180295163416303694248199462891e+03  +1.5523322316541472901008091866970062255859e+04  -1.1506488996567668436910025775432586669922e+04
+1.8951013097440263663884252309799194335938e+04  +6.0270577509961585747078061103820800781250e+03  +2.9895199241114198230206966400146484375000e+04
+1.3464296346320265001850202679634094238281e+04  +4.7643795801563743452788912691175937652588e+02  -2.4190965169911185512319207191467285156250e+04
-5.5581972392216912339790724217891693115234e+03  +6.0747664184508505513804266229271888732910e+02  -4.7352034852950100685120560228824615478516e+03
-1.3375505988363722281064838171005249023438e+04  -4.6697363296334726328495889902114868164062e+04  -1.3010257424829076626338064670562744140625e+04
+1.9351409813079946616198867559432983398438e+04  +3.9844903345202072523534297943115234375000e+05  -2.0728492947356012882664799690246582031250e+05
-1.3193980161407789637451060116291046142578e+04  +7.9811393787803144732606597244739532470703e+03  +9.9208790029471201705746352672576904296875e+03
+8.9789159680892553296871483325958251953125e+03  +7.9358884615869692424894310534000396728516e+03  +3.8191466561513193482824135571718215942383e+03
-6.4370822127743282180745154619216918945312e+04  -4.1301882013302325503900647163391113281250e+04  -1.1081453686414194817189127206802368164062e+05
-1.3447891476236864036764018237590789794922e+04  +1.8362072719436662737280130386352539062500e+04  +7.4241262852288600697647780179977416992188e+03
-1.3516421801701082586077973246574401855469e+04  -3.8495327828385787142906337976455688476562e+04  -2.9004589831637326824420597404241561889648e+03
+7.4000142017700491123832762241363525390625e+04  +4.7055254113300477911252528429031372070312e+04  +4.6852676006840680202003568410873413085938e+04
-5.5979806885532940214034169912338256835938e+04  -1.2864419627651610426255501806735992431641e+04  +4.2831354126711165008600801229476928710938e+04
-9.4606772138491924124537035822868347167969e+03  +7.5360342810335087051498703658580780029297e+03  -1.0740856093672908173175528645515441894531e+04
+8.1611403593100467332988046109676361083984e+03  -1.3744162496777034903061576187610626220703e+04  -9.9255717438265847363254579249769449234009e+01
+1.1441287865133429590969171840697526931763e+02  +4.5019194848577689072044449858367443084717e+02  -1.9449657324851596484904803219251334667206e+01
+3.8478758946769535214116331189870834350586e+03  -8.7555677531144647218752652406692504882812e+03  +1.7125443663050442410167306661605834960938e+04
-6.9562076676053686696832301095128059387207e+02  -1.1922952009736466152389766648411750793457e+03  -7.0246864166754463099096028599888086318970e+01
-3.9030123149134354321176942903548479080200e+01  -2.3026870246497283005737699568271636962891e+03  +1.3139828465868056355247972533106803894043e+03
-1.8887236427095845670010021422058343887329e+02  +1.5807274232164806448963645379990339279175e+02  -2.8562705854361496449200785718858242034912e+01
-4.2636654334722685177894163643941283226013e+01  -1.6742931897303019468381535261869430541992e+03  +7.2179952375397931518818950280547142028809e+01
+2.8932603204282353544840589165687561035156e+04  -1.9495442177753804571693763136863708496094e+04  +1.4429760311860347883339272812008857727051e+03
-9.1122217468234077841771068051457405090332e+02  +4.6227291407226874753177980892360210418701e+02  +4.6420841148778172282618470489978790283203e+03
+9.5354949731104659349512076005339622497559e+02  +7.7892687608633477793773636221885681152344e+03  +2.8012987554338252493835170753300189971924e+02
-6.5710552449826564043178223073482513427734e+03  +1.5703034204731447971425950527191162109375e+04  -3.4906405833878801786340773105621337890625e+04
+1.6070608374332956373109482228755950927734e+04  +6.4437289380601134325843304395675659179688e+04  +1.1074931228768158689490519464015960693359e+04
-7.3339885136197972315130755305290222167969e+03  +1.2890421412511714152060449123382568359375e+04  +8.9460715058744262933032587170600891113281e+03
+1.6845228810818202873633708804845809936523e+03  -4.3551329408944675378734245896339416503906e+03  -1.3323574154178319076891057193279266357422e+04
+4.0003116178459927141375374048948287963867e+03  -1.4557569212022295687347650527954101562500e+04  -2.0903861976425934699364006519317626953125e+04
+8.4561599961975389305735006928443908691406e+03  +2.8837357266693002202373463660478591918945e+03  -1.4923448264527496576192788779735565185547e+03
+1.4156463631474773592344718053936958312988e+03  +6.9484451711386291208327747881412506103516e+03  -9.7817537347916259022895246744155883789062e+03
+1.0278679772428356955060735344886779785156e+04  +6.4762778923244304678519256412982940673828e+03  -2.4252025314085931313456967473030090332031e+03
+6.3189040996243547851918265223503112792969e+03  -1.7165617439978894253727048635482788085938e+04  +1.7592729091968849388649687170982360839844e+04
-1.2129667664580324526468757539987564086914e+02  -2.5474864015875681388934026472270488739014e+02  +7.4468319616205471689340811280999332666397e+00
-4.5580451309037644023192115128040313720703e+03  -4.4501096140075324001372791826725006103516e+03  -2.5539143658657380910881329327821731567383e+03
-1.7945008499660748384485486894845962524414e+03  -5.8372113584176177027984522283077239990234e+03  -2.1389014315480212644615676254034042358398e+03
-1.8607002711179844482103362679481506347656e+04  -2.3082621900198450020980089902877807617188e+04  +2.8332211428356436954345554113388061523438e+04
-1.7008608622134797769831493496894836425781e+04  -3.9596844204762182926060631871223449707031e+03  -1.0942087722978380043059587478637695312500e+04
+2.2388602338339649577392265200614929199219e+04  +6.6430550467720320284570334479212760925293e+02  -1.2075100357045484997797757387161254882812e+04
+1.9018137424624710547504946589469909667969e+04  -1.0537251889827034574409481137990951538086e+03  +7.2599201444971413366147316992282867431641e+03
+1.4389714817513306570617714896798133850098e+03  +1.2481658552152002812363207340240478515625e+04  +4.7980444434030587217421270906925201416016e+03
+1.5074917278468867607443826273083686828613e+03  +2.0316141086344614450354129076004028320312e+03  -7.0917314858652089242241345345973968505859e+03
+2.8114917529986670706421136856079101562500e+05  +9.2780933731665578670799732208251953125000e+05  +4.6729994199859170475974678993225097656250e+05
+3.1382852986067127858405001461505889892578e+03  -5.1156186563246837977203540503978729248047e+03  +8.5294489047808037867071107029914855957031e+03
+1.0882329388835938516422174870967864990234e+04  +5.6017864034540516513516195118427276611328e+03  +1.9714773074394248396856710314750671386719e+04
-9.8854495696879894239827990531921386718750e+03  +3.5801392043280333155053085647523403167725e+02  +1.9980956276932411128655076026916503906250e+04
-3.5367239190362006411305628716945648193359e+03  +1.7082480760919508611550554633140563964844e+04  +7.4780011909505647054174914956092834472656e+03
+4.1500913801065717052551917731761932373047e+03  -1.7239424976199588854797184467315673828125e+03  -1.8830540672590370832040207460522651672363e+03
-3.5873064091997862306016031652688980102539e+03  +3.3065971119385499150666873902082443237305e+03  +6.9457141587665296356135513633489608764648e+02
+1.9561557931611339881783351302146911621094e+04  +1.4132177666207487618521554395556449890137e+03  +4.7341974393065828508042613975703716278076e+02
-1.1596471705801530333701521158218383789062e+05  -4.6262056782906562148127704858779907226562e+04  -7.7384522761886604712344706058502197265625e+04
-2.3232531949324370543763507157564163208008e+03  +3.7078477182602382526965811848640441894531e+03  -2.5115689489166725252289324998855590820312e+03
+4.4391669219305640581296756863594055175781e+03  +4.8373836995194706105394288897514343261719e+03  +5.9594912457561977134901098906993865966797e+03
+1.8356986175543920580821577459573745727539e+03  -1.4973329735115048606530763208866119384766e+04  -3.1298370279875466621888335794210433959961e+03
+1.0438112831322496276698075234889984130859e+04  +3.8558200029000322501815389841794967651367e+03  +3.5407594365033642134221736341714859008789e+03
-4.8819145697024633409455418586730957031250e+05  -2.8939495772814442170783877372741699218750e+05  -1.3040308306617657945025712251663208007812e+05
+6.4902722432216876313759712502360343933105e+02  +1.6673287977660902470233850181102752685547e+03  +2.8893996978132443473441526293754577636719e+04
+8.6863769274854385002981871366500854492188e+03  -1.1689157313719626472447998821735382080078e+04  -4.1535572356373922957573086023330688476562e+03
-5.2856082676335599899175576865673065185547e+03  +8.1840774504348496520833577960729598999023e+02  -1.2461088493007830493297660723328590393066e+03
+4.3411659512083770096069201827049255371094e+03  -1.6426733800143199914600700139999389648438e+04  +2.0565327322390767221804708242416381835938e+04
+2.6864915670254672477312851697206497192383e+03  +3.7039532004161260374530684202909469604492e+03  +1.0075661189646092680050060153007507324219e+04
+1.3677749824761500008207804057747125625610e+02  -4.2790350356576922763451875653117895126343e+01  -5.1331723299574667507272351940628141164780e+00
+1.5098116962843034798424923792481422424316e+03  +8.4126430222032880124061193782836198806763e+01  -8.0246572129353523905592737719416618347168e+02
+1.0478083239629827403405215591192245483398e+03  -2.9921342903493535914094536565244197845459e+02  +1.1779045991871544174500741064548492431641e+03
+4.0148960229948642108865897171199321746826e+01  -5.6980769325989221840700338361784815788269e+01  +1.1072759548708576815556625660974532365799e+01
-4.1824612127371774477069266140460968017578e+03  -2.7202432546954505596659146249294281005859e+03  -3.8260284590457727063039783388376235961914e+03
-1.6569017790767966289422474801540374755859e+03  -3.6979847959406633890466764569282531738281e+03  +1.1210965499204137358901789411902427673340e+03
-1.9729808287005129386670887470245361328125e+04  -2.9874009951282482688839081674814224243164e+02  -1.9873914632060746953357011079788208007812e+04
-4.5521074876118955216952599585056304931641e+03  -2.5530475590392034064279869198799133300781e+03  +3.4445731527466850820928812026977539062500e+03
+6.6188876225479089043801650404930114746094e+03  +4.8401534014765602478291839361190795898438e+03  -8.2119398909513311082264408469200134277344e+03
-1.0207752202286117153562372550368309020996e+03  -4.0175440652993012236038339324295520782471e+02  -7.8041852847480220134457340463995933532715e+02
+7.3012983339709835490793921053409576416016e+03  +2.0917947526683929027058184146881103515625e+03  -7.0156266409841064159991219639778137207031e+03
+2.7493294279231945438368711620569229125977e+03  -3.4246524688023149792570620775222778320312e+04  +4.5136352495263654418522492051124572753906e+03
-6.1109639644286935435957275331020355224609e+03  -9.6715145294238277529075276106595993041992e+02  -5.8904123423226774320937693119049072265625e+03
+4.2130277178726328202174045145511627197266e+03  -2.7529423821603459145990200340747833251953e+03  -1.3400406169844811665825545787811279296875e+05
-6.2474747883247182471677660942077636718750e+03  -4.2360437795281259241164661943912506103516e+03  -8.2048596994174295105040073394775390625000e+03
-2.0697472116687600646400824189186096191406e+04  +1.6532849047153944411547854542732238769531e+04  +2.8927899353116270503960549831390380859375e+04
-1.5121832371357466399786062538623809814453e+04  -3.2689722622189801768399775028228759765625e+03  +1.9124280023608957890246529132127761840820e+03
+1.0685013351478578158548771170899271965027e+02  +3.4155630128976650894401245750486850738525e+02  -1.3541589780793319164331478532403707504272e+02
-1.2012018319230272027198225259780883789062e+04  -2.6473394456277619610773399472236633300781e+04  +2.3410504270465557056013494729995727539062e+04
-3.4099346463744641368975862860679626464844e+03  -5.9445177688150888570817187428474426269531e+03  -2.8724872551109792766510508954524993896484e+03
-3.7273538456587934888375457376241683959961e+03  -7.5987654014014526637765811756253242492676e+02  -1.7026046816474629963522602338343858718872e+02
-7.9046615095606657632743008434772491455078e+03  -9.4566088387448071443941444158554077148438e+03  +4.4375142974480513657908886671066284179688e+03
-1.6240396551986159465741366147994995117188e+04  -8.7407860768439568346366286277770996093750e+03  -2.1498264125440291536506265401840209960938e+04
+3.6463512968879367690533399581909179687500e+03  -5.3901812634812104079173877835273742675781e+03  +3.1847188235597495804540812969207763671875e+03
+2.5402477994687797036021947860717773437500e+03  +5.5508168782747861769166775047779083251953e+03  +9.3698317612860228109639137983322143554688e+03
-3.2643901947594472403579857200384140014648e+03  -2.5995654668851161659404169768095016479492e+03  +5.1196626413893936842214316129684448242188e+03
+1.1002489936663041589781641960144042968750e+04  -3.6641169230782492377329617738723754882812e+04  -5.9560892459420801969827152788639068603516e+03
-9.1884960479621058766497299075126647949219e+03  +6.2586365772006702172802761197090148925781e+03  -2.7068145602947741281241178512573242187500e+04
+8.1410662737311142223006754647940397262573e+01  -2.5080504242075633669628587085753679275513e+02  -2.1451736476059468827770615462213754653931e+02
+2.9989075313602290407288819551467895507812e+04  -3.4291077101179580495227128267288208007812e+04  -6.0824273654202825127867981791496276855469e+03
+8.2014770928437901602592319250106811523438e+03  +3.0197306038517079286975786089897155761719e+04  +1.7836847538634599914075806736946105957031e+04
+1.0247521481209851117455400526523590087891e+04  +3.4297185822146617283578962087631225585938e+04  +4.4221973695295957440976053476333618164062e+04
+3.7851800383125396365358028560876846313477e+03  -6.9684581863800403880304656922817230224609e+03  -2.4701808864790805273514706641435623168945e+03
+6.1946931724984196989680640399456024169922e+03  -4.9575457686609888696693815290927886962891e+03  +4.4455143273204657816677354276180267333984e+03
-5.7357871134686147343018092215061187744141e+03  +1.6105451485164707037256448529660701751709e+02  -2.7680044129484667791984975337982177734375e+03
-1.7830709268528096345107769593596458435059e+03  -4.0534179983067824650788679718971252441406e+03  -1.7986689743019189791084500029683113098145e+03
-1.5323731329824493059277301654219627380371e+03  -1.9583155709380895132198929786682128906250e+04  -1.2224404484030224921298213303089141845703e+04
+5.1990081644025731293368153274059295654297e+03  -2.6358259889077471598284319043159484863281e+03  -1.7313189912835659924894571304321289062500e+03
+9.3320714075387932098237797617912292480469e+03  +9.1135067029420697508612647652626037597656e+03  +1.7586974212011762574547901749610900878906e+04
+1.8922841923411833704449236392974853515625e+04  -1.2533446033817739589721895754337310791016e+04  +8.3823880598591611487790942192077636718750e+04
-3.2576663994756695501564536243677139282227e+03  +1.1011662449088631547056138515472412109375e+04  +1.1624916165703494698391295969486236572266e+04
-4.4462826082687552116112783551216125488281e+03  +1.6462462177464219621469965204596519470215e+03  +7.8111453018775748091684363316744565963745e+01
+1.3794596218011105520417913794517517089844e+04  +9.9846354539460098749259486794471740722656e+03  -3.6771840057835934203467331826686859130859e+03
+2.8499425636949214094784110784530639648438e+04  +1.8749250705263151758117601275444030761719e+04  -1.4592811721424453935469500720500946044922e+04
-5.9977789785864672467141645029187202453613e+02  -5.4450287153847511945059522986412048339844e+02  +2.6176561444791502708540065214037895202637e+02
-5.1779775034051172042381949722766876220703e+03  +3.5077328228496321571583393961191177368164e+03  +2.4582754798876558197662234306335449218750e+03
-1.9006557184173001587623730301856994628906e+04  -1.8179384912966572301229462027549743652344e+04  -2.1159426519551780074834823608398437500000e+04
+1.7012645564756545354612171649932861328125e+04  +1.1174080467321067771990783512592315673828e+04  -6.1229514329844068925012834370136260986328e+03
-4.7583510159690622458583675324916839599609e+03  +1.1751255762282051364309154450893402099609e+04  -1.3749134272642637370154261589050292968750e+04
+4.6378929198713132109332946129143238067627e+02  -3.1664800621281842722964938730001449584961e+03  +2.2484734883540608279872685670852661132812e+04
-4.7046691339685812636162154376506805419922e+03  -5.2479371441055900504579767584800720214844e+03  +3.9240956632841398459277115762233734130859e+03
+2.1077392008638162224087864160537719726562e+04  -8.0796159347321945460862480103969573974609e+03  -1.4739230343162059853057144209742546081543e+03
-1.0654967050117750477511435747146606445312e+05  -1.1008791593509056838229298591613769531250e+05  -2.6786682551012254407396540045738220214844e+04
+2.7939126337611978669883683323860168457031e+04  -3.1980442863324275094782933592796325683594e+04  -5.2412475217226192398811690509319305419922e+03
+8.8404910025246988425351446494460105895996e+02  +4.4010709533526772929690196178853511810303e+02  -1.7498067173599044963339110836386680603027e+03
+1.8520473407243144947642576880753040313721e+01  +1.6371881503915240330115921096876263618469e+01  +9.1315678555342163491559404064901173114777e+00
+7.4006596893969231132359709590673446655273e+01  +1.1842627336261148229823447763919830322266e+04  +6.7714250042756266338983550667762756347656e+03
-3.4205065684295572282280772924423217773438e+04  +6.5684200756204256322234869003295898437500e+04  -2.0306062523597793187946081161499023437500e+03
+3.0340712799451095634140074253082275390625e+04  +1.7613073892676311515970155596733093261719e+04  +1.3854634168727183350711129605770111083984e+04
-6.7226835474230128966155461966991424560547e+03  +8.3248703664772037882357835769653320312500e+03  +2.6547641292204400087939575314521789550781e+04
-3.0678043452165270537079777568578720092773e+03  -4.3881988109890289706527255475521087646484e+03  -5.4364773524719639681279659271240234375000e+03
-7.6898449809089072459755698218941688537598e+02  +5.2950364882520025275880470871925354003906e+03  +1.3483367772329008857923327013850212097168e+03
+4.4221750452885244158096611499786376953125e+04  +4.4170842357378802262246608734130859375000e+04  -2.3380391795822558924555778503417968750000e+05
+1.3640985140162174502620473504066467285156e+03  +7.7592502246276490041054785251617431640625e+03  -2.8211222873253820580430328845977783203125e+04
-7.0140982082087421076721511781215667724609e+03  -1.3180199509182506517390720546245574951172e+04  -2.5787840025929141120286658406257629394531e+04
-4.2824472278818175254855304956436157226562e+03  +1.3135470211257006667437963187694549560547e+03  -3.8081182244754531893704552203416824340820e+03
+2.3141430917712150403531268239021301269531e+03  +2.6448857202564122417243197560310363769531e+03  -1.8916862861770950985373929142951965332031e+03
-1.9883069718237347842659801244735717773438e+04  +1.0327206384918115873006172478199005126953e+04  +1.6929397867892559588653966784477233886719e+04
+1.9829355534954225731780752539634704589844e+04  -1.4722720105329421130591072142124176025391e+04  -7.4467048955143100101849995553493499755859e+03
-2.0235048156510521266682189889252185821533e+02  -5.6070292175478152785217389464378356933594e+02  -1.3310238320633352486765943467617034912109e+03
+3.0137867935350768675561994314193725585938e+03  -4.7113567151720153560745529830455780029297e+03  -2.2742649768847118139092344790697097778320e+03
-3.6343208243546774610877037048339843750000e+04  +1.4682934937342311059182975441217422485352e+03  +9.7536380648581143759656697511672973632812e+03
-8.1155616148862363843363709747791290283203e+03  +5.4167957301375884071603650227189064025879e+02  -1.6488322002930246981122763827443122863770e+03
+2.0285244570803477017761906608939170837402e+03  -1.1479773201366886041796533390879631042480e+03  -3.7476965165407011681963922455906867980957e+02
+3.5046306531256636844773311167955398559570e+03  +3.2660799308941836898156907409429550170898e+03  -1.7572066945307263097220129566267132759094e+01
-1.5368819386997929541394114494323730468750e+03  +4.4031894546048051779507659375667572021484e+03  +8.4032569082156969670904800295829772949219e+03
-2.0529464983871363870093773584812879562378e+00  -7.2815639543606869210634613409638404846191e+02  +1.6249555764968295079597737640142440795898e+03
-3.5422409277755032235290855169296264648438e+04  +1.9250271075536347780143842101097106933594e+04  -2.0098566975583667954197153449058532714844e+04
+2.5833073268284906589542515575885772705078e+03  -4.1099690970955325610702857375144958496094e+03  +2.8605981249721085077908355742692947387695e+03
-7.2135591105851472093490883708000183105469e+03  +3.5926646251610196486581116914749145507812e+04  -9.8018033229892935196403414011001586914062e+03
-3.3640824256990686990320682525634765625000e+04  -4.7277978197618003832758404314517974853516e+03  -3.1970923482360998605145141482353210449219e+04
+4.2130024276125584492547204717993736267090e+02  +1.1988168861010908727848800481297075748444e+01  -2.3976845793103743176288844551891088485718e+02
-4.3715447758327441988512873649597167968750e+04  +3.1090959891216730284213554114103317260742e+03  -1.4662849765848552124225534498691558837891e+04
-4.2634572978953065103269182145595550537109e+03  +2.2391641831328456646588165313005447387695e+03  -8.4931625278977007837966084480285644531250e+03
+5.6730784639122175576630979776382446289062e+03  +1.3241340475646231425344012677669525146484e+04  -2.6552609186315665283473208546638488769531e+04
-2.0244044155200353998225182294845581054688e+03  -1.2623458962598253492615185678005218505859e+04  +4.1137488723448723249020986258983612060547e+03
-6.3787453059264153125695884227752685546875e+04  -2.7242857180987797619309276342391967773438e+04  +4.6244265216315012366976588964462280273438e+04
-6.2271146366841439885320141911506652832031e+03  +5.3335005791889725514920428395271301269531e+03  -8.2577416296484432223223848268389701843262e+02
-1.3434168194540694457828067243099212646484e+04  -1.4277903194017380883451551198959350585938e+04  -1.5186102648038086044834926724433898925781e+04
+3.7251290376297474722377955913543701171875e+03  +1.5994489124714511945057893171906471252441e+03  +5.0176928548575724562397226691246032714844e+03
+6.4115528319808181549888104200363159179688e+03  +7.3167492938412806324777193367481231689453e+03  -9.3150085827952771069249138236045837402344e+03
+1.2889097374074272011057473719120025634766e+04  +1.1876084122989766910905018448829650878906e+04  +8.4895414128144057031022384762763977050781e+03
-1.5892388713799298329831799492239952087402e+03  -2.3519152538133238294904003851115703582764e+02  +1.8123110278725064858917903620749711990356e+02
-1.9197281914822164253564551472663879394531e+04  -1.6964100848359169049217598512768745422363e+03  +2.1373012331462337897391989827156066894531e+04
+2.2655929826710926136001944541931152343750e+03  +1.7262721155802119028521701693534851074219e+03  +8.3363824687440433081064838916063308715820e+02
-4.9889259496298573139938525855541229248047e+03  -3.7710737046314307008287869393825531005859e+03  -2.9189623856778839581238571554422378540039e+03
-3.1350694430530285899294540286064147949219e+04  -3.4800100604624589323066174983978271484375e+04  -1.1793960837295206147246062755584716796875e+04
-9.7584600917458210744825919391587376594543e+00  +1.4157297505785601288152975030243396759033e+02  +1.0229873834129961096550687216222286224365e+03
-2.3391503727359013282693922519683837890625e+05  +3.1044578107139572239248082041740417480469e+04  -3.9668918178646272281184792518615722656250e+05
+2.9716187560388712881831452250480651855469e+04  +8.4081199925657001585932448506355285644531e+03  -1.3166024932037398684769868850708007812500e+03
-2.5039939074503367010038346052169799804688e+04  -2.6091332986465025896904990077018737792969e+04  +2.1096877815243060467764735221862792968750e+03
+3.9605385850971842955914326012134552001953e+03  +4.1592889274364924858673475682735443115234e+03  +1.4065426944129105777392396703362464904785e+03
+5.0320723849328031064942479133605957031250e+04  -4.7152407047815322584938257932662963867188e+04  -3.0677831419196532806381583213806152343750e+04
+1.3076389093814248099079122766852378845215e+02  +2.9747984891278082386634196154773235321045e+02  +4.1339660206597756086921435780823230743408e+01
+1.0375662891390909862820990383625030517578e+04  +2.1111967912205009270110167562961578369141e+03  +1.6197576542913177036098204553127288818359e+04
+2.2069336265526853821938857436180114746094e+04  -7.6063200635864022842724807560443878173828e+03  +6.5132907805422901219571940600872039794922e+03
+7.4406890578672164338058792054653167724609e+03  +8.4467024239495447091030655428767204284668e+02  +5.2063523741931749100331217050552368164062e+03
-6.2062026530295144766569137573242187500000e+04  -5.4311624158306338358670473098754882812500e+04  +8.0446054687688447302207350730895996093750e+04
-1.0382421672284392570873023942112922668457e+03  -1.0892249730528203144785948097705841064453e+04  -9.1508455506291647907346487045288085937500e+03
-2.9418243108210745049291290342807769775391e+03  +8.0117106983957455668132752180099487304688e+03  -1.1040070112544892253936268389225006103516e+04
-6.6967755513159154361346736550331115722656e+03  -2.6217005058375278167659416794776916503906e+04  +6.4118174633715370873687788844108581542969e+03
-6.1269681812350836480618454515933990478516e+03  +2.6266526098563877894775941967964172363281e+04  +4.0791321261222565226489678025245666503906e+03
-5.9412010168563019760767929255962371826172e+03  -1.5189215067992606691404944285750389099121e+03  +6.0915623195875296005397103726863861083984e+03
-1.0372801605440764978993684053421020507812e+05  -4.0581640647732347133569419384002685546875e+04  +1.3751829279442023107549175620079040527344e+04
+2.2794405437744862865656614303588867187500e+03  +9.4289625191086342965718358755111694335938e+03  +5.2610888257678954687435179948806762695312e+04
+7.8785391022688991142786107957363128662109e+03  -6.4261313369666668222635053098201751708984e+03  +1.5150453611929226553911576047539710998535e+03
+2.3394096765935647999867796897888183593750e+05  +1.9339405874046927783638238906860351562500e+05  +1.1261899663820481691800523549318313598633e+03
+2.1408181691496993153123185038566589355469e+03  -5.6974610552305630335467867553234100341797e+03  +1.8874576047162478062091395258903503417969e+04
-9.5323636853346688440069556236267089843750e+03  -1.4440759578020259141339920461177825927734e+04  -1.5489650297597077042155433446168899536133e+03
+5.4003030095797203102847561240196228027344e+02  +2.3001242697685112943872809410095214843750e+04  +2.2913676243911853816825896501541137695312e+04
-6.6261977312754652302828617393970489501953e+03  +4.5796629249710304065956734120845794677734e+03  -1.6648422956863669242011383175849914550781e+01
+1.5243187108005570280511165037751197814941e+03  -4.5725310974997100856853649020195007324219e+03  -2.5341148460985164092562627047300338745117e+03
+9.0563300156728061551802966278046369552612e+01  -6.8849008085397770173585740849375724792480e+01  +2.8962365736994389209257860784418880939484e+01
-4.8556477308176033602649113163352012634277e+02  +4.8491012982645961528760381042957305908203e+03  -2.4315403561499542774981819093227386474609e+03
+4.1061920574066516564926132559776306152344e+03  -7.5082037436676746438024565577507019042969e+03  -6.3909233813921910041244700551033020019531e+03
-3.7362121026177910607657395303249359130859e+03  +4.2438182403388336751959286630153656005859e+03  +1.6723441984704065816913498565554618835449e+03
+3.2807335382189148731413297355175018310547e+02  -1.2869558973641321699687978252768516540527e+03  +1.5537609615335932176094502210617065429688e+03
+4.3230042592380841597332619130611419677734e+03  +5.0087753428361929763923399150371551513672e+03  +2.4793093440260377064987551420927047729492e+03
-1.4531098764471133108600042760372161865234e+04  -1.0852213493360259235487319529056549072266e+03  +2.8128959618709624919574707746505737304688e+04
+8.0944286049254616955295205116271972656250e+04  -8.4164341816983986063860356807708740234375e+04  +2.2350390482403905480168759822845458984375e+04
-1.7078298396975427749566733837127685546875e+04  -9.5648945260035688988864421844482421875000e+03  -5.1155413659743999232887290418148040771484e+02
+1.2024091122002960219106171280145645141602e+03  +9.0412620930014109035255387425422668457031e+03  -9.7999385525847958433587336912751197814941e+02
-1.5749002343440535696572624146938323974609e+04  -3.2573921244032575486926361918449401855469e+04  +1.4016860299353827940649352967739105224609e+04
+8.5675881128025030193384736776351928710938e+03  +3.5376946034198452252894639968872070312500e+04  +4.2217694214644827297888696193695068359375e+04
-6.3276117220805908800684846937656402587891e+03  -7.6744504620194265953614376485347747802734e+03  -3.5787435604329243687971029430627822875977e+03
+3.8197495744070170076156500726938247680664e+03  -1.5869773296795565329375676810741424560547e+04  +9.2541080563920168060576543211936950683594e+03
-5.7914608260918357700575143098831176757812e+03  +1.3234722008188152813090709969401359558105e+03  +2.8182118732330764032667502760887145996094e+03
-2.4205949176275498757604509592056274414062e+04  -4.5665335244729794794693589210510253906250e+04  +6.6866409563201823402778245508670806884766e+03
+2.3820455087271343472821172326803207397461e+03  -1.2666185749052659957669675350189208984375e+04  -1.1694289650326745686470530927181243896484e+04
-3.9622835762194939889013767242431640625000e+04  -6.4320276949208546284353360533714294433594e+03  +9.7863513508955820725532248616218566894531e+03
-4.9170353280411218293011188507080078125000e+03  +8.9856823933305458922404795885086059570312e+03  -6.3433167304173048250959254801273345947266e+03
-1.1094649940650239295791834592819213867188e+05  +6.6556507232493167975917458534240722656250e+04  -2.2729565507337905000895261764526367187500e+05
-8.9335560561401489394484087824821472167969e+03  -4.5356629936987064866116270422935485839844e+03  +1.8581829790151830366085050627589225769043e+03
-1.2777810377519374014809727668762207031250e+04  -1.6985449942972030839882791042327880859375e+04  +9.7490888986954196298029273748397827148438e+03
+5.9651752987141817357041873037815093994141e+03  -2.3827635176641888392623513936996459960938e+04  -3.3118348736390294106968212872743606567383e+03
-8.9089952986870794120477512478828430175781e+03  -4.5953796810796411591582000255584716796875e+03  +6.4621171571052000217605382204055786132812e+03
+6.4667060974495725531596690416336059570312e+04  +2.1601870609153300756588578224182128906250e+05  +2.1350700147456562262959778308868408203125e+05
+1.8769134359374229461536742746829986572266e+03  -2.7379318790584424277767539024353027343750e+04  +1.4369710511308438071864657104015350341797e+04
+5.5837451323140094245900399982929229736328e+03  -1.0094373586540305041125975549221038818359e+03  +8.8338569284581935789901763200759887695312e+03
+1.1739998321202996521606110036373138427734e+04  -1.8944742088323837378993630409240722656250e+03  -4.1738474712759358453695313073694705963135e+02
-8.3875775763664501027960795909166336059570e+02  +5.0161092994143209580215625464916229248047e+03  +3.6941104866457142634317278861999511718750e+04
+5.2534867989475652575492858886718750000000e+05  +2.3966739512481476413086056709289550781250e+05  +7.0311964402434066869318485260009765625000e+04
-8.1392788508889361764886416494846343994141e+03  +2.3875839605617297820572275668382644653320e+03  +2.5488836379464806668693199753761291503906e+04
+3.4260905466223390249069780111312866210938e+04  -1.1874749728041031175962416455149650573730e+03  -1.1976905211312177925719879567623138427734e+03
-1.1798524368994671021937392652034759521484e+04  +2.2151776078429651533951982855796813964844e+04  -2.3520412800345636128440673928707838058472e+02
-1.3005268659969575310242362320423126220703e+04  -6.8582257214923885157986660487949848175049e+01  +8.1640942587498766442877240478992462158203e+03
+3.7215194788291529448542860336601734161377e+02  -9.6746268180528670654894085600972175598145e+02  +4.2832398812631845430587418377399444580078e+02
+3.3912461694696656877567875199019908905029e+02  +1.2209046986101566290017217397689819335938e+03  +4.1466974921364280817215330898761749267578e+03
-1.0458793404102441854774951934814453125000e+04  +4.9330546302817510877503082156181335449219e+03  -1.7272848364600986315053887665271759033203e+03
+2.4086656874084255832713097333908081054688e+03  +6.3897666472609871561871841549873352050781e+03  -6.0239180530717048895894549787044525146484e+03
-7.7394802412257649848470464348793029785156e+03  -2.8699134223209021001821383833885192871094e+03  +4.0759076138486689160345122218132019042969e+03
-1.8121463493403082338772946968674659729004e+03  -5.3580860290762775548500940203666687011719e+03  -2.1752795384676960566139314323663711547852e+03
+7.5385927516974072204902768135070800781250e+04  -1.1095003788651991635560989379882812500000e+05  -9.9467012300378599320538341999053955078125e+04
-1.5957979050258376446436159312725067138672e+04  -1.5093561997469450943754054605960845947266e+04  -9.1504162426881830469937995076179504394531e+03
-2.1332377475274424796225503087043762207031e+03  -1.9690688321617075416725128889083862304688e+04  +3.7666136818799627690168563276529312133789e+03
+3.0253651271526243363041430711746215820312e+04  +1.3311558624873009648581501096487045288086e+03  +5.4992394913454318157164379954338073730469e+03
+1.1778716020996694169298280030488967895508e+03  +2.7630428313041818455531029030680656433105e+02  +4.8572590913669037036015652120113372802734e+03
-8.1704211152022307942388579249382019042969e+03  +9.2458380810696053231367841362953186035156e+03  +7.5406218930029262992320582270622253417969e+03
+2.9376112896106911648530513048171997070312e+04  -1.0452951367196083083399571478366851806641e+04  -1.0181907992268619636888615787029266357422e+04
-2.7687928049873892450705170631408691406250e+05  -1.6762237691745746997185051441192626953125e+05  +2.7854239530754310544580221176147460937500e+05
+3.8438254633465476217679679393768310546875e+04  +1.7766509173153342999285086989402770996094e+04  -7.2723556277917698025703430175781250000000e+04
-8.8274013007038263367576291784644126892090e+02  -4.5565462209790575798251666128635406494141e+03  -9.5406032622855627778335474431514739990234e+02
+4.4720606934627494410960935056209564208984e+03  -9.7783445775153413705993443727493286132812e+03  -2.6482489061414780735503882169723510742188e+03
-6.8251071865952571897651068866252899169922e+03  -1.5882754257818505720933899283409118652344e+04  +1.5908445577940922248671995475888252258301e+03
+4.1885446087510672441567294299602508544922e+02  -8.7687335869194555471040075644850730895996e+02  -1.3505295919944717297767056152224540710449e+03
-8.7724356208893204893684014678001403808594e+03  +5.7970562384408194702700711786746978759766e+03  -1.2483323982126598821196239441633224487305e+03
+5.9886764518234886054415255784988403320312e+03  +7.5370438700579470605589449405670166015625e+03  +1.4763673007079341914504766464233398437500e+04
-3.7747573780398033704841509461402893066406e+03  -3.5783957448421402659732848405838012695312e+04  -1.2786187011747340420697582885622978210449e+03
+6.1968205047605742663563432870432734489441e+01  +3.5303309649100301612634211778640747070312e+03  -9.7525066755779662344139069318771362304688e+03
+6.4815167797151450940873473882675170898438e+04  +1.8907948388671957218321040272712707519531e+04  -1.8952104073156395315891131758689880371094e+04
-7.8178902157452580468088854104280471801758e+02  +5.2520188058729017939185723662376403808594e+03  +1.1721517811828430239984299987554550170898e+03
+3.9775755068845082860207185149192810058594e+03  +5.5909914071019384209648706018924713134766e+03  +2.3409704569246846403984818607568740844727e+03
+9.9508277183040074305608868598937988281250e+04  -2.5703105593053120537661015987396240234375e+05  +7.9062650070859410334378480911254882812500e+04
+1.3849904830749135271616978570818901062012e+03  +2.0163900667587640214151178952306509017944e+02  +9.9065699057928645743231754750013351440430e+02
-1.0959643018245777057018131017684936523438e+04  +2.2890540346526198845822364091873168945312e+04  +5.3089117109675953543046489357948303222656e+02
-6.1863894673873492138227447867393493652344e+03  -6.0702607511916103248950093984603881835938e+03  +6.4536477568323598461574874818325042724609e+03
-2.3061120398359508253633975982666015625000e+06  -2.2805872811481230892241001129150390625000e+06  +1.5296344581187362782657146453857421875000e+06
-2.5617192719454333200701512396335601806641e+03  -1.4480835171237118629505857825279235839844e+04  -9.8060836997331463749105751048773527145386e+01
+1.2742700213697378785582259297370910644531e+04  +3.0041746145592546781699638813734054565430e+03  -4.4371430048612683094688691198825836181641e+03
-4.8327481415006786846788600087165832519531e+03  +4.9375421219026557082543149590492248535156e+03  +7.4002792709616770139291475061327219009399e+01
+8.5067473970750561420572921633720397949219e+03  +2.9015286791308835745439864695072174072266e+03  +7.0839587751846638639108277857303619384766e+03
-6.6386336415065925393719226121902465820312e+03  -1.1714132769208092213375493884086608886719e+04  -2.0127245161675433337222784757614135742188e+04
-8.0132906974550242011900991201400756835938e+03  +7.2539230779358449581195600330829620361328e+03  -6.1149086998200536982039920985698699951172e+03
-4.7634568515701075739343650639057159423828e+03  +7.9507540076237673929426819086074829101562e+03  +2.6378399490411393344402313232421875000000e+03
+2.2012473636117854766780510544776916503906e+04  -5.7251865650740757700987160205841064453125e+04  +4.5849366166323852667119354009628295898438e+04
+3.1157961636757929227314889430999755859375e+04  +1.7975219239956448291195556521415710449219e+04  +1.6079348056941658796858973801136016845703e+04
+1.3408140974780006217770278453826904296875e+04  -1.4619919506296111649135127663612365722656e+04  -5.1784987336953556223306804895401000976562e+04
+1.1302666796881230766302905976772308349609e+03  -2.1004091989231978914176579564809799194336e+03  +2.0886496541965043434174731373786926269531e+03
+1.0991306026353007041507225949317216873169e+02  -5.5548428569032148871542631241027265787125e+00  +1.0757683890888498012827767524868249893188e+02
-8.7237924721119227911003690678626298904419e+01  -5.3758008531378084171592490747570991516113e+02  +2.0514884786311935727098898496478796005249e+02
-5.5628196184050432293588528409600257873535e+02  -1.2181122385160038902540691196918487548828e+04  -3.7440343363962515468301717191934585571289e+03
+2.4742581895655675907619297504425048828125e+03  +4.1409440754140143781114602461457252502441e+02  +3.7301243663957425269472878426313400268555e+03
+1.5540323594150229837396182119846343994141e+04  +1.2715207716270755554432980716228485107422e+04  -1.9883865849195201008114963769912719726562e+04
+2.6602574165636434599946369417011737823486e+02  -1.1458131871088027764926664531230926513672e+04  -1.4815988090215727424947544932365417480469e+04
+1.6795094798851657458271802170202136039734e+01  +1.9465217945603947100607911124825477600098e+03  -6.5723879490293313665461027994751930236816e+01
-2.8905721939027921507658902555704116821289e+03  -7.5694764956672497646650299429893493652344e+03  +1.2477364854622148413909599184989929199219e+04
+2.2628123696583415949135087430477142333984e+03  +5.9990480111159251919161761179566383361816e+02  -1.7352007497236826338848914019763469696045e+02
-2.4220171786287380382418632507324218750000e+05  +7.7694681249565939651802182197570800781250e+04  -3.6756816137277717643883079290390014648438e+04
-1.8791983098541450090124271810054779052734e+03  +1.6140137242163156770402565598487854003906e+04  -1.0923573126285216858377680182456970214844e+04
+8.6095822454498174920445308089256286621094e+03  -6.1676057950222484578262083232402801513672e+03  -9.3869335058998622116632759571075439453125e+03
-2.8748328221815236247493885457515716552734e+03  -4.1223521484062293893657624721527099609375e+03  +1.0110770827195298124934197403490543365479e+03
+1.7847400208217068575322628021240234375000e+05  +1.9933570517364956322126090526580810546875e+05  +2.2702676271772477775812149047851562500000e+05
-2.3736780274047209786658640950918197631836e+03  -1.7572632515927014082990353927016258239746e+03  +3.0994218729816166160162538290023803710938e+04
-3.7902124936892014339662182464962825179100e+00  -1.6760816299685931340945899137295782566071e+01  -2.6421529195154785929489094087330158799887e-01
-3.4241431606366750202141702175140380859375e+03  -9.0740037274599890224635601043701171875000e+03  +1.5000677879225570450216764584183692932129e+03
+6.4930610943740548464120365679264068603516e+03  +1.1083525202874689057352952659130096435547e+04  -7.1579575822896038062026491388678550720215e+02
-4.8929231623089481217903085052967071533203e+03  +5.9004248674139773356728255748748779296875e+04  +2.8017088712009455775842070579528808593750e+04
-5.8910833328099194261540105799213051795959e+01  -1.2924569109552692225406644865870475769043e+03  -4.5670973342021234202547930181026458740234e+03
-7.1520411716733506182208657264709472656250e+03  +8.9799885084889683639630675315856933593750e+03  +1.3630695306300078300409950315952301025391e+04
+1.6840585721864395054581109434366226196289e+03  +1.3736587051208928187406854704022407531738e+03  -7.0580238596688820962299359962344169616699e+02
+2.4456019481951084344473201781511306762695e+03  -7.7092514564974032964528305456042289733887e+02  -3.7763426868031660887936595827341079711914e+02
-1.7798537452400629990734159946441650390625e+05  +2.7491649858670174580765888094902038574219e+04  -6.4764049666075356071814894676208496093750e+04
+7.4968541653168549601105041801929473876953e+03  +3.2442936809151187844690866768360137939453e+03  -5.3322230719874651185818947851657867431641e+03
-2.1481543148510155560870771296322345733643e+02  -2.2266291114139113460623775608837604522705e+02  +3.3915256763245116644611698575317859649658e+02
+1.1118775494361847813706845045089721679688e+05  -4.0105658662585847196169197559356689453125e+04  +1.7509421089917767676524817943572998046875e+05
-6.9984906880178323262953199446201324462891e+02  -1.8905303694194051900012709666043519973755e+02  +2.7277254170585655401737312786281108856201e+02
+1.5309081252857504296116530895233154296875e+03  +3.4111426091683542836108244955539703369141e+03  -2.6398120349924361107696313410997390747070e+03
-4.3569984077340478734186035580933094024658e+01  +2.5312888553992483053889372968114912509918e+01  -2.0278008668372308420657645910978317260742e+03
-3.2501957835117485956288874149322509765625e+04  -6.7372157014834810979664325714111328125000e+04  -3.9096749300892355677206069231033325195312e+04
+9.3891314749751800263766199350357055664062e+03  -3.8374646850931599146861117333173751831055e+03  -1.3550112577216052159201353788375854492188e+04
-6.6775483347724337363615632057189941406250e+04  -3.5210048641731693351175636053085327148438e+04  -3.0924313817275957262609153985977172851562e+04
-4.6482519155993037429652758873999118804932e+02  -1.7889571162110462410055333748459815979004e+03  -1.5142888065437516615929780527949333190918e+03
+2.5472320028128877311246469616889953613281e+04  -4.1259720808090169157367199659347534179688e+04  -3.1680944416401682246942073106765747070312e+04
+2.5383589775816726614721119403839111328125e+04  +3.9917453904753383540082722902297973632812e+04  -4.1460763976426293083932250738143920898438e+04
+5.2898038344381951901596039533615112304688e+04  -5.7843747634660227049607783555984497070312e+04  -1.4658194174121290416223928332328796386719e+04
-2.6709202447677830605243798345327377319336e+03  +1.5022117146715025228331796824932098388672e+04  -7.9696609498145362522336654365062713623047e+03
-1.0587234655230688076699152588844299316406e+04  -1.9362802436548900004709139466285705566406e+04  +7.6152717294955191391636617481708526611328e+03
+4.5886669849257807072717696428298950195312e+04  -1.9734357155800309556070715188980102539062e+04  -6.5120600219424941315082833170890808105469e+03
-5.3341091127826322917826473712921142578125e+04  +2.9464141543051366170402616262435913085938e+04  -3.3630231952238158555701375007629394531250e+04
+2.5046685826096913842775393277406692504883e+03  +5.2033145568252812154241837561130523681641e+03  -7.6350786206530142408155370503664016723633e+02
+5.1705741342226074266363866627216339111328e+03  -1.4845345349920089574879966676235198974609e+04  +1.0614247955861435912083834409713745117188e+04
-1.1690583135689298615034203976392745971680e+03  +1.5155670945842450691998237743973731994629e+03  +1.3602361885900922970904503017663955688477e+03
+2.3010603372795458199107088148593902587891e+03  -9.1347564253517030010698363184928894042969e+03  -3.3377476892950776345969643443822860717773e+03
-3.3685949425636055821087211370468139648438e+04  -2.7729873862732980342116206884384155273438e+04  +7.1609153465546050938428379595279693603516e+03
-1.0829407988556971758953295648097991943359e+04  +2.9385573363032858651422429829835891723633e+03  -2.6113280698588312134234001860022544860840e+02
-2.9709689661152742701233364641666412353516e+03  -1.1855548764491284146060934290289878845215e+03  +1.5532210596655308108893223106861114501953e+04
-1.2116548538424107391620054841041564941406e+04  -1.4803663610255640378454700112342834472656e+04  -3.7769677462760744674596935510635375976562e+04
-1.0213492761345922190230339765548706054688e+04  -1.1086700775726945721544325351715087890625e+04  -2.4699363878051926803891547024250030517578e+03
-2.1629207215756514415261335670948028564453e+02  +9.2403528247159908914909465238451957702637e+02  +1.2673549112757075363333569839596748352051e+03
-2.5042536380176411512366030365228652954102e+03  +8.9576724782699839124688878655433654785156e+03  -5.0165084685577676282264292240142822265625e+03
-1.6336055653148121564299799501895904541016e+04  -7.7889941607042943360283970832824707031250e+04  +1.9955413578183928621001541614532470703125e+04
-5.0346407671539200237020850181579589843750e+03  -8.8969884285255775466794148087501525878906e+03  +6.5540416463884248514659702777862548828125e+04
+1.9423474789570394932525232434272766113281e+04  -1.3402553160400498200033325701951980590820e+03  -1.3492096707860737296869046986103057861328e+04
+8.3366498130393592873588204383850097656250e+03  +6.9378488302843561541521921753883361816406e+03  +9.1761335804336176806828007102012634277344e+03
+3.8042938286599754064809530973434448242188e+04  +1.4715349978257789189228788018226623535156e+04  -1.2851293538308759707433637231588363647461e+03
+2.0641208070581291394773870706558227539062e+04  +5.8629513813344958180096000432968139648438e+04  -2.1036249195487442193552851676940917968750e+04
-2.2731922627308984374394640326499938964844e+04  +1.2758654299818025901913642883300781250000e+05  -6.2725952100493152101989835500717163085938e+04
+5.8653422216161596588790416717529296875000e+05  -6.2492378573591378517448902130126953125000e+05  +2.0885882955411483999341726303100585937500e+06
+8.2095259180775303775590145960450172424316e+02  -1.0976488412753991724457591772079467773438e+04  +4.9471155318726287077879533171653747558594e+03
+3.0234935703512910549761727452278137207031e+04  -7.6914795057996780087705701589584350585938e+03  +5.5329630972820996248628944158554077148438e+04
+9.1093239286673069727839902043342590332031e+03  +5.7184727783238507981877774000167846679688e+04  -4.3406607893548491119872778654098510742188e+04
-4.8426026033517855466925539076328277587891e+03  +5.6123842642898152917041443288326263427734e+03  -6.9428559382599860327900387346744537353516e+03
-1.1772815233744031502283178269863128662109e+04  +1.7259563690812457934953272342681884765625e+05  -9.7220528371691951178945600986480712890625e+04
+8.7076223282097816991154104471206665039062e+03  -1.0686681132005005565588362514972686767578e+04  +5.7635649116521290125092491507530212402344e+02
-1.3280457341755076777189970016479492187500e+05  -2.9694917281355734303360804915428161621094e+04  +5.4385195876787882298231124877929687500000e+04
+2.4886931845015933504328131675720214843750e+04  -4.7261569374349273857660591602325439453125e+03  -1.2040142830151789894443936645984649658203e+04
-2.3858764522229463182156905531883239746094e+04  +1.6398880997817981551634147763252258300781e+04  +3.8788262804320329451002180576324462890625e+03
+3.6383154325769896786368917673826217651367e+02  +4.5269534446039801878214348107576370239258e+02  +4.6125427403882781618449371308088302612305e+01
+1.3574701852387624967377632856369018554688e+04  +3.0894081222453410191519651561975479125977e+03  +2.5339451079449732787907123565673828125000e+04
-5.3847417492357371884281747043132781982422e+03  +1.7738537363373652624431997537612915039062e+04  -5.6830739648931221381644718348979949951172e+03
+1.7831334191860481951152905821800231933594e+04  -2.9926651879374672716949135065078735351562e+04  -3.9324527196409791940823197364807128906250e+04
-7.9543096662911711973720230162143707275391e+03  -1.3976495272571559326024726033210754394531e+04  +2.1811959804192807496292516589164733886719e+04
-9.0875849065103320754133164882659912109375e+03  +2.3759120678567647701129317283630371093750e+04  -1.5490757353591572609730064868927001953125e+04
-2.3326267006125734042143449187278747558594e+04  +4.6857948955467718405998311936855316162109e+03  -2.9083681529012970713665708899497985839844e+04
-9.5609766630443300527986139059066772460938e+03  -6.6222682514809712301939725875854492187500e+03  +3.0324450372237274677900131791830062866211e+03
-5.5204420470606477465480566024780273437500e+05  -1.9530754745125610497780144214630126953125e+05  -9.2936820897979356232099235057830810546875e+04
+2.5921235525735402916325256228446960449219e+04  +1.8016234540174136782297864556312561035156e+04  -8.5951621562103318865410983562469482421875e+03
-1.4210014583240592401125468313694000244141e+04  -8.1416806526372529333457350730895996093750e+03  +6.9947194524254766292870044708251953125000e+04
-1.4888653141576796201661636587232351303101e+02  +3.8034789044382489464624086394906044006348e+02  -2.1645293781282077816285891458392143249512e+02
-1.5677581050545556990982731804251670837402e+03  +2.5000811073890658008167520165443420410156e+04  -9.1521132848229572118725627660751342773438e+03
-1.8096627969120945635950192809104919433594e+03  +3.1277459272589994725422002375125885009766e+03  +4.1659954644080562502495013177394866943359e+03
-3.8681339425803926133085042238235473632812e+03  -4.7021308522396457192371599376201629638672e+03  -2.6021845242696222157974261790513992309570e+03
-1.9771970173867757694097235798835754394531e+04  +3.4772103710396870155818760395050048828125e+04  -2.8438060659919981844723224639892578125000e+04
-4.9584382852122735130251385271549224853516e+02  +4.9376046756551777434651739895343780517578e+03  +2.4774599929643127325107343494892120361328e+03
-3.2086014554455566383239784045144915580750e+01  +7.3460514808327388891484588384628295898438e+02  -2.0388309276740406517092196736484766006470e+02
-1.2210438428450566789251752197742462158203e+04  +6.5001114607650306425057351589202880859375e+03  +2.7746154902140633566887117922306060791016e+03
-1.8544647096201729254971724003553390502930e+03  -1.4629952232116074810619466006755828857422e+03  +1.3316390840587694128771545365452766418457e+03
+4.6169748908400342770619317889213562011719e+03  -5.6962554308424330429261317476630210876465e+02  +7.8512948956385389465140178799629211425781e+02
-4.9666373323206772738558356650173664093018e+02  -1.9121517570014123066357569769024848937988e+02  +2.4481768112877202270283305551856756210327e+02
-2.7752339973727298456651624292135238647461e+03  +1.7113205795845267402910394594073295593262e+03  -5.5904026891703442743164487183094024658203e+03
+1.9517985613644868863048031926155090332031e+03  +9.9421225831527081027161329984664916992188e+03  -4.0145430272754524594347458332777023315430e+03
+3.9236617187526891939342021942138671875000e+04  +1.4093377158499883080366998910903930664062e+04  -4.2480224573912404594011604785919189453125e+04
-3.6876378949745103454915806651115417480469e+03  -1.4737664214854203237337060272693634033203e+03  +6.3360263271189969600527547299861907958984e+03
-1.7589169426860953535651788115501403808594e+03  -7.0139595533528472515172325074672698974609e+03  +2.8110474513664839832927100360393524169922e+03
+4.6842626650520840485114604234695434570312e+04  -8.7665785659159620990976691246032714843750e+04  -8.1640054195143646211363375186920166015625e+04
-9.6082741346881066419882699847221374511719e+03  +1.1153235769376678945263847708702087402344e+04  -3.5392133139212919559213332831859588623047e+03
-1.0022559654353422229178249835968017578125e+05  +2.4867168742938691138988360762596130371094e+04  +4.9447822180895702331326901912689208984375e+04
+1.9776013862802941730478778481483459472656e+04  -1.6881650428985525650205090641975402832031e+04  +6.2489700723229134382563643157482147216797e+03
+9.0515071149810028146021068096160888671875e+03  -6.0824417428336164448410272598266601562500e+02  -3.1407273600783832989691291004419326782227e+03
+1.3098203096939921579178189858794212341309e+03  -4.6348864412838984208065085113048553466797e+03  +1.2163179122747525980230420827865600585938e+04
+1.6184406809159943918530188966542482376099e+02  -8.1502797646259512021060800179839134216309e+02  -2.2684245627525498889554000925272703170776e+02
+6.5330460183103547024074941873550415039062e+04  +8.3459905328024004120379686355590820312500e+04  -4.9171486030456353546469472348690032958984e+03
+5.8868804203812169362208805978298187255859e+03  +1.4653089229899016208946704864501953125000e+05  -3.5384020125918243138585239648818969726562e+04
+7.5448316759655554051278159022331237792969e+03  +9.9292868050180022692074999213218688964844e+03  +1.2924206342468181901494972407817840576172e+04
-1.5683879876888668150058947503566741943359e+04  +3.1725207349228544444486033171415328979492e+03  -1.2616525361430185512290336191654205322266e+04
+4.0166720486057956804870627820491790771484e+03  +9.0894382093096101016271859407424926757812e+02  -4.3426177504586820532495039515197277069092e+02
+3.9535193817303348851055488921701908111572e+02  +1.3954656615157600185739283915609121322632e+02  -3.5810650239181677534361369907855987548828e+02
