DirectForce: 59195; ParticleCell: 46304; NodesUsed: 460; NodesAvailable: 500; TimeLoad: 0.000121901; TimeUpward: 1.2744e-05; TimeForce: 0.00610162; TimeTotal: 0.00624577
1000

-1.2081641657481491165526676923036575317383e+03  -1.9589807134806924295844510197639465332031e+03  -7.1740703509923048386554000899195671081543e+02
-3.0930923802869658700842592224944382905960e+00  -7.2633403283261834815220936434343457221985e+00  +5.0979325702357103367035051633138209581375e-01
+1.2722519322045137357690691715106368064880e+02  -1.1087436563876357809022010769695043563843e+02  +1.0371181814314702762658271240070462226868e+02
+4.9912275071857027342048240825533866882324e+02  -3.0577787552637971657532034441828727722168e+02  +1.0410256572687299012613948434591293334961e+03
+7.5127838364397405257477657869458198547363e+02  -1.0274756054461815892864251509308815002441e+03  -4.7365552413672219245199812576174736022949e+02
+1.0166030913491639466883498243987560272217e+03  -9.8688728397698571370710851624608039855957e+02  -1.8426973098758383002859773114323616027832e+03
-3.2175599270307748156483285129070281982422e+03  -3.4551624062816614468829357065260410308838e+01  +2.1304230028473621132434345781803131103516e+03
-9.4046236073313398406980923027731478214264e+00  +2.8253546231441788449956220574676990509033e+01  +3.9668943579602142790463403798639774322510e+01
-2.2757153399870621797163039445877075195312e+03  -7.6703499795422021634294651448726654052734e+02  +1.4399125547495211776549695059657096862793e+03
+2.1508864564340761660332645988091826438904e+01  +2.1077746790997604620088168303482234477997e+00  -2.2699508891840132207562419353052973747253e+01
-1.2423652865892959198390599340200424194336e+03  +1.4161644166261103805481980089098215103149e+02  -7.2115420713347430137218907475471496582031e+02
+2.4177448711581710085738450288772583007812e+03  -6.2598035699696799838420702144503593444824e+02  -1.6419684048676026577595621347427368164062e+02
+1.5592314484926207569515099748969078063965e+03  -3.5660046140533486322965472936630249023438e+03  -1.9727010873760814320121426135301589965820e+03
-2.0820164138217666049968102015554904937744e+02  -1.1850761621631480124960944522172212600708e+02  -3.3096120032440853719890583306550979614258e+02
+1.4052379561631951219169422984123229980469e+03  -1.7695663447628849098691716790199279785156e+03  +6.5546093874888572372583439573645591735840e+02
-2.2590478277929875616791832726448774337769e+02  -4.6035756890290251419628475559875369071960e+01  +9.4949275907077776537335012108087539672852e+01
+1.3031878054159440125658875331282615661621e+03  +1.7957130492151884482154855504631996154785e+03  -2.1227305764856155292363837361335754394531e+03
-9.2389185670122646598656501737423241138458e+00  +1.5644522787471172975415356631856411695480e+01  +1.0322804243126544321285109617747366428375e+01
+3.9179423393538068012276198714971542358398e+03  +1.3586592824115718030952848494052886962891e+04  +1.9386696719654810294741764664649963378906e+04
-1.7322557939766520007651706691831350326538e+02  -6.9703136385200855329458136111497879028320e+02  +1.1471179409584010500111617147922515869141e+03
+1.0193038084569371903853607363998889923096e+02  +5.3790625934862237045308575034141540527344e+02  -7.7583633010625464976328657940030097961426e+02
-6.9558638775436008927499642595648765563965e+02  -6.3470855983482340434420621022582054138184e+02  -3.6416974771454943038406781852245330810547e+02
-4.5430289183325038493421743623912334442139e+02  +9.0262529019728077628315077163279056549072e+01  +2.3486462609693940066790673881769180297852e+03
+3.0551823692777912810925045050680637359619e+02  +5.1068457326012392627490044105798006057739e+01  -1.3850508486088926929369335994124412536621e+02
+1.3684852520213857474118412937968969345093e+02  +9.1147092051436891324556199833750724792480e+02  -6.9935531642114415262767579406499862670898e+02
-1.0915606532935953509877435863018035888672e+03  -3.2062967469903549044829560443758964538574e+02  +5.4963763404274516233272152021527290344238e+02
+5.3964385050060650428349617868661880493164e+02  -1.0075697787262408837705152109265327453613e+03  +8.5974258832411487674107775092124938964844e+02
+3.1467039641670166929543484002351760864258e+03  -1.3007726048473089122126111760735511779785e+03  -1.6500737547832709424255881458520889282227e+03
+2.2252052036938383139386132825165987014771e+02  -1.2737369841995234764908673241734504699707e+03  +1.9613066165186459954838937846943736076355e+01
+1.8510199317426468041958287358283996582031e+03  +1.4381434283476903601695084944367408752441e+02  +3.8961432805196900517330504953861236572266e+03
-2.7385058767899255371958133764564990997314e+02  +1.4797122669285736265010200440883636474609e+03  -8.7940780596855563544522738084197044372559e+02
-5.6372664008840454030746514035854488611221e+00  -4.7384701527183000280274427495896816253662e+02  +1.8516905836905053206464799586683511734009e+02
-1.4049734838050698115807790600229054689407e+01  +4.0654130578165683118641027249395847320557e+02  +5.0114783148779002885930822230875492095947e+02
+9.6840988056673836581467185169458389282227e+01  -2.4014984856248723588123539229854941368103e+01  -6.4899804232542379622827866114675998687744e+01
-3.4752342292387646693896385841071605682373e+02  -1.0930275977103444802196463569998741149902e+03  +1.6042906287231542705740139354020357131958e+02
+1.7755197541286388513981364667415618896484e+03  +2.7171367396736286536906845867633819580078e+03  +3.2768600789146685201558284461498260498047e+03
+2.7714909458724713431365671567618846893311e+02  -8.3533542332542242547788191586732864379883e+02  +2.7002080568323316356327268294990062713623e+02
-1.4723163141181630635401234030723571777344e+03  -1.3603959827612595745449652895331382751465e+02  +1.8250029288902342727851646486669778823853e+02
+1.7943617275586834125533641781657934188843e+02  +4.5946365537902607911746599711477756500244e+02  -4.9530079272076733332141884602606296539307e+02
-5.1794888977549999253824353218078613281250e+03  -8.6770321924351155757904052734375000000000e+03  +2.0218926866614453956572106108069419860840e+03
-2.3104700251839463476244418416172266006470e+02  -3.1841649507233978511067107319831848144531e+02  +1.3569569947082152339135063812136650085449e+02
+3.1018822547467156169886948191560804843903e+01  +1.2026989945155155226075294194743037223816e+02  +2.4264787244408051236632672953419387340546e+01
-1.2857888209388048039727436844259500503540e+02  -1.3684675881566366228980768937617540359497e+02  -5.1120894427564917350537143647670745849609e+02
+3.8228298135914502609011833555996417999268e+02  -9.0759319384336561142845312133431434631348e+02  +5.5566305026979279091392527334392070770264e+00
-6.4314465043796426471089944243431091308594e+03  +3.5588130166177647879521828144788742065430e+03  +8.4257311879424723883857950568199157714844e+03
-2.9186126258114823031064588576555252075195e+03  +2.3183857170359078736510127782821655273438e+04  +1.8571791132718749395280610769987106323242e+03
-1.1655130391631739712465787306427955627441e+03  -1.4705593582832557331130374222993850708008e+02  -3.1934776723323511760099790990352630615234e+02
+1.0412397206929947060416452586650848388672e+04  +1.5009056098247890986385755240917205810547e+04  +3.2445773468691259040497243404388427734375e+03
+1.3389165354982027565711177885532379150391e+04  +6.8239924947095205425284802913665771484375e+04  +1.6982282494234201294602826237678527832031e+04
-4.0456226295747836729788105003535747528076e+02  -1.1783259376197799284113898465875536203384e+01  +1.0058769863756067479698685929179191589355e+03
+3.2582324040078710822854191064834594726562e+03  +7.7561805786302807064203079789876937866211e+02  +3.5535387720991798232716973870992660522461e+02
+9.0881045110535103503934806212782859802246e+02  +1.8525818220895150716387433931231498718262e+03  -3.4855453640538498802925460040569305419922e+03
+1.1035869640738232178023281448986381292343e+01  -1.5010317810313906647934345528483390808105e+03  +3.0971977604263310013266163878142833709717e+02
-4.6997662188183795706208911724388599395752e+01  -7.0593096503798179242039623204618692398071e+01  -8.7633934992570530653210880700498819351196e+01
-1.0764222845135935813232208602130413055420e+02  -4.9021161365602047510492411674931645393372e+01  -2.9925668902513717739566345699131488800049e+02
+8.3908864134490636388363782316446304321289e+02  +1.1273555411561599157721502706408500671387e+03  +3.8023657707274639960814965888857841491699e+02
-3.1597208038445614874945022165775299072266e+02  +3.0267515354180719810983646311797201633453e+01  -2.6067782702596866784006124362349510192871e+02
-4.9617430151134414018088136799633502960205e+02  -1.9416454800201127000036649405956268310547e+03  -5.6602650316427298093913123011589050292969e+02
+1.7752591628351492545334622263908386230469e+04  -7.1891914243247106242051813751459121704102e+02  +1.2951518866307603161658335011452436447144e+02
-5.5543060748691113985842093825340270996094e+03  +5.3768456673981490894220769405364990234375e+03  -1.5708591664393719838699325919151306152344e+04
+1.6484827079083039791385090211406350135803e+01  -2.1354801772662412417957966681569814682007e+02  +5.2155836937984133783174911513924598693848e+02
+5.2907815418163340837054420262575149536133e+02  -8.4034356512930571625474840402603149414062e+02  +2.5301235255614319612504914402961730957031e+03
-2.1776792072014376344668562524020671844482e+02  -6.8352640467619309561086993198841810226440e+01  +1.3359029607967909214494284242391586303711e+02
+1.0511545908747200428479118272662162780762e+02  -1.8094855265597342963701521512120962142944e+02  -9.2733114621780885045154718682169914245605e+01
-1.5551269157015516952924372162669897079468e+02  -4.6390452124279960344210849143564701080322e+01  -6.1797308483981971960474766092374920845032e+00
+3.5337872409125338890589773654937744140625e+03  +4.5047911148988632135115040000528097152710e+01  +2.7419921960415940702660009264945983886719e+03
+6.8841059543939654759014956653118133544922e+03  -8.5704512025328961044579045847058296203613e+02  +2.1676952083318342374695930629968643188477e+03
-1.0668873096796596655622124671936035156250e+03  +1.5363981748580891917299595661461353302002e+02  +1.0788357104825818169047124683856964111328e+03
+5.9899465954897648771293461322784423828125e+04  +2.2898661678936491625790949910879135131836e+03  -3.8297500677793708746321499347686767578125e+04
+1.0296096956654126188368536531925201416016e+04  -2.1873581483009272119488741736859083175659e+02  -7.0488692991498037372366525232791900634766e+03
+7.4503063860633460535609629005193710327148e+01  -3.1700970878366752003785222768783569335938e+03  -1.6234996500843174089823151007294654846191e+03
+3.6018405609359871277774800546467304229736e+02  +7.0296780844249599340400891378521919250488e+02  -7.9561546314658633249905506090726703405380e+00
-2.5915796653937914015841670334339141845703e+03  -1.9056495019156989201292162761092185974121e+02  -1.9950598706358043727959739044308662414551e+03
-1.7974667958934157923067687079310417175293e+03  +1.1804808614144124021549941971898078918457e+03  +7.9309045336475383010110817849636077880859e+03
-1.7498395077500578054241486825048923492432e+02  +3.4752476087377807800748996669426560401917e+01  +1.4429419033600439092879241798073053359985e+02
+7.2759465764049025437998352572321891784668e+01  +7.6242475041706893534865230321884155273438e+02  +1.3065737924491993453557370230555534362793e+03
+2.3544417233588992530712857842445373535156e+03  -1.3355467429309808267134940251708030700684e+03  -1.4813824367227450693462742492556571960449e+03
+7.7421189709097689046757295727729797363281e+02  +5.7646504030654614325612783432006835937500e+02  -1.2323747006593396235984982922673225402832e+03
-5.1520169871795879146247898461297154426575e+01  -6.6118512161250180270144483074545860290527e+01  +2.7217703806914056485766195692121982574463e+02
+6.8375290369769274434474937152117490768433e+01  +2.1018450876204059341034735552966594696045e+02  -8.4104308983962710044579580426216125488281e+02
+1.0174589768726677903032395988702774047852e+03  -2.0605773227219738146231975406408309936523e+03  +1.7779409278293333045439794659614562988281e+03
-1.6871064675593686388310743495821952819824e+03  +4.6504360550324315681791631504893302917480e+02  -7.4693614612968545429794176016002893447876e+01
+1.6464362576286831085781159345060586929321e+02  -1.1231781047024564941239077597856521606445e+03  -1.8124073313221638272807467728853225708008e+03
-8.8145553896933040505246026441454887390137e+02  -2.2486177683725036331452429294586181640625e+03  +8.8561786240836545402999036014080047607422e+02
+5.8066098590998818096409195277374237775803e+00  +3.3975373407040031281667324947193264961243e+01  +3.1984241224028181704852613620460033416748e+01
-5.5717022275355243543515371129615232348442e-01  -8.2110796693778613786207642988301813602448e+00  -3.3405784093092826481097290525212883949280e+01
+1.6357205480274373599058890249580144882202e+02  +2.0658047891309525567749005858786404132843e+01  +3.3023746635660842230208800174295902252197e+01
-2.3841629682787406636634841561317443847656e+03  +1.2859990268755091165076009929180145263672e+04  -8.9780174324142026307526975870132446289062e+03
-3.1267462566159654357988983974792063236237e+01  -8.6598431205161915613643941469490528106689e+01  -9.5801162093841969635832356289029121398926e+02
+1.1257863406672788187279365956783294677734e+04  +4.1751420651024767721537500619888305664062e+04  +2.4798906915155184833565726876258850097656e+03
-2.9840739922186063637354891397990286350250e+01  -1.6103693586905308166024042293429374694824e+03  +6.5600075310032059405784821137785911560059e+02
+5.6432670575372947041614679619669914245605e+02  -8.9511162042661084115025005303323268890381e+01  -4.1405239930694443728498299606144428253174e+02
+1.1512166710927684842857843250385485589504e+00  -1.1739872853798888172605074942111968994141e+03  -8.6780652265790581623150501400232315063477e+02
+4.6888393251069351208570878952741622924805e+02  +1.6915384499399758055915299337357282638550e+02  +2.5493733646592017976217903196811676025391e+03
+1.3210448865928760824317578226327896118164e+03  -1.2296010774068204227660316973924636840820e+03  +2.1814295752589878247817978262901306152344e+03
-3.8810746027210704767185234231874346733093e+01  +2.7111355298104649058643644821131601929665e+00  +1.6372081504052164291351800784468650817871e+02
+3.5409456955798833632798050530254840850830e+02  +9.1914949159155526103859301656484603881836e+02  -9.8631677614754948990594130009412765502930e+02
-2.1090879512827196862190248793922364711761e+01  +6.3642037538399360840912777348421514034271e+00  +3.3430635005250763924777857027947902679443e+01
-1.4349161319287677179090678691864013671875e+05  -8.9177233403914491645991802215576171875000e+04  +2.8411572053925832733511924743652343750000e+04
-9.7025774929833587520988658070564270019531e+03  -2.7610848955078445214894600212574005126953e+03  -2.2099988726662842964287847280502319335938e+04
-9.4677608123579852872353512793779373168945e+02  +3.2700358303914083535346435382962226867676e+02  -1.5065083861608204074400418903678655624390e+02
-3.5231074635465608935191994532942771911621e+02  -1.7783775457931164964975323528051376342773e+03  -8.4903846247466037766571389511227607727051e+02
-2.5435647974270605118363164365291595458984e+03  -9.2154034796265568729722872376441955566406e+02  -4.2788681397712210241479624528437852859497e+01
-6.5567519170136995398934232071042060852051e+02  +6.0986914498986050148232607170939445495605e+02  +3.9019903575307898790924809873104095458984e+02
+5.3940214797091243781324010342359542846680e+02  -5.4242496931216180655610514804720878601074e+02  +8.2329242973652867476630490273237228393555e+02
-2.9832251553978619540430372580885887145996e+02  -7.2247217190150888654898153617978096008301e+02  -2.0015271704873032376781338825821876525879e+02
-1.1894198929898777805647114291787147521973e+03  +8.4324079456206993654632242396473884582520e+02  -2.5213965152539000769138510804623365402222e+02
+5.7195811663533572755113709717988967895508e+02  +2.7980029851626380832385621033608913421631e+02  -1.3454558059450753262353828176856040954590e+03
+2.8785927773960702324984595179557800292969e+02  +2.1284694085383324591020937077701091766357e+02  +2.1665289351317653654405148699879646301270e+02
-5.9118369938667441942925506737083196640015e+01  +8.4237090194274372834115638397634029388428e+01  -4.5139628585976609542740334291011095046997e+01
+6.0128591921535303299606312066316604614258e+01  +2.6521534789856058722534726257435977458954e+01  +5.5792430339506232428448129212483763694763e+01
+2.5507494739016037783585488796234130859375e+03  +1.1124805915449933308991603553295135498047e+03  -1.4205753277590786183282034471631050109863e+03
+1.3175411777903161691938294097781181335449e+03  +2.8889779384658436356403399258852005004883e+03  -1.2820843536360573011734231840819120407104e+02
-2.5103588461336062209738884121179580688477e+03  +3.6791172117912324210919905453920364379883e+03  -4.7551441270995783270336687564849853515625e+03
-3.9611153382232720332467579282820224761963e+02  +7.1765789490021063556923763826489448547363e+02  -1.2318074019643272549728862941265106201172e+03
-3.9762333877424675847578328102827072143555e+03  +1.9211503916450408269156469032168388366699e+02  -1.6955941917479167386773042380809783935547e+03
+6.6554619359641437768004834651947021484375e+03  +5.0679772984246201303903944790363311767578e+03  +4.7247827937902166013373062014579772949219e+03
-2.9274387653168804490633192472159862518311e+02  +1.8954386124773523647490947041660547256470e+02  -6.5434248073997608230456535238772630691528e+01
-5.0891478479514596244825952453538775444031e+01  -2.0822904963303255954087944701313972473145e+02  -1.8821598363918141672002093400806188583374e+02
+1.1034586282254765592369949445128440856934e+03  +1.7942651976196539180818945169448852539062e+03  +1.3718461920261377144925063475966453552246e+03
+2.8888832071323317904898431152105331420898e+03  -1.1138533968700428431475302204489707946777e+03  +1.3362294998611860137316398322582244873047e+03
-6.6709825030092179076746106147766113281250e+04  -7.1304514180593439959920942783355712890625e+04  -3.0607970105773110844893380999565124511719e+04
+1.6329409013475196843501180410385131835938e+02  -2.5534792514534410656779073178768157958984e+03  -1.2940524950779076789331156760454177856445e+03
-2.7738329176426663025267771445214748382568e+02  -9.9820929794523920008941786363720893859863e+01  +1.7933588980554975478298729285597801208496e+02
+9.1945068314986019686330109834671020507812e+02  -1.9597787866177684463764308020472526550293e+03  -7.5572157195355771364120300859212875366211e+02
+1.2183500862880676152144587831571698188782e+02  +2.3664911981660881679090380202978849411011e+02  -5.6379894527414059268721757689490914344788e+01
-6.1331396660360414898605085909366607666016e+03  -4.6373171892919999663718044757843017578125e+03  -1.5033880422495383299974491819739341735840e+03
+1.6657581295670147483178880065679550170898e+03  -3.2431785770053153328262851573526859283447e+02  +4.2336909615070835570804774761199951171875e+03
+3.2603777490464516449719667434692382812500e+05  +1.7145452779351522622164338827133178710938e+04  -8.1947181501373430364765226840972900390625e+04
-4.7414719919691078757750801742076873779297e+03  +2.9176214180874176236102357506752014160156e+04  -1.8727561544246364064747467637062072753906e+03
-9.4639579849687743262620642781257629394531e+02  -6.0908084276343947749410290271043777465820e+02  +1.0059288395736655274959048256278038024902e+02
+3.9631966800819509444409050047397613525391e+03  -6.4210946525668532558484002947807312011719e+03  +6.7110942911831455148785607889294624328613e+02
-2.1126300024359079543501138687133789062500e+04  -1.0476783924584637134103104472160339355469e+04  +1.1997051640686517202993854880332946777344e+04
-9.4137821496982169833245279733091592788696e+01  +3.0506804394181938278052257373929023742676e+02  -1.3483402322053993316330888774245977401733e+02
-2.5463513607627310193493030965328216552734e+03  +6.8016555210243432156858034431934356689453e+03  +9.8757191701154242764459922909736633300781e+03
-1.3267113026930405794701073318719863891602e+03  +4.7463147557373865481622488005086779594421e+01  -4.7413355909001501231614383868873119354248e+02
-1.5362617231132192046061391010880470275879e+03  -1.2382263648896614540717564523220062255859e+03  +7.5717402427080799043324077501893043518066e+02
-1.2523390521521447226405143737792968750000e+04  +2.5264788990307522908551618456840515136719e+04  +2.3768828199002931796712800860404968261719e+04
-2.9188149264065424404179793782532215118408e+02  +3.5088065913046733612645766697824001312256e+02  -9.3094827395948220782884163782000541687012e+02
-1.6846263289782243077752355020493268966675e+02  +5.6861402361734496935241622850298881530762e+02  -2.2053731300900426504085771739482879638672e+03
-4.0510961950562926858765422366559505462646e+02  +4.7989609262138515077822376042604446411133e+01  +2.9123305904066356220027955714613199234009e+01
-3.3886236432322534710692707449197769165039e+03  -2.5116201802817155908087443094700574874878e+02  -5.0416067971350130392238497734069824218750e+03
-1.6367649674773350852774456143379211425781e+04  -1.6992552504402134218253195285797119140625e+04  -7.6859166310750488264602608978748321533203e+03
-1.0137575857812362301046960055828094482422e+03  -5.0229267897868652426041080616414546966553e+02  -4.2504090534840116788473096676170825958252e+02
+6.9373205365773330299816734623163938522339e+01  +1.9975432490610437525901943445205688476562e+03  +3.9189563713759298479999415576457977294922e+02
-2.4863111193697582166350912302732467651367e+03  +3.7623153102193991799140349030494689941406e+03  +4.6868936474051697587128728628158569335938e+03
-2.0753328244768449621915351599454879760742e+03  -2.4476861363186653761658817529678344726562e+03  +3.2758972167313054342230316251516342163086e+03
-1.7723393396030098756455117836594581604004e+03  +1.4000155246547171827842248603701591491699e+03  -5.6877020474305993502639466896653175354004e+02
-3.8578826282757370336184976622462272644043e+02  +3.4446616370073689950004336424171924591064e+02  -4.5865886025284311244831769727170467376709e+02
-2.8997562878495784843835281208157539367676e+02  +1.0150567339629405694267916260287165641785e+02  +1.1466254390990945921657839789986610412598e+02
+1.7007311831348655687179416418075561523438e+04  -8.7405377255282473925035446882247924804688e+03  +5.5679855390457705652806907892227172851562e+03
-1.9088733664985784344025887548923492431641e+03  -2.3200020320520211498660501092672348022461e+03  +5.4864842687223426764830946922302246093750e+02
+9.6645213489548332290723919868469238281250e+03  +3.1327586272724497575836721807718276977539e+03  +4.9436065621498864857130683958530426025391e+03
+2.2968075116647568734151718672364950180054e+02  +4.3095063531541576651306968415156006813049e+01  +3.6903845034572071881484589539468288421631e+02
-6.0617050153066065476537005451973527669907e+00  -6.0309283076055419314798200502991676330566e+02  +8.6845029679810636480397079139947891235352e+01
-9.9783609264395678906112152617424726486206e+01  -1.5307214798969175717502366751432418823242e+02  +7.4588511114788516920270922128111124038696e+01
-1.5937321088735832290694816038012504577637e+03  +1.5204760664434670047739928122609853744507e+02  +2.7554402559915115489275194704532623291016e+02
+2.6785471477473311097128316760063171386719e+02  -9.3681540910735577654122607782483100891113e+02  -3.8050095490700341542833484709262847900391e+03
-2.0291097323122126994121572352014482021332e+01  -4.4384516734563504769539576955139636993408e+01  -3.2149238090516512045269337249919772148132e+01
-8.4204256459394493106174195418134331703186e+00  -8.8285644697980973916173752513714134693146e+00  +3.0598850399527295351731481787282973527908e+00
-4.5837335418716619983570126350969076156616e+01  -2.7907503798550629880992346443235874176025e+02  -1.8633217681184297020990925375372171401978e+02
-2.0581764147137910185847431421279907226562e+03  +1.2517874248494074436166556552052497863770e+03  +1.0345437466032883548905374482274055480957e+03
-1.6751664068867424361997109372168779373169e+02  -2.7736719396859155040147015824913978576660e+02  -2.6246449617085755789958056993782520294189e+02
+6.5191375596936831371408516133669763803482e+00  +3.2892147095132102663228579331189393997192e+00  -3.9343014631692980742627696599811315536499e+00
+1.7800804297002744078781688585877418518066e+03  +8.5436579285939740202593384310603141784668e+02  -2.3482234346471941535128280520439147949219e+03
+7.6480509075321788259316235780715942382812e+02  +2.7941394101816570127994054928421974182129e+02  -1.1428750998874945707939332351088523864746e+03
+5.9411744645100418438232736662030220031738e+02  +7.2674469718966363984691270161420106887817e+01  -1.2405148593147367819256032817065715789795e+02
-1.2294454009577684701071120798587799072266e+03  +4.6153530721805867642615339718759059906006e+02  +5.9990329029936708593595540151000022888184e+02
+8.5191066146220336463557032402604818344116e+01  +2.6755426969375469070655526593327522277832e+02  +8.2066797448830911321238090749830007553101e+01
-8.7516619316575230413945973850786685943604e+01  -7.2504879911026520744599110912531614303589e+01  -8.9538956483693130650181046803481876850128e+00
-3.8542765882339388383570621954277157783508e+01  +4.9795706256652192678302526473999023437500e+02  -1.0381240418490348531577183166518807411194e+02
-2.8354893964550626606069272384047508239746e+02  -3.6350750678831722950690163997933268547058e+01  +4.8135340333294742265479726484045386314392e+01
+7.6469463931589714889014430809766054153442e+01  +4.2821922567100457968081173021346330642700e+01  +9.3815610275531557959993733675219118595123e+00
-4.5224332565768952463258756324648857116699e+02  -2.5270344920691650258959271013736724853516e+02  -1.7028423357243497093804762698709964752197e+02
-1.0692381889382631925400346517562866210938e+03  +7.8263854048353341568144969642162322998047e+03  +4.9911026384532442534691654145717620849609e+03
+3.4638812976819158393482211977243423461914e+03  -5.0779985320649927871272666379809379577637e+02  -2.2779839753003529949637595564126968383789e+03
+6.3875438875281716377685370389372110366821e+01  -4.8078640675810714810722856782376766204834e+02  -3.3063822518982772180606843903660774230957e+02
+4.7806127396011078189985710196197032928467e+02  +1.5452482733780848889182379934936761856079e+02  -5.1116136473914042426258674822747707366943e+02
-4.1459975713756830373313277959823608398438e+02  +7.4983718070792534149404673371464014053345e+01  -1.1038416623723151133162900805473327636719e+02
+3.5118006883862229017267964081838726997375e+01  -3.7029890083847810444694914622232317924500e+01  -4.4534230376388826755373884225264191627502e+01
-6.2043400549251508380166342249140143394470e+00  -1.8146812195578569060216977959498763084412e+01  -4.1812725636802305473338492447510361671448e+01
-1.0753084367821998057479504495859146118164e+03  +1.4173539696799791727244155481457710266113e+03  -6.3619634216554629801976261660456657409668e+02
+6.4678638659208888839202700182795524597168e+02  +2.2192074928431927105521026533097028732300e+02  -4.3591792677775683841900900006294250488281e+03
-4.7006436269127543710055761039257049560547e+03  -3.8867299737472842480201506987214088439941e+02  -6.4591476821841388300526887178421020507812e+03
+4.1593029901603240432450547814369201660156e+03  +2.8892664252995004972035530954599380493164e+03  -4.0824270454984196021541720256209373474121e+02
+1.0813505735352793635684065520763397216797e+04  -9.6251285499107125360751524567604064941406e+03  -1.2228144871163694915594533085823059082031e+04
-3.0468024431596328213345259428024291992188e+04  +4.2216895674530940596014261245727539062500e+04  -2.7322677918183140718610957264900207519531e+04
+1.2643488105108112051766511285677552223206e+02  -8.0002487797961680371372494846582412719727e+02  +2.4297719398483668555854819715023040771484e+03
-1.8951724184609261669720581267029047012329e+02  -8.1366695714685101847862824797630310058594e+02  -1.7082330783330124290841922629624605178833e+02
+5.5427609758254066036897711455821990966797e+03  -2.4548240740175737300887703895568847656250e+04  +4.2219378874481524690054357051849365234375e+04
+8.7220936665396209264144999906420707702637e+01  +3.5157938766307995592796942219138145446777e+02  +6.2333453315768019820097833871841430664062e+02
+5.1936409545282151611900189891457557678223e+02  +1.4662515214629208912811009213328361511230e+03  +1.3248668605025161468802252784371376037598e+03
+3.9839202236527730747184250503778457641602e+03  -2.0896559786319451745839614886790513992310e+02  -3.9421631125145236183016095310449600219727e+03
-3.3058122001842143617977853864431381225586e+03  -8.4047541553849932824959978461265563964844e+03  -1.7815716745833115055575035512447357177734e+03
+2.4373990782101671356940641999244689941406e+04  -1.5896070895924956857925280928611755371094e+04  -7.6497373399939533555880188941955566406250e+04
+3.9610458865071149148207041434943675994873e+02  -5.1287092411310322859208099544048309326172e+02  -1.1363171043763861689512850716710090637207e+03
+1.1148010440558755362872034311294555664062e+02  +6.7028540058914950350299477577209472656250e+02  -1.1504261565098551045593922026455402374268e+02
-1.8411110468754724678319689701311290264130e+01  -5.8873173176793827110486745368689298629761e+00  -6.4378661597499146296286198776215314865112e+01
+1.4211126726731915823620511218905448913574e+03  +1.2279017376591359607118647545576095581055e+03  -4.0165301728122955182698206044733524322510e+02
-2.6308059403485927759902551770210266113281e+04  -6.7804265616234606568468734622001647949219e+03  -3.8240391170195510994744836352765560150146e+02
+2.2872776242228196679207030683755874633789e+03  -3.5247025396992439709720201790332794189453e+03  -2.4870458445149415638297796249389648437500e+02
-2.4301199794428700329262937884777784347534e+02  +1.3359636458666957423702115193009376525879e+03  -1.9110762704241150800044124480336904525757e+02
-1.7976488826689474080922082066535949707031e+03  -8.6638934976538837418047478422522544860840e+02  -4.7074737989814752836537081748247146606445e+02
+1.6897909546895614312234101817011833190918e+03  +5.7506630617106402496574446558952331542969e+03  -3.8710697840348016143252607434988021850586e+03
+4.1625785191098037785195629112422466278076e+02  +7.7594578211725615801697131246328353881836e+02  +1.8668348397307275376988400239497423171997e+02
+9.9454643068805785333097446709871292114258e+02  +6.2499979941897436219733208417892456054688e+02  +1.0843992748146575877399300225079059600830e+02
-6.2366497146001051987695973366498947143555e+02  +5.3623530874065878037981747183948755264282e+01  -8.6479117975767917414486873894929885864258e+02
-2.1439535930298738719557150034233927726746e+00  -1.7882147026644091170055617112666368484497e+01  +1.2206228702095243576764005410950630903244e+01
-2.4975645920734763194559491239488124847412e+02  +9.9472523332848572863440494984388351440430e+02  +3.0504842314090706167917232960462570190430e+02
-1.2545549934335521413686365121975541114807e+02  +1.5573087333370851865765871480107307434082e+03  +1.4657247125803862672910327091813087463379e+03
+1.4160185749711689595642383210361003875732e+02  -6.4081960793526377528905868530273437500000e+02  -3.0058941163479414626635843887925148010254e+02
+1.6295705228765450556238647550344467163086e+02  +3.3061744631125509386038174852728843688965e+02  -2.0350181848823942232229455839842557907104e+02
+9.9199150296759146527847406105138361454010e+00  -3.1338728015537672177970307529903948307037e+01  +5.5522408494993769068059918936342000961304e-01
+1.5875007144670566958666313439607620239258e+03  -2.1586716074334776749310549348592758178711e+03  +6.5579703449144403748505283147096633911133e+02
+1.7965690223937285736610647290945053100586e+03  -3.8165232710390760928476083790883421897888e+01  +4.8238790775400303800779511220753192901611e+02
-6.5125198545577063669043127447366714477539e+01  +6.5167564524219542931859905365854501724243e+01  -1.2707295310081939021529251476749777793884e+02
-6.5894646316557718819240108132362365722656e+03  +1.0485646445940406010777223855257034301758e+03  +1.0016831874044787298316805390641093254089e+02
-1.1456481829497047328914050012826919555664e+03  +5.1761689811050518983392976224422454833984e+02  -7.6806734225871423404896631836891174316406e+02
+2.6702345334521089625923195853829383850098e+02  +6.2032642122573952292441390454769134521484e+02  +3.5680037330085639268872910179197788238525e+02
+6.9376141127505860595192643813788890838623e+01  +4.5117741332038612256383203202858567237854e+01  +6.9189692052694136137347413750831037759781e+00
+1.9710061953536990131397033110260963439941e+03  -3.6568343277876329011633060872554779052734e+03  -5.2916521484691850218951003625988960266113e+02
+4.8398368098132192471894086338579654693604e+02  -1.5624147088778731813363265246152877807617e+03  +7.8645055647774267981731100007891654968262e+02
-3.5452421436602170601304351293947547674179e+00  +1.2711089701592888090431188174989074468613e+01  +4.0308494642923999862205164390616118907928e+00
+1.1643761577205201319884508848190307617188e+04  -9.7106758445593584383459528908133506774902e+02  +5.6979381436371168092591688036918640136719e+03
+6.3782854992269712965935468673706054687500e+05  -2.3524287470656784716993570327758789062500e+05  -6.4637140745364333270117640495300292968750e+04
-3.2517409555543270016642054542899131774902e+02  +1.9588199179656028263707412406802177429199e+03  -2.4548407691610359506739769130945205688477e+03
-2.2336637160808641056064516305923461914062e+03  +1.8822117193184624284185701981186866760254e+02  +3.0389918784258388768648728728294372558594e+03
-2.6097665311590763081994737149216234683990e+01  -7.7847658142463927788412547670304775238037e+01  +4.9519998703793341121581761399284005165100e+01
+4.2580596979261031709285134638776071369648e-02  -4.0590774768109270098648266866803169250488e+00  -1.6099638895267322169502222095616161823273e+01
-8.5479048603205548715777695178985595703125e+04  +8.2277273365848432149505242705345153808594e+03  -5.7158633235649671405553817749023437500000e+04
+5.0610016884433971426915377378463745117188e+03  -1.0913481130625718833471182733774185180664e+03  +1.4712413483887723941734293475747108459473e+03
+2.6378609597153654249268583953380584716797e+03  +3.4716441562846188162438920699059963226318e+02  +2.1584909093298460902587976306676864624023e+03
+5.6281119939771917870530160143971443176270e+02  +2.7603691521756991278380155563354492187500e+03  -1.6470008027108019632578361779451370239258e+03
-2.7846209687339711535969399847090244293213e+02  +7.8246248161265862108848523348569869995117e+02  +5.4321393298456678166985511779785156250000e+03
+4.1472513740087342739570885896682739257812e+03  +2.4161983310162854650116059929132461547852e+03  -8.4757304170037218682409729808568954467773e+02
+2.6637096639289950417150976136326789855957e+02  -2.3787017195302769323461689054965972900391e+02  +7.6228740837627481141680618748068809509277e+02
-5.5152451910919899091823026537895202636719e+02  -4.8372482847164783379412256181240081787109e+03  -2.6353394227759558816615026444196701049805e+03
+1.6371854650283577825575775932520627975464e+02  -1.2247383904001820553730794927105307579041e+02  -8.1235184682256522137322463095188140869141e+02
+2.8332469721568031673086807131767272949219e+03  -2.5189681143243847145640756934881210327148e+03  -4.3719232052459647093201056122779846191406e+03
-9.6881722965314838802441954612731933593750e+04  -5.8254767315466713625937700271606445312500e+04  -4.5865175900778522191103547811508178710938e+04
+1.0602872401690117953876324463635683059692e+02  +9.2650789533552170951224979944527149200439e+01  +3.7071375768245864890104712685570120811462e+01
+4.8280416360874172099215684283990412950516e+00  -4.0645640760516741352148528676480054855347e+01  -1.9141651327769675816625749575905501842499e+01
-2.7385245906460349942790344357490539550781e+03  -3.4971968801321327191544696688652038574219e+03  +1.6602010385212188339210115373134613037109e+03
+1.2786089112454003497987287119030952453613e+03  +3.7051578934946719527943059802055358886719e+03  -6.5994484513770476041827350854873657226562e+02
+5.5943644698162154327292228117585182189941e+02  -7.6616855289219074620632454752922058105469e+02  +1.0571350556995832903339760378003120422363e+03
-4.4300129356771270749959512613713741302490e+02  -1.5350007418470383413477975409477949142456e+02  -3.2504090991429222867736825719475746154785e+02
+7.2494463626655715415836311876773834228516e+02  -1.4096830641398260013374965637922286987305e+03  +4.6505944551649326967890374362468719482422e+02
-1.6404026354829904903454007580876350402832e+03  -6.9319939378537105767463799566030502319336e+02  +1.8389244812083416036330163478851318359375e+03
+2.6464502599286620352359022945165634155273e+03  +3.7016841703418026554572861641645431518555e+03  +1.6723781146472394993907073512673377990723e+03
-1.5630868491046012422884814441204071044922e+04  +2.7615595770012583670904859900474548339844e+04  -4.1579665647318986884783953428268432617188e+04
+1.3949421457183620987052563577890396118164e+02  +1.2921115726534645773426746018230915069580e+02  +1.9385295347832567358636879362165927886963e+02
-2.2461840776089758264788542874157428741455e+02  +5.6861730658738123267426090023946017026901e+00  +5.5735828980702376611588988453149795532227e+02
+2.1958479349894048482383368536829948425293e+01  -1.3370829496104622791108340607024729251862e+01  +6.4905147949225550974006182514131069183350e+01
-2.4637003623417132303075050003826618194580e+02  +4.4924475747310189035488292574882507324219e+03  +2.3873973442361475463258102536201477050781e+03
+1.2268912754756672711664577946066856384277e+03  +1.2384661315459413799544563516974449157715e+02  +4.7662885544594075781787978485226631164551e+02
-1.3381326947039608512568520382046699523926e+03  -1.1916252940602485068666283041238784790039e+03  -1.3153850379879302181507227942347526550293e+03
-1.7685768213640446333556610625237226486206e+02  -1.7909787510486230530659668147563934326172e+03  -5.1391628435751908909878693521022796630859e+02
-5.8161541197053452378895599395036697387695e+02  +3.3118364418459964326757472008466720581055e+02  -3.9940333006964948481254396028816699981689e+02
+4.0058377445664859806129243224859237670898e+03  -1.8872613608674885199434356763958930969238e+02  +2.5609940949055180681170895695686340332031e+03
+2.1215568871630330249899998307228088378906e+03  -8.3919561703734120783337857574224472045898e+02  -2.1270144025420640332413313444703817367554e+02
-5.1947115170222496089991182088851928710938e+03  -1.3009791599450412832084111869335174560547e+04  +4.7683446435607938838074915111064910888672e+03
-3.3173104674028643046312936348840594291687e+01  -4.8030735674250429667608841555193066596985e+01  -6.1931807372492563956711819628253579139709e+01
+6.7265277271650347756803967058658599853516e+01  +6.9079222443098183248366694897413253784180e+02  -2.9625928213969598346011480316519737243652e+02
+3.6057610881925160128957941196858882904053e+02  +1.2857823111138662852681591175496578216553e+02  +4.2780855582740707632183330133557319641113e+02
+6.7299421279858042908017523586750030517578e+03  +6.9863689114572307516937144100666046142578e+03  +8.6895986598526833404321223497390747070312e+03
+1.0414803302779147031742468243464827537537e+02  +2.6014817985318682502793308231048285961151e+01  +1.7313301545821315130524453707039356231689e+02
+4.3718277528943474408151814714074134826660e+01  +1.9069557296722064165805932134389877319336e+02  -1.3475334722033201728663698304444551467896e+02
+1.1853215622373163284919428406283259391785e+02  -6.3466134930906669353589677484706044197083e+01  -1.4987211103280196766718290746212005615234e+02
+3.3250241428518083921517245471477508544922e+03  +2.4568401117313433132949285209178924560547e+03  -6.0323963118256024529273418011143803596497e+01
-8.7897427554532157500943867489695549011230e+02  +5.9776824973248349124332889914512634277344e+03  -4.9390748940146932000061497092247009277344e+03
+8.4572412237724631722812773659825325012207e+02  -6.2411319090935944586817640811204910278320e+02  +1.1136704224676523153902962803840637207031e+03
-1.7232704704265424311415699776262044906616e+02  +5.0475619103097379536393418675288558006287e+01  -4.4778521570283544406265718862414360046387e+02
-3.5390631218140572400443488731980323791504e+02  -5.1178335274347880101686314446851611137390e+01  +2.8540414925096592924091964960098266601562e+02
-7.5129309466112331961085146758705377578735e+01  -3.5601409248950483288354007527232170104980e+02  +1.6789821543357613791158655658364295959473e+03
-5.4352349389857326968922279775142669677734e+03  +8.9771987197317030222620815038681030273438e+03  +1.9902421267611580333323217928409576416016e+03
-9.8249773114869458368048071861267089843750e+02  +1.6075094110568309133668662980198860168457e+03  -2.6783058735487833246224909089505672454834e+02
-1.3106904095229513131926069036126136779785e+03  +1.7877809456972861426038434728980064392090e+03  -8.6424366061543855721538420766592025756836e+02
-4.7711467859437852894188836216926574707031e+03  -3.9316185296984411252196878194808959960938e+04  +2.3496226485735347523586824536323547363281e+04
+5.7869154625352780385583173483610153198242e+02  +1.1912608516033856176363769918680191040039e+03  +7.8776611780272867235908051952719688415527e+02
-1.2814381915033709447016008198261260986328e+02  -2.5337826723037005649530328810214996337891e+02  +2.7603235364026698306361140566878020763397e+01
+4.6381083351292552663380774902179837226868e+01  -8.8498054733620881506794830784201622009277e+02  -1.3369778974875798667198978364467620849609e+03
-4.3619874646952228047780408815015107393265e+00  -3.1795162821744069603369098331313580274582e+00  -2.1913469542008714441294614516664296388626e+00
-1.0497985873607176472432911396026611328125e+03  +4.5225097904719717689658864401280879974365e+02  +1.3794137719175853362685302272439002990723e+03
+2.9765108092112143367558019235730171203613e+02  +4.9096239352278684009434073232114315032959e+02  -4.2750889702696400718195945955812931060791e+02
-4.0968937643038116220850497484207153320312e+04  -4.6489796193055599360377527773380279541016e+03  -4.9099837413688110245857387781143188476562e+04
+1.1125477712605098190579155925661325454712e+02  +5.1252880427847094324533827602863311767578e+02  +3.1153977196210530564712826162576675415039e+02
+6.8379693005135015937412390485405921936035e+02  +7.7795142603182364382519153878092765808105e+02  -6.1511086197060194535879418253898620605469e+02
-1.3267607634126768516580341383814811706543e+03  -5.4042477690505938880960457026958465576172e+02  -2.2319219058635653141209331806749105453491e+02
+1.6349504133450484459899598732590675354004e+03  +1.4813994399460966633341740816831588745117e+03  +1.4970206894317354908707784488797187805176e+03
+5.0640388094026620819931849837303161621094e+03  +1.3966053225785393806290812790393829345703e+04  -9.6764253981747310717764776200056076049805e+02
-3.7011156139820080568370030960068106651306e+01  +1.1381127106950636516558006405830383300781e+04  +8.0013927123115381618845276534557342529297e+03
-1.4178247474532907290267758071422576904297e+04  -1.3041978328125378538970835506916046142578e+04  -6.7849309856460731680272147059440612792969e+03
-1.2178235189329925560741685330867767333984e+03  +6.9377319143044839933054390712641179561615e+00  +1.1211812308251248850865522399544715881348e+03
+2.0655617443532528341165743768215179443359e+03  +1.6771942259549500704451929777860641479492e+03  -4.3890784852052311180159449577331542968750e+03
-1.1063878577265163585252594202756881713867e+03  +6.5806323275002819173096213489770889282227e+02  +2.1981691416086737262958195060491561889648e+03
-1.9479180772741865439456887543201446533203e+03  -5.5329384978174346088053425773978233337402e+02  +1.3833662390854229329306690488010644912720e+02
+1.0704342096226623652910348027944564819336e+03  +1.4993509076098457626358140259981155395508e+03  +4.9162476662911188896032399497926235198975e+01
-1.2547010767256238614208996295928955078125e+05  -1.5786242944317535148002207279205322265625e+05  +1.5834128219557050033472478389739990234375e+05
-6.7400525749395512775663519278168678283691e+02  +9.4074804382046124828775646165013313293457e+02  +5.5072919222682038764560275012627243995667e+01
-1.1933045557140731034451164305210113525391e+03  -2.9045152823310540952661540359258651733398e+03  -4.7739054171883719845936866477131843566895e+02
-2.4962191036205800820368949644034728407860e+00  -2.2845885062563611178632072551408782601357e+00  +2.1256754286317876001533022645162418484688e+00
+1.2685618211716227961005643010139465332031e+04  -8.0198405714313651060365373268723487854004e+02  +9.3231010338554187910631299018859863281250e+03
-1.5337121435515928169479593634605407714844e+02  +2.1925981771379326801252318546175956726074e+02  +4.1726498067829140836693113669753074645996e+01
-2.3416849638129492632288020104169845581055e+03  -2.9919549207852965082565788179636001586914e+03  -4.5003606326083536259829998016357421875000e+03
+4.5199219453862446243874728679656982421875e+04  -3.9226078479060775134712457656860351562500e+05  -1.4003263235972952679730951786041259765625e+05
-1.7614837004486309979256475344300270080566e+02  +4.2561290244868848731130128726363182067871e+02  +2.0496075525967047070707849343307316303253e+01
+1.9685769815049104636273114010691642761230e+02  +6.2952246158549570509421755559742450714111e+01  -5.7625712548013169111982278991490602493286e+01
-1.3862830136779911160971323624835349619389e+00  +1.9337097230821431725900083620217628777027e+00  -4.7667127690421379204721574751602020114660e-01
-4.0087835191528138238936662673950195312500e+04  -1.6138870045602347090607509016990661621094e+04  +1.0095946244880959056899882853031158447266e+04
+1.2924291096104545317757583688944578170776e+02  +2.1283999868221127371725742705166339874268e+02  +1.4341373265324352814786834642291069030762e+02
+4.9482599154447763112329994328320026397705e+02  -1.4623660671729203386348672211170196533203e+02  -7.3333299496046367949020350351929664611816e+02
-9.0142277439194472776762268040329217910767e+01  -3.7441932579797571634117048233747482299805e+02  +7.4333784462661625980217650067061185836792e+01
+1.9274912855127652733244758564978837966919e+02  +1.2252084879674580406572204083204269409180e+03  -5.6002093458312276652577565982937812805176e+02
+5.0314013827198544959173887036740779876709e+02  -1.2994520277674619137542322278022766113281e+03  +5.1391922096414282350451685488224029541016e+02
-1.2255104275961642997572198510169982910156e+04  -2.4568534946613937790971249341964721679688e+04  +9.7296132871549343690276145935058593750000e+03
-2.8922745964270832885745221574325114488602e+00  -2.2572571174296927054570005566347390413284e+00  -3.6072604959431564530802916124230250716209e-01
-4.9490223289821614116590353660285472869873e+02  -2.1009864341729539205516630318015813827515e+02  +1.9008435689274369906343054026365280151367e+02
+2.9487048373797595246514902100898325443268e+01  -1.4775232727216186745522463752422481775284e+01  -2.8807957919743834906967094866558909416199e+01
-3.9885228026250944822095334529876708984375e+04  +3.9961434403417620342224836349487304687500e+05  +1.4187088189215864986181259155273437500000e+05
-5.8877471766974758793367072939872741699219e+03  +5.7410869424974962385022081434726715087891e+03  +1.1598137564616154122631996870040893554688e+03
+3.1422742047034685128892306238412857055664e+03  +2.0660477316071078348613809794187545776367e+03  -1.8528314327841148951847571879625320434570e+03
+7.6945022604684822908893693238496780395508e+01  +7.4179824165259082846546334621962159872055e+00  -2.3163083830628556825104169547557830810547e+02
+2.0378566632783794432270951801910996437073e+00  -4.1200820885033238027972402051091194152832e+00  +7.3253732620418676724227680097101256251335e-01
+6.3556765916866982024657772853970527648926e+02  -2.8711536358667544845957309007644653320312e+03  +9.7238160712776493710407521575689315795898e+02
+6.5137512236823226885462645441293716430664e+01  +2.2368852916679878717332030646502971649170e+02  +2.3937232647506800731207476928830146789551e+02
+1.8345496408565432489012891892343759536743e+02  -5.4323663279991983188210724620148539543152e+01  -6.1378725049444062733527971431612968444824e+02
-1.4153927097836844950506929308176040649414e+02  +3.7890003942239940215586102567613124847412e+02  -5.5491611312695565683128506861976347863674e-01
-1.7479827259820667677558958530426025390625e+03  +8.2059199292125049396418035030364990234375e+03  +8.0722571542458899784833192825317382812500e+03
-2.3979864304263432472907879855483770370483e+02  -5.0930314682792374014752567745745182037354e+02  +3.8328770614226090174270211718976497650146e+02
-2.5164908093724948230374138802289962768555e+03  -1.1339672028949238665518350899219512939453e+04  -8.2144681613126103911781683564186096191406e+03
-2.7592672087328327279465156607329845428467e+02  -1.5236065453031858396570896729826927185059e+02  -1.8730233108696069166398956440389156341553e+02
-1.5788613195025376967350894119590520858765e+02  -9.9303019526894547652773326262831687927246e+02  +1.3627231471256041004380676895380020141602e+03
+3.1464207190746736841902020387351512908936e+02  -2.7407391572377457578113535419106483459473e+02  -2.8806610357673787348176119849085807800293e+02
+5.1351656968418006727006286382675170898438e+04  +1.0212033793938625603914260864257812500000e+05  +4.5569984625545912422239780426025390625000e+04
-6.5773857150818934314884245395660400390625e+04  +5.6573255377415473049040883779525756835938e+04  +1.8145948661943041315680602565407752990723e+03
+2.4616864603875703323865309357643127441406e+04  -6.0768533489684617961756885051727294921875e+04  -5.0518480961647139338310807943344116210938e+04
+1.6101254050259267387446016073226928710938e+03  +6.7042047587934223429328994825482368469238e+02  -2.7222957490404297686836798675358295440674e+02
-2.0629140491788016333885025233030319213867e+03  +6.2614553520138122166827088221907615661621e+02  -1.6273942175375079841614933684468269348145e+03
-2.5763469901969949660269776359200477600098e+02  -1.8440832687066887274340842850506305694580e+02  -5.3345922843472585839208477409556508064270e+01
-1.9657871462107432307675480842590332031250e+04  +5.3651745949220050533767789602279663085938e+04  +4.3221928016766818473115563392639160156250e+04
+8.1717403547578180678101489320397377014160e+02  +2.9058271777308033279041410423815250396729e+02  +3.2462908541803363959843409247696399688721e+02
-3.6927786194976505385056952945888042449951e+02  -3.5462487713913733387016691267490386962891e+03  +6.1812627257701512917265063151717185974121e+02
-4.1510433554614087370282504707574844360352e+02  -6.0496886074995623872041505819652229547501e+00  +1.1245954622534132738564949249848723411560e+02
-3.7741846593841381718448246829211711883545e+02  -4.0289774541127820839392370544373989105225e+02  +3.8932494841159204668201709864661097526550e+01
+1.0088989185413960285586654208600521087646e+03  -2.9689843149403436655120458453893661499023e+03  -5.6603763060904805115569615736603736877441e+02
-2.4322712147763803613997879438102245330811e+02  -7.1034260300520702458015875890851020812988e+02  +8.4270533228225781385845039039850234985352e+02
-1.2665750029620858185808174312114715576172e+03  -1.0326542733482283438206650316715240478516e+03  +1.0216003347835242038854630663990974426270e+03
+2.0303179216723975741842878051102161407471e+01  +9.7350063197533961556473514065146446228027e+02  +2.0950279397080444141465704888105392456055e+03
+7.2580703946696507955493871122598648071289e+02  +2.4193770165253963568829931318759918212891e+03  +7.5350509537393691061879508197307586669922e+02
+2.7653048121779970642819534987211227416992e+03  +3.4114981313453331495111342519521713256836e+03  -1.1529575095047789545787964016199111938477e+03
-1.0658845915330005027499282732605934143066e+03  +9.9427532911788915725992410443723201751709e+01  -1.9728936857636267632187809795141220092773e+02
-5.5440554854376005096128210425376892089844e+03  +3.2861233834765980645897798240184783935547e+03  -3.7631253192873118678107857704162597656250e+03
+1.1446346014728082707279099849984049797058e+02  +1.9722439993057307106028019916266202926636e+02  +3.6615227610610781994182616472244262695312e+02
+1.4636818823713645087991608306765556335449e+02  -6.4385255650974534091801615431904792785645e+02  -2.5308062019258321129200339782983064651489e+02
+4.7523371086635401297826319932937622070312e+04  -8.0064703116346508977585472166538238525391e+03  +4.3756760928314601187594234943389892578125e+04
-5.4009636777085585634949893574230372905731e+00  +4.0279583644066249803472601342946290969849e+01  +7.9335562715065941574721364304423332214355e+02
-3.0609602373790897900107665918767452239990e+02  +1.2933858320467601288328296504914760589600e+02  -4.2199968887792999794328352436423301696777e+02
+9.0718412144233479921240359544754028320312e+02  -1.9144155204359519757417729124426841735840e+03  -1.9401008824861087305180262774229049682617e+03
+3.3821800222526633206143742427229881286621e+02  +8.5998758318325087657285621389746665954590e+02  +1.7852750672026110123624675907194614410400e+02
-1.9041610025995862542913528159260749816895e+02  +3.1829332024985228599689435213804244995117e+03  +1.5490211689684079487960843835026025772095e+02
-2.7951215335692548251245170831680297851562e+04  -7.3031733587706723483279347419738769531250e+04  -6.2555679818897660879883915185928344726562e+04
+7.2738039409726320627669338136911392211914e+02  -4.0625234935466204433396342210471630096436e+02  +6.7969306977970450134307611733675003051758e+02
-1.8547807840918434862942376639693975448608e+02  -2.0121241605683820807826123200356960296631e+02  +1.1291733162035789064248092472553253173828e+03
+2.2579016188586695790263547678478062152863e+01  -8.9351688881144548304291674867272377014160e+02  +1.5810857645873238652711734175682067871094e+03
+9.4997710053294576937332749366760253906250e+02  +5.8985769601159483954688766971230506896973e+02  +3.5619555012023097333440091460943222045898e+03
+4.6820860164565789318658062256872653961182e+02  -8.1132243400189668136590626090764999389648e+02  +1.4550520384331839522928930819034576416016e+03
-7.0981143522862328154587885364890098571777e+02  -2.9497768554973085031178925419226288795471e+01  -2.6510031940438871060905512422323226928711e+03
-8.3005748033025565746356733143329620361328e+02  +8.3893137012755005343933589756488800048828e+02  -7.4398750328106950746587244793772697448730e+02
-7.6707705214783175051707075908780097961426e+01  -8.6953779087256293678365182131528854370117e+01  +7.8758355353595106862485408782958984375000e+01
+7.8186536306833261278370628133416175842285e+02  -2.5495327769598168288212036713957786560059e+02  +7.8483701853114200730487937107682228088379e+02
+1.3426219676497350974386790767312049865723e+02  -2.0091445293938264171629271004348993301392e+01  -1.3782061788036085658859519753605127334595e+02
-1.1782476143475632568424771307036280632019e+02  -1.0564875071102677850376494461670517921448e+02  +4.2935036001764410684700123965740203857422e+02
-7.4734186836270899423340097200707532465458e-01  +1.0463023010400382517559592088218778371811e+01  +3.2510171608229732953532220562919974327087e+01
-5.6069089894246997118898434564471244812012e+02  -5.1023484971111639652008307166397571563721e+02  +2.0693014047881646888527029659599065780640e+02
+1.2027300783355456132994731888175010681152e+03  +4.0867672034573405426272074691951274871826e+02  -5.6002801159625994387170067057013511657715e+02
-5.2811971269712739740498363971710205078125e+02  +1.7632404101151928443869110196828842163086e+02  -1.8114060355803098900651093572378158569336e+02
+7.0651998923005548931541852653026580810547e+03  -2.6505626719263324048370122909545898437500e+04  -1.0155180165501433293684385716915130615234e+04
+5.8881684714103221267578192055225372314453e+02  -6.1761313612438311793084722012281417846680e+02  -1.0155059237380353920343623030930757522583e+02
+1.3955606209824327379465103149414062500000e+03  +4.0769593919601965126275899820029735565186e+02  -8.4988886382516932371800066903233528137207e+02
+1.3545229493774067464073596056550741195679e+02  -9.8689392141657620527439576108008623123169e+01  -5.1017989669741888292264775373041629791260e+02
+3.2692638123815169137742486782371997833252e+02  +1.4747340162731111377070192247629165649414e+03  -1.2279000164002691235509701073169708251953e+03
+1.8682559533144892611744580790400505065918e+03  -9.2764735952344362885924056172370910644531e+03  -2.0162895561785915106156608089804649353027e+03
-4.1400961485965628526173532009124755859375e+04  +5.4119780062177109357435256242752075195312e+04  +2.4169430980063683819025754928588867187500e+05
+9.7742329721119844521126651670783758163452e+01  -6.0241341782724039148888550698757171630859e+03  +7.3724155417540293910860782489180564880371e+02
-2.3321192947448248560249339789152145385742e+03  -2.2902758821978327432589139789342880249023e+03  +2.1298253230727646041486877948045730590820e+03
+4.0373901404656447766683413647115230560303e+02  -3.8754034157648067093759891577064990997314e+02  +5.2438772034565181456855498254299163818359e+02
+1.3584092440040755889185675187036395072937e+01  +1.5800304259930405237355444114655256271362e+02  +4.9777050674737381541490321978926658630371e+01
-1.4728676048818547883456631097942590713501e+02  -7.2772065939683585611419402994215488433838e+01  +3.2773451387662998968153260648250579833984e+02
-2.3372417878646712097179261036217212677002e+02  -1.1596608012013746247248491272330284118652e+03  +9.4053187737660471157141728326678276062012e+02
-8.9221562579844292486086487770080566406250e+04  -5.9574643347296463616658002138137817382812e+04  -4.7046888232026845798827707767486572265625e+04
-4.2684974374267153507389593869447708129883e+02  +4.9890573727168253981290035881102085113525e+02  -8.4275657921352058110642246901988983154297e+02
-9.1936398885887792857829481363296508789062e+03  -1.4614288688535454639350064098834991455078e+04  +3.3148167213883567683296860195696353912354e+02
+1.1530625251029578066663816571235656738281e+03  +4.1628214505646283214446157217025756835938e+03  -2.2196268431850683100492460653185844421387e+02
-6.8737817899448160119391104672104120254517e+01  +5.4271615956093533839066367363557219505310e+01  -1.6926723938869326246958735282532870769501e+01
+8.3752503775712398237374145537614822387695e+02  +7.4339353900115654028013523202389478683472e+01  +2.1059292050515450682723894715309143066406e+03
+2.3406212771376867749495431780815124511719e+03  -2.4427355845405941181525122374296188354492e+02  +9.6183769395277101921237772330641746520996e+02
+8.6325489323377178152441047132015228271484e+02  -1.0313796302535238282871432602405548095703e+03  -1.7886448955223147549986606463789939880371e+02
+1.2571834440372253993700724095106124877930e+03  -1.0136732584086879569440498016774654388428e+03  -2.8548396881709743411192903295159339904785e+02
-4.5215322269949524525145534425973892211914e+02  +1.0810033581763395886810030788183212280273e+03  +3.7599215704468588228337466716766357421875e+02
-4.1202666436873832935816608369350433349609e+03  +2.2396120073852548557624686509370803833008e+03  -2.7746006524271861053421162068843841552734e+03
+2.2457319212638307362794876098632812500000e+04  -6.5058346691818687759223394095897674560547e+03  -1.4407158873111506181885488331317901611328e+04
+2.0548949878930558021750130137661471962929e+00  +2.2511700997365994680876610800623893737793e+02  +2.1570455334148093129442713689059019088745e+02
+7.3694633245474420846221619285643100738525e+01  -1.8749422454601432264098548330366611480713e+02  +3.6126123196852364571896032430231571197510e+02
+2.4300801961019042209954932332038879394531e+03  -5.8225034701425011007813736796379089355469e+02  -3.2765307258059801824856549501419067382812e+03
-1.3312889609741391723218839615583419799805e+03  -7.1073695687111546703818021342158317565918e+02  -9.8721728335781801888515474274754524230957e+02
-1.5271968933226210651810106355696916580200e+02  +2.4407554816743413539370521903038024902344e+02  +6.4016436954191135555447544902563095092773e+02
-8.4691171086974054560414515435695648193359e+02  -5.0502058767341033274078654358163475990295e+01  +4.4167739088004447012281161732971668243408e+02
-1.5427953355728554925008211284875869750977e+03  +4.8854673411682006189948879182338714599609e+03  -9.7823282381254102801904082298278808593750e+03
+7.9944446652747060966248682234436273574829e+01  +7.9861419871851722973588039167225360870361e+01  -1.0798989122365864545827207621186971664429e+02
+5.7791455187201272565289400517940521240234e+03  -6.3050658814052903835545293986797332763672e+03  +8.7199910624330391328840050846338272094727e+02
+7.6062214330534277451079105958342552185059e+02  -6.9067845324937127315934048965573310852051e+02  -3.9357162573721166154427919536828994750977e+02
+4.1181439190329399480106076225638389587402e+02  -1.0179039894007428301847539842128753662109e+02  -1.1977053993547547179332468658685684204102e+03
+2.0217209167050736141391098499298095703125e+04  -4.4465021860513086721766740083694458007812e+04  +2.7441609192976266058394685387611389160156e+04
+1.5704285752321959535038331523537635803223e+03  -1.1655648158709332165017258375883102416992e+03  -4.5724088526646215768778347410261631011963e+02
-2.2242696251195152399304788559675216674805e+03  -2.8228247978509614313225029036402702331543e+02  +1.2701824679987939816783182322978973388672e+03
+1.0384685952633086708374321460723876953125e+05  +3.2027116796664275170769542455673217773438e+04  +7.0567017177990783238783478736877441406250e+04
+1.4912403873022967104589042719453573226929e+02  +2.6919294428749058312178021878935396671295e+01  -5.3984819398850824256896885344758629798889e+01
+2.4443483771866702625175093999132513999939e+01  +1.8155550023759454347782593686133623123169e+02  -8.1603321856730332228835322894155979156494e+01
-4.1631717487399396304681431502103805541992e+02  -2.0625101420746148050966439768671989440918e+02  -5.9471187468842060752649558708071708679199e+02
+8.2112859769107922147668432444334030151367e+02  +9.0097459317056768668408039957284927368164e+02  +4.4120642164953295605300809256732463836670e+02
+2.8228168627513360888769966550171375274658e+02  -8.7358247606697398168762447312474250793457e+02  -2.4679336441975638081203214824199676513672e+03
-1.0482746261004082555245986441150307655334e+02  -8.7195173895825334398068662267178297042847e+01  +7.9720389392359876978844113182276487350464e+01
+5.0641407149855587022102554328739643096924e+02  +3.1004703026338861491240095347166061401367e+03  +4.4891636171914473152355640195310115814209e+02
+6.8206819552392573768884176388382911682129e+01  +7.5381919018024188261506424169056117534637e+00  -8.0215159313629968096392985899001359939575e+01
+1.3261221750680892483842399087734520435333e+01  +1.8071796491023592867719571586349047720432e+00  -2.5891465351203244438238471047952771186829e+00
-1.4100606043380247456298093311488628387451e+02  -9.0652169755268573680950794368982315063477e+01  -1.5491380790769210307189496234059333801270e+02
-6.1072669366400312185305665479972958564758e+01  -2.1733647586818497075000777840614318847656e+03  +1.2436616300103337380278389900922775268555e+03
-7.4371953151229195100313518196344375610352e+02  -1.1956255908343349858569126809015870094299e+02  -3.7162367490480733067670371383428573608398e+02
+5.2785195236894480785849737003445625305176e+02  -9.0841052178123391058761626482009887695312e+02  +3.1542793836192839762588846497237682342529e+02
+1.6105387351031365028575237374752759933472e+02  -5.4948134667330782576755154877901077270508e+02  +1.2683252065138798059251712402328848838806e+02
-1.1568111592477267549838870763778686523438e+05  -6.9314543274319657939486205577850341796875e+03  -1.1077746260457557218614965677261352539062e+05
-4.1609507152831321263874997384846210479736e+02  +2.4679611133076090112581368885003030300140e+01  -6.5333074557224426825996488332748413085938e+02
+7.0527103882190692729636793956160545349121e+02  +1.9951407092885856400243937969207763671875e+03  -1.8471846401773173056426458060741424560547e+03
+1.7591013071062340600292372982949018478394e+02  +2.6055326675714735529254539869725704193115e+02  -8.5150074285456287270790198817849159240723e+02
-1.7928420162150885062146699056029319763184e+03  -1.4486106265361527221102733165025711059570e+03  +4.8221060975987566052936017513275146484375e+03
+8.8652249258041297252930235117673873901367e+02  -5.2784922013947243613074533641338348388672e+02  -1.8599207478950636414083419367671012878418e+03
-1.2488028421287824087926310312468558549881e+01  +2.4189345475327190371217511710710823535919e+01  -3.1401075222014929977376596070826053619385e+02
+1.0204621402510626921866787597537040710449e+03  +5.0964060923569030592261697165668010711670e+02  -2.0793072265322675775678362697362899780273e+03
-1.6799124256254896181417279876768589019775e+02  +2.8631256329515795187035109847784042358398e+03  -1.1306014268936423832201398909091949462891e+03
+5.0750025247762515334670752054080367088318e+01  +1.7182372402885057738330942811444401741028e+00  +1.5994197216605522271493100561201572418213e+02
+3.4690757477662746168789453804492950439453e+03  +3.9742435334658650390338152647018432617188e+04  +7.4203972129807389137567952275276184082031e+03
+9.2354823986615228932350873947143554687500e+03  -1.0192030192993754553754115477204322814941e+03  -1.6059833059672449962818063795566558837891e+04
+1.9071836599683845747676969040185213088989e+02  +8.1269631680312177195446565747261047363281e+03  +1.1828101355731585499597713351249694824219e+04
+4.3773028798932573408819735050201416015625e+04  +7.5768452645926272452925331890583038330078e+03  +3.9915927139938517939299345016479492187500e+04
-4.4981779361392746068304404616355895996094e+03  -4.8361870350105418765451759099960327148438e+03  -3.1684446936548388293886091560125350952148e+03
-2.5971746851806653921812539920210838317871e+02  -3.8567762803531661575107136741280555725098e+02  +3.7742151478023646404835744760930538177490e+02
+1.4493034943505153933074325323104858398438e+03  -5.6619582206009602032281691208481788635254e+02  +4.7255606483019306551796034909784793853760e+02
+2.9813296810231128119994536973536014556885e+02  -5.6262343066579762762557948008179664611816e+02  -5.2729621759747760734171606600284576416016e+02
-5.6280362939953613476973259821534156799316e+02  +1.7039346484340993015393905807286500930786e+02  -6.6953237442333193030208349227905273437500e+02
-4.6065679970767206441450980491936206817627e+02  -1.4680142882337379433010937646031379699707e+03  +1.1418245072508213979745050892233848571777e+03
-1.2163199238774507193738827481865882873535e+03  -2.7561392180226306436452432535588741302490e+01  -6.7480504671821779538731789216399192810059e+02
+2.8533931061116004457289818674325942993164e+02  +8.8844052382540417056588921695947647094727e+02  +1.1608585528266414144127338659018278121948e+02
+4.8268718585299512824349221773445606231689e+02  +3.5269006285467310135572915896773338317871e+02  -5.6560838565556730372918536886572837829590e+02
+1.7300080451988073946267832070589065551758e+03  -3.8431428401250553861245862208306789398193e+02  -4.4509374777380298837670125067234039306641e+02
-1.8109926310552270933840190991759300231934e+03  +3.4987877776042928417155053466558456420898e+03  +1.6727591919282897379162022843956947326660e+03
-1.4433032678176510898993001319468021392822e+02  +1.0177571450902149763351189903914928436279e+02  -5.5247898646550720513914711773395538330078e+02
+1.7156472177123428082268219441175460815430e+03  +3.3311052425764000872732140123844146728516e+03  -3.0611187178229074561386369168758392333984e+03
-4.5980137219916871981695294380187988281250e+05  +1.4418378114156002993695437908172607421875e+05  -6.9947463790840247384039685130119323730469e+03
-1.5521637084274095741420751437544822692871e+03  -5.3700097330390588012960506603121757507324e+02  +2.1247571885491711327631492167711257934570e+03
+1.8315599820740069844760000705718994140625e+05  +3.4487575118274115084204822778701782226562e+04  -2.0561601732452423311769962310791015625000e+05
-9.0683727061759759635606314986944198608398e+02  -2.1081744485647468536626547574996948242188e+03  +1.1426675981409839550906326621770858764648e+03
-5.0508265477474587896722368896007537841797e+03  -6.2497709420205569585959892719984054565430e+02  +8.5655265441250594449229538440704345703125e+03
-4.8867904041136193882266525179147720336914e+02  +1.6120654721352593696792609989643096923828e+02  -2.8448766633109539725410286337137222290039e+03
+2.0169067779540873016230762004852294921875e+05  +3.6132685147741850232705473899841308593750e+05  +2.1020829735409974819049239158630371093750e+05
-4.2747212017277564655159949325025081634521e+02  -1.4344381128257998625485925003886222839355e+03  -1.1697082833866418241086648777127265930176e+03
+2.8620135857834956283340943627990782260895e+01  +2.3923827533463164485283414251171052455902e+01  +1.0630689780306254021979839308187365531921e+02
-2.2771309947993114519704249687492847442627e+02  +1.5521773570897059926210204139351844787598e+03  -2.1386195442566059909950126893818378448486e+02
-2.5039248570603754160401877015829086303711e+03  -6.3752704795853856012399774044752120971680e+02  +1.1021029352588504934828961268067359924316e+03
+1.8174397619427051608909096103161573410034e+02  -6.9213696727290721355529967695474624633789e+02  +5.4523909280513078101648716256022453308105e+02
+2.9627095272448646028351504355669021606445e+03  +3.9023679409664298873394727706909179687500e+04  -2.5630136287741373962489888072013854980469e+04
+1.2686192675013194275379646569490432739258e+03  -1.4467230185439520937507040798664093017578e+03  -2.8491923108820260495122056454420089721680e+03
+2.7266598760902172671194421127438545227051e+02  +9.6930488292364634617115370929241180419922e+02  +8.1694059270083286605768080335110425949097e+01
+4.9005374497750735827139578759670257568359e+03  -1.1312838331657243543304502964019775390625e+04  -2.2051156521466177764523308724164962768555e+03
-2.4181511123191478418448241427540779113770e+02  -1.0847910545979654273196501890197396278381e+02  -1.6673122870944387159397592768073081970215e+03
-3.0411809736898967457818798720836639404297e+03  -4.6939263284754770211293362081050872802734e+03  -1.7328654552039645295735681429505348205566e+03
+6.0608636400838099689281079918146133422852e+02  -5.8725157357594059703842503949999809265137e+02  +3.5561602031269217150111217051744461059570e+02
+2.1145657031987680056772660464048385620117e+03  -3.1439475345931491574447136372327804565430e+03  -1.5216144415564531300333328545093536376953e+03
+6.7890730407958932435263932347879745066166e-01  -4.5921763098680150605446215195115655660629e+00  +6.8615755170892944736493745949701406061649e-01
+4.0058246920674974944631685502827167510986e+01  +5.5013146407055280917575146304443478584290e+01  +2.7993847668218464264100475702434778213501e+01
-2.7940971261949954396186512894928455352783e+02  -9.5694562221362753007269930094480514526367e+02  -7.6504637221927373502694536000490188598633e+02
-2.3889426149173780800083477515727281570435e+02  +1.4357320443993441472230188082903623580933e+02  +4.5503253825546920552369556389749050140381e+02
+6.1947739724076818674802780151367187500000e+03  +1.4173704567150030015909578651189804077148e+03  +4.7927215486366645791349583305418491363525e+02
+1.5436621056857475764445553068071603775024e+02  -4.9906988342496458699315553531050682067871e+02  +2.3552997153537739905004855245351791381836e+02
+2.9353423753106443427896010689437389373779e+02  -1.2920169044052678941625345032662153244019e+02  -6.6162918631866659779916517436504364013672e+02
-7.1854511809197656475589610636234283447266e+03  +2.6951929125709819345502182841300964355469e+04  -2.1713597901985060161678120493888854980469e+04
+1.0335348232643367794025834882631897926331e+02  +5.0097659882649713836144655942916870117188e+02  +1.0761009721156287177734611759660765528679e+00
+8.7994246417049726005643606185913085937500e+03  +3.3501934022143082074762787669897079467773e+03  -1.4043860031731426261103479191660881042480e+03
+3.0396720562258701647806446999311447143555e+03  +4.8450126957120637598563916981220245361328e+03  -7.2378205180761028714186977595090866088867e+02
-1.3721467158805376129748765379190444946289e+03  +8.1126196423025739932199940085411071777344e+03  -1.5768876897717827887390740215778350830078e+03
-2.0041598809080593923681590240448713302612e+02  +5.9578598380091057151730637997388839721680e+02  -2.6979915204924725458113243803381919860840e+02
+2.3840875160018126166505680885165929794312e+02  -8.7260172858462192380102351307868957519531e+02  -4.4501613101868923649817588739097118377686e+02
+4.2997213666827477140941482502967119216919e+01  +2.8474253897231626808661530958488583564758e+01  -3.9724886504150691557413210830418393015862e+00
-1.0076556411199957210556021891534328460693e+03  -2.7446015499436731488458462990820407867432e+02  -1.2465905855835358124750200659036636352539e+03
+5.7578406524753154371865093708038330078125e+02  -2.2700574376291967837460106238722801208496e+02  +7.6384729484173561786519712768495082855225e+01
-1.2114792325595703914586920291185379028320e+03  +1.0444790713919486790928203845396637916565e+02  +1.7902524691474809515057131648063659667969e+02
+2.0636755793577896156421047635376453399658e+02  +6.3019089898546985750726889818906784057617e+02  +2.7697996145505430831690318882465362548828e+02
+2.7521770713273854198632761836051940917969e+04  -1.7051761959438463236438110470771789550781e+04  +7.8851003934915643185377120971679687500000e+03
+2.7897107207647911764070158824324607849121e+02  -6.6257506035875803718226961791515350341797e+02  -1.5164752013572061173363181296736001968384e+02
+4.4028253903813720171456225216388702392578e+03  -2.4225594209051532743615098297595977783203e+03  +1.3784065466932177514536306262016296386719e+04
-5.8788067707058428368327440693974494934082e+02  -1.0146341350418035531788518710527569055557e+01  +1.3895624827080375780496979132294654846191e+03
+1.0292353838340582683485990855842828750610e+02  -9.2288750788957349868724122643470764160156e+02  +2.3453525757862739737902302294969558715820e+03
+1.2148597315766182873630896210670471191406e+03  -7.8947283435382478273822925984859466552734e+03  +1.2763191648132042246288619935512542724609e+03
-1.8417774739998353652481455355882644653320e+03  +1.5180837132617170937010087072849273681641e+03  +5.0409593371634136929060332477092742919922e+03
+1.3425236849577875091199530288577079772949e+03  -1.9435808754073827913089189678430557250977e+03  -3.5731274961009962680691387504339218139648e+03
-2.8212235333543176238890737295150756835938e+03  +1.3071610255190798852709122002124786376953e+03  -3.4772658275416046080863452516496181488037e+02
+3.8429318301595270668258308432996273040771e+02  -1.4210815067733679484263120684772729873657e+02  -1.4625120410943179649621015414595603942871e+02
-1.8630038973803152657637838274240493774414e+03  -9.5624746831466126195664401166141033172607e+01  -8.7264492869595301272056531161069869995117e+02
+1.3738496446921778897376498207449913024902e+03  -6.0785060533464411491877399384975433349609e+02  -1.5433422112091470808081794530153274536133e+03
+1.4763567315508396404766244813799858093262e+03  -5.4436785765655949944630265235900878906250e+03  -5.5778327965079624846111983060836791992188e+03
+7.0127759304838173193274997174739837646484e+02  +1.1642237726162472881696885451674461364746e+03  -4.6087414806926926758023910224437713623047e+02
+1.8088007639780008162233571056276559829712e+02  -1.1727904195671983416104922071099281311035e+03  -3.0586441995742382005118997767567634582520e+02
+8.2268788009030060948134632781147956848145e+02  +2.0686472429002460415858877240680158138275e+01  -2.0100593922227396888047223910689353942871e+03
+3.3286586360619439801666885614395141601562e+04  +3.9731161676342264399863779544830322265625e+04  +2.4734081052398505562450736761093139648438e+04
+3.0983701817496312287403270602226257324219e+04  -4.8657148148071290052030235528945922851562e+04  +1.5160453376438052509911358356475830078125e+05
+1.2205403475242746935691684484481811523438e+03  -1.0308557461393135668004106264561414718628e+02  +5.5013889503494294785923557355999946594238e+02
-1.3173670117726172179573040921241044998169e+02  +5.7293318419683146203169599175453186035156e+02  -1.1249820052950176432204898446798324584961e+03
+4.8518681268268585426994832232594490051270e+02  -8.3368403735665538079047109931707382202148e+02  -4.7619601366035470846327370963990688323975e+02
+1.3594133150365956907990039326250553131104e+02  -7.6922736924257867485721362754702568054199e+02  -4.7294458891832323388371150940656661987305e+02
-2.5248356615412652104168955702334642410278e+02  +4.7851023759088900533242849633097648620605e+02  +7.5447645506329683939839014783501625061035e+02
+5.6902177943304764085041824728250503540039e+01  +9.4868825994986082150717265903949737548828e+01  +1.1474506787572245514184032799676060676575e+02
+1.8803030209822616143355844542384147644043e+03  +3.3235656673332181298974319361150264739990e+02  -6.2431039887101553631509887054562568664551e+02
+1.5908735657360637105739442631602287292480e+03  +8.2962499615364322380628436803817749023438e+02  -9.5213510517730071569530991837382316589355e+01
-1.0320776640854585366469109430909156799316e+03  -3.9883726530469948556856252253055572509766e+02  +1.4049423208237299149914178997278213500977e+03
-1.1161109997500903773470781743526458740234e+04  -5.5221180640882957959547638893127441406250e+03  -1.8055335819110230659134685993194580078125e+04
+1.1596835179451195472211111336946487426758e+03  -2.4456808691677633760264143347740173339844e+03  +6.7259118923356372761190868914127349853516e+03
-4.7647407094759586243526428006589412689209e+01  +4.8402277697696604263910558074712753295898e+01  +3.5844863031045247225847560912370681762695e+02
-1.0429458483224705105385510250926017761230e+03  +4.8334531272598258055950282141566276550293e+02  -2.8038922599244733646628446877002716064453e+03
-1.0588300525454753824305953457951545715332e+03  +3.5546062990834127504058415070176124572754e+02  +4.8823967703593598344014026224613189697266e+02
-3.9646367112981869240684318356215953826904e+02  +7.8561578775872123969747917726635932922363e+02  -4.8421608892846353455752250738441944122314e+02
-1.3367264369605693445919314399361610412598e+03  -2.3763744871759276975353714078664779663086e+03  -2.0551846930403307851520366966724395751953e+03
-2.2400495044274221072555519640445709228516e+03  +1.4309120332020756904967129230499267578125e+02  -1.6019555916610340773331699892878532409668e+02
-9.1036172652668184923641092609614133834839e+01  -7.3206953294995207670581294223666191101074e+02  +7.2997679319945257248036796227097511291504e+02
+2.9985000797454944176934077404439449310303e+01  -1.0257388405500456940444564679637551307678e+02  -1.3142266110681822510741767473518848419189e+02
+4.0241258705897621439362410455942153930664e+01  +9.1743981341188953138043871149420738220215e+02  -7.9857722576652327006740961223840713500977e+02
+6.0725823333049055996468723606085404753685e-01  +2.6646417399629370947877760045230388641357e+01  -6.0599097241869328556163054599892348051071e+00
+4.7191426108923542059869760123547166585922e+00  +1.4456855312777192046347352061275159940124e-01  -1.4495785995042044902447742060758173465729e+01
-4.1728780649254156287497607991099357604980e+02  -8.3859780548913875009020557627081871032715e+02  +6.1318745143826424737198976799845695495605e+02
+1.1596793650404106301721185445785522460938e+03  -2.1401566474466133627174713183194398880005e+02  -1.2425043311797967362508643418550491333008e+03
+7.1786595360981334579264512285590171813965e+02  +1.1868701592777545883450329711195081472397e+01  -9.8338041209632638128823600709438323974609e+02
+1.4716913995657371287961723282933235168457e+03  -6.2096211526685385706514352932572364807129e+02  -4.0956190594404702096653636544942855834961e+03
-1.1012129951902625890625131432898342609406e+01  +1.1425113975832628554485381755512207746506e+01  -3.1658208615784415584926136943977326154709e+00
+2.1604345245212692816494381986558437347412e+02  +7.9921814969761965130601311102509498596191e+02  -5.3734099060853975515783531591296195983887e+02
+9.2183878071190406444657128304243087768555e+02  -5.1770562745107804403232876211404800415039e+02  +3.0277094876041593352056224830448627471924e+02
+3.7646589031993430580769199877977371215820e+03  -9.7292138530288082165498053655028343200684e+02  +2.3242601602675006233766907826066017150879e+02
-1.6474606621060124598443508148193359375000e+05  -1.4378257091527926968410611152648925781250e+05  +1.2348784277047315845265984535217285156250e+05
+1.2462773960981178333895513787865638732910e+03  +7.1859177103064266702858731150627136230469e+03  -7.1695236005454020755678357090801000595093e+01
+7.2332522385454211644173483364284038543701e+01  +1.6715441133060517131525557488203048706055e+02  +2.7933882142986317376198712736368179321289e+02
+1.7557749916061463864025427028536796569824e+03  -1.3510672794609681659494526684284210205078e+03  +1.7854064074715095102874329313635826110840e+03
+1.1076307557401777614813909167423844337463e+02  -8.1485917080687579527875641360878944396973e+02  +6.3802203664331921117991441860795021057129e+02
+4.1730558469329944273340515792369842529297e+03  -4.1435331039665725256782025098800659179688e+03  -3.2767542826836174754134844988584518432617e+03
+9.2303653933080728165805339813232421875000e+04  +5.4941042399052894324995577335357666015625e+04  +4.8318315189523265871684998273849487304688e+04
+9.9234755305233885991356146405450999736786e+00  -8.4152213287711902012233622372150421142578e+01  -1.0728546342032877873862162232398986816406e+03
-1.4259415333070123779179994016885757446289e+03  -3.6985586323936524877353804185986518859863e+02  +1.6656282492025720785022713243961334228516e+03
-3.7220062804853323541465215384960174560547e+03  -3.2543968221997256478061899542808532714844e+03  +2.0410680823725445520722132641822099685669e+02
-2.6547440064652810178813524544239044189453e+03  +2.9147613830421159946126863360404968261719e+03  +3.6449967241536228357290383428335189819336e+03
-6.2844960890674371967179467901587486267090e+02  -4.2786942668364497421862324699759483337402e+02  -9.5176359790564930563050438649952411651611e+01
-6.7610202440936618017985892947763204574585e+01  +3.6407632840690176578846148913726210594177e+01  +2.4704862652912304099572793347761034965515e+01
+2.4954753328538558889704290777444839477539e+03  -6.1904470562212338791141519322991371154785e+02  +1.9529539345561881873436504974961280822754e+03
+8.2748908458828077527869027107954025268555e+02  +1.5583462038987461255601374432444572448730e+03  +3.5245283176455077409627847373485565185547e+03
+4.6871873030224769252072292147204279899597e+01  -3.2598344430142823568985477322712540626526e+01  -5.8149350096957739708614099072292447090149e+01
-6.0873555118930353273754008114337921142578e+03  +3.6315716815548926206247415393590927124023e+03  +5.0993336347846534408745355904102325439453e+03
-1.9013252141732363043047371320426464080811e+02  -1.0957034706598400930488423909991979598999e+02  +3.9635922405772981846894253976643085479736e+02
+3.3646435184167689840251114219427108764648e+03  -3.2739033314529037852480541914701461791992e+03  -2.6926916600668209866853430867195129394531e+03
+1.1931697921474692520860116928815841674805e+03  -1.2166313675203247839817777276039123535156e+04  +5.8948010478621554284472949802875518798828e+03
+7.4835806196034420281648635864257812500000e+04  -8.6747247700232372153550386428833007812500e+04  +1.1959658736569384927861392498016357421875e+04
-8.8830983484081639289797749370336532592773e+02  -7.8455188607502932427451014518737792968750e+03  -9.2014116987399950176040874794125556945801e+02
-3.0434357986262785544795406167395412921906e+01  -7.8745223614474198825519124511629343032837e+01  -2.3686642825698864811556632048450410366058e+01
+3.2435270519173531056367210112512111663818e+02  -1.4377744813417714908609923440963029861450e+02  -9.1368437278469798457081196829676628112793e+02
+2.5498579285781707426394859794527292251587e+02  -9.5056008765187971221166662871837615966797e+02  +3.4479140506161326129586086608469486236572e+02
-9.1073170449809921933592704590409994125366e+01  -1.8223870674076633235927147325128316879272e+02  +3.4261426879123168873775284737348556518555e+03
+2.9692218667319589258113410323858261108398e+03  +7.7648468264529492444125935435295104980469e+02  +4.8953829339719541167141869664192199707031e+03
-8.1714122468990035486058332026004791259766e+02  +1.6979260243478388474613893777132034301758e+03  +1.5009379422675851856183726340532302856445e+03
+1.4024226237164377835142659023404121398926e+03  -8.4350154827114533873100299388170242309570e+02  +1.4164170707686307082440180238336324691772e+02
+3.2580096016648815293592633679509162902832e+02  +2.1292228037864941825318965129554271697998e+02  +3.6661360361037094435232575051486492156982e+02
+7.7632840973538732214365154504776000976562e+03  -3.7558582416558415388863068073987960815430e+03  -2.0931391699279029126046225428581237792969e+04
-2.0104600340032855001481948420405387878418e+03  -5.7050168881336185222608037292957305908203e+02  +1.9902932247697324896762438584119081497192e+02
+3.4201783868674201585236005485057830810547e+03  -2.0643332511343028272676747292280197143555e+03  +1.9772909711351810528867645189166069030762e+03
-1.7054507049855172340357967186719179153442e+02  +1.3097949976558195430698106065392494201660e+03  +1.5835217218587649767869152128696441650391e+03
+2.6482048369271595333884761203080415725708e+01  -1.0330096657631634116114582866430282592773e+03  -6.1138834936334569647442549467086791992188e+02
+1.9518243645531210859189741313457489013672e+03  -1.2982324296409353792114416137337684631348e+03  -1.2416304480379977803750080056488513946533e+02
+5.8174696265688784478697925806045532226562e+04  +3.0897375654020997899351641535758972167969e+04  +5.1994835227297291567083448171615600585938e+04
-3.6231672955883516351605067029595375061035e+02  +8.5321615360136195249651791527867317199707e+02  +3.0809476462662962603644700720906257629395e+02
-7.6319326119725724311138037592172622680664e+02  -1.0673066421454182091110851615667343139648e+03  -1.3419840129763674667628947645425796508789e+03
-2.0268631839437950930005172267556190490723e+03  -2.9192488144637254663393832743167877197266e+03  +4.9707695620812346533057279884815216064453e+03
-3.9989954535026777193706948310136795043945e+02  -1.0574014832004161235090577974915504455566e+03  -5.8530557100454245755827287212014198303223e+02
+1.4151867135599552511848742142319679260254e+03  -1.6477738680079878577089402824640274047852e+03  -1.2386634749311992891307454556226730346680e+03
+3.2189120676935164055976201780140399932861e+02  +6.7262411241919394910837581846863031387329e+01  -6.9121748227016428245406132191419601440430e+02
-1.7149547714740197079663630574941635131836e+03  +3.2807206069993922028515953570604324340820e+03  -6.5292333091005775713711045682430267333984e+02
+5.0608894598673083464746014215052127838135e+02  +4.8547433818348457634783699177205562591553e+02  -6.0200332201143987731484230607748031616211e+02
-9.8678127631676808562133373925462365150452e+00  -5.4388461635870086752220231574028730392456e+01  +1.0483581802313571529339242260903120040894e+02
+1.1349307818800377845036564394831657409668e+03  -1.4911629187755831935646710917353630065918e+03  -5.2750039556753176839265506714582443237305e+02
-7.4503258733039925573393702507019042968750e+04  +2.3948871640781515452545136213302612304688e+04  -6.3548133981498667708365246653556823730469e+03
+3.8959063557382118681005067628575488924980e+00  -5.7674181058710541947220917791128158569336e+02  -5.8854841690230023232288658618927001953125e+02
+2.5551693643338794004193914588540792465210e+02  +2.7725988342704717979358974844217300415039e+03  +1.1241729386005242758983513340353965759277e+03
-2.3376834444641090158256702125072479248047e+03  -1.2192625056319957366213202476501464843750e+03  +7.1266505227941877365083200857043266296387e+01
-6.4813857017910561353346565738320350646973e+02  -8.5163063324879806259559700265526771545410e+02  -1.8638480011466713222034741193056106567383e+03
+1.1223624119620717465295456349849700927734e+04  +5.2070940172512848221231251955032348632812e+04  +2.3999920646464902347361203283071517944336e+03
-1.4442762685111879363830666989088058471680e+03  +2.6248280260941976393951335921883583068848e+02  +4.7554754569119222651352174580097198486328e+02
-7.9503782197372936479951022192835807800293e+02  -1.7909181449831689292295777704566717147827e+02  +6.5526137501319612965744454413652420043945e+02
-7.5230775194565993047035590279847383499146e+01  -1.2696897690087750731890992028638720512390e+02  +4.8542372058017389235828886739909648895264e+02
+1.6089705794684332431643269956111907958984e+03  -3.0777563878924038363038562238216400146484e+03  +9.6768002252284406949911499395966529846191e+02
-4.8895710999457577372595551423728466033936e+01  +2.6547131636970408408160437829792499542236e+02  +5.8872241212413143784942803904414176940918e+01
-9.4381506116033256148512009531259536743164e+02  +2.6043330425295362147153355181217193603516e+03  -1.3049687203173878060624701902270317077637e+03
-1.5795690441369727068376960232853889465332e+03  -4.4251027194261121167073724791407585144043e+02  -2.9700676243876691842160653322935104370117e+03
-5.6444182139909059969795634970068931579590e+02  +2.6426440360618255454028258100152015686035e+02  -3.2703874914692187303444370627403259277344e+02
+1.2238080909803553367964923381805419921875e+04  +6.0873340450213581789284944534301757812500e+03  +9.0677092750183128373464569449424743652344e+03
-1.8967863551546703092753887176513671875000e+04  +2.5888538498144607729045674204826354980469e+04  +1.5759244041421370639000087976455688476562e+04
-2.2380680761181693583239393774420022964478e+02  +2.8018621225912729855167526693549007177353e+00  +1.1849481890939085815261933021247386932373e+02
+6.4443554626007738988846540451049804687500e+04  +1.2013101191529058269225060939788818359375e+05  +2.9141633599300614150706678628921508789062e+04
+1.1355457351950872180168516933917999267578e+03  +6.3642487318809389762463979423046112060547e+02  +3.5077885265591830830089747905731201171875e+03
-1.6063542362811250541199115104973316192627e+02  +3.3242197438749919058409432182088494300842e+01  -8.7952064474532576809906458947807550430298e+01
-3.0728096340022887034137966111302375793457e+02  +2.6248890261433490422859904356300830841064e+02  -6.4138230126365590422210516408085823059082e+02
-1.5665861474840055507229408249258995056152e+03  +6.7115303362700944944663206115365028381348e+02  -7.5761805295706915330811170861124992370605e+02
+1.3801246249598395365865144412964582443237e+02  -7.2433193844050015286484267562627792358398e+02  -6.0456482624329430564102949574589729309082e+02
-1.5254725405538391669324482791125774383545e+02  +4.5524096708962424884248321177437901496887e+01  -1.0701465383935305908380541950464248657227e+02
-7.4114799356779383288085227832198143005371e+02  -1.5344094207747416476195212453603744506836e+03  -3.2043034544623947112995665520429611206055e+02
+1.2852759793470409022120293229818344116211e+02  -1.1735595252811231148371007293462753295898e+02  +1.8619987504765006747220468241721391677856e+02
-6.9575295069079027143743587657809257507324e+02  -2.2014609003018545081431511789560317993164e+03  +6.7540669433254990394743799697607755661011e+01
-2.6268502239116537566587794572114944458008e+02  +2.1868173344450178774422965943813323974609e+03  +1.1236026315919361877604387700557708740234e+03
-7.5694536359579115014639683067798614501953e+03  -1.6476269047166749714961042627692222595215e+03  +1.6335738598181971610756590962409973144531e+04
+8.4135434697236032661749050021171569824219e+03  -4.8307580897351064777467399835586547851562e+04  +3.0818209072194265900179743766784667968750e+04
+9.0025222910389891239901771768927574157715e+02  +9.4345507470780296443990664556622505187988e+02  +5.6438274061691140470742311663343571126461e-01
-7.7938297058627142632758477702736854553223e+02  -1.1277736695421481272205710411071777343750e+03  +2.7952777380123313832882558926939964294434e+02
-1.1536366781271473769265867304056882858276e+02  -5.5287358570488845543877687305212020874023e+02  +3.0586952357851322403803351335227489471436e+02
+5.8416854375862624237925047054886817932129e+02  -8.7825054711692268938350025564432144165039e+02  +7.3413409047716086774926225189119577407837e+01
+9.6032853682867198585881851613521575927734e+01  -2.6165719001965118195585091598331928253174e+02  +3.5000230287533850059844553470611572265625e+02
+7.4617305629504028274823212996125221252441e+02  -4.7992587404281181306942016817629337310791e+02  +2.4176783258559629530282109044492244720459e+02
-2.2942066564044939269706446793861687183380e+01  +1.9030871852840303137810451516998000442982e+00  -2.9476876783419243110984098166227340698242e+01
-9.1052727245814094203524291515350341796875e+04  +1.3323005183207208756357431411743164062500e+05  +2.4175636580546030018012970685958862304688e+04
-1.8479869412302919045032467693090438842773e+03  -6.0325323775019578533829189836978912353516e+03  +5.2546411720118876473861746490001678466797e+03
+6.0567281993686126952525228261947631835938e+04  -1.7708108312369044870138168334960937500000e+05  -3.4263072219921763462480157613754272460938e+04
+8.4461296211890146423684200271964073181152e+02  -4.7328680210279748052926152013242244720459e+02  -1.1892674461905095029123913263902068138123e+02
+6.8518899612489838091278215870261192321777e+02  +1.5215299568361035653651924803853034973145e+03  -1.1227810031921424069878412410616874694824e+03
+3.0905999321789026907936204224824905395508e+03  +4.3670257073002017023100052028894424438477e+02  +4.6367698482063788105733692646026611328125e+03
+2.3493761825226602013572119176387786865234e+03  -4.5341337227327517211961094290018081665039e+02  -2.7039878136047723273804876953363418579102e+03
-5.1380063478659985776175744831562042236328e+02  +5.5889078168571806770614784909412264823914e+01  -4.3811917442914904086137539707124233245850e+02
+2.3869212727535800695477519184350967407227e+03  -2.1898282725439298701530788093805313110352e+03  +6.2024117088417506238329224288463592529297e+03
-1.2133017309584571194136515259742736816406e+04  -3.4209587024181753804441541433334350585938e+04  +7.3317098302789076115004718303680419921875e+04
-1.2445549764268132548750145360827445983887e+03  +7.3840485066743099196173716336488723754883e+02  +9.2209159612190023835864849388599395751953e+02
+8.5364326065373745677788974717259407043457e+02  +7.3428044198003294695809017866849899291992e+02  +3.7364362429948016597336390987038612365723e+02
-9.5015693927710617572301998734474182128906e+03  -8.0827700948884439640096388757228851318359e+03  -2.1522469657578323676716536283493041992188e+04
-1.2515326265360672550741583108901977539062e+03  +1.7476530380347155642084544524550437927246e+03  +7.1885310056971263747982447966933250427246e+02
-1.3029504652895354865904664620757102966309e+03  -4.2901997011277435376541689038276672363281e+03  -4.9724885300080217120921588502824306488037e+02
-2.6106225464046496199443936347961425781250e+04  -3.9090489036253078666049987077713012695312e+04  -2.2895810784618741308804601430892944335938e+04
-2.0867890775475621921941637992858886718750e+04  -3.4514542841352040341007523238658905029297e+03  +8.3342539907082809804705902934074401855469e+03
-8.8204230631843563514848938211798667907715e+02  +7.1483839332432023638830287382006645202637e+02  -9.9790220651556876418908359482884407043457e+02
+7.6688335821715236306772567331790924072266e+02  -1.3087452995682692744594532996416091918945e+03  +9.4520676770909894948147211835021153092384e-01
+1.0282896762370825172183685936033725738525e+01  +4.0466025100951398485449317377060651779175e+01  -1.7481492923942563155748075587325729429722e+00
+3.7214186279119195432940614409744739532471e+02  -8.2182840028883356353617273271083831787109e+02  +1.6183202775266474873205879703164100646973e+03
-6.2386833505659957666011905530467629432678e+01  -1.0657387065828952188439870951697230339050e+02  -6.2587933006203799735089887690264731645584e+00
-3.5600290550605353523394569492666050791740e+00  -2.0611234478983288909148541279137134552002e+02  +1.1790453815430386441676091635599732398987e+02
-1.6963515366243900217568807420320808887482e+01  +1.4190547084820472889532538829371333122253e+01  -2.5634581636654418801413157780189067125320e+00
-3.3931783467188578740092452790122479200363e+00  -1.5083074119479212527039635460823774337769e+02  +6.6709522517843291566919106116984039545059e+00
+3.0950872195293914046487770974636077880859e+03  -2.2195872042805954151845071464776992797852e+03  +3.0296138426295743784066871739923954010010e+02
-8.2305549933147119645582279190421104431152e+01  +4.3059964105309099124951899284496903419495e+01  +4.2160573639070349827306927181780338287354e+02
+8.6819028125161736397785716690123081207275e+01  +7.1122318164100909143598983064293861389160e+02  +3.0838535456405715251548826927319169044495e+01
-5.9752000067134179062122711911797523498535e+02  +1.6395394455081311662070220336318016052246e+03  -3.4046385405344703940500039607286453247070e+03
+2.2368854723143690534925553947687149047852e+03  +8.2435337311773637338774278759956359863281e+03  +1.0979877669274792424403131008148193359375e+03
-6.6273255356701406526553910225629806518555e+02  +1.1930047612055391255125869065523147583008e+03  +8.2138533443814878864941420033574104309082e+02
+1.6151147751646968231398204807192087173462e+02  -3.8512561036057530827747541479766368865967e+02  -1.2466416987080267517740139737725257873535e+03
+4.1649005958344702094109379686415195465088e+02  -1.5985279204538328485796228051185607910156e+03  -2.3588036285496809796313755214214324951172e+03
+7.7773625987951049864932429045438766479492e+02  +1.8845154095624374690487456973642110824585e+02  -1.5220389619637364830850856378674507141113e+02
+1.2900448963550610415040864609181880950928e+02  +6.5279675061114778600313002243638038635254e+02  -9.3448153939952032942528603598475456237793e+02
+1.4107820578949729224405018612742424011230e+03  +4.9279324845359099072084063664078712463379e+02  -7.1746783640761123024276457726955413818359e+02
+5.7976021391150459294294705614447593688965e+02  -1.6648217154212761670351028442382812500000e+03  +1.6708421661337436034955317154526710510254e+03
-1.0898122060764155349943393957801163196564e+01  -2.2881879341717823450608193525113165378571e+01  +6.6865215653803866668880573342903517186642e-01
-4.1907062602803097206560778431594371795654e+02  -4.0690778009067634002349223010241985321045e+02  -2.3541381022157864322252862621098756790161e+02
-1.6150830202845540384259948041290044784546e+02  -5.3076257001897158716019475832581520080566e+02  -1.8930384902744538067054236307740211486816e+02
-1.6563745801079940065392293035984039306641e+03  -2.2155113057542744172678794711828231811523e+03  +2.8830449230529325177485588937997817993164e+03
-1.6449778616243768283311510458588600158691e+03  -3.6592224788428524107075645588338375091553e+02  -1.0485865341875025933404685929417610168457e+03
+2.2018140711381352048192638903856277465820e+03  +2.5672412991426185158161388244479894638062e+01  -9.2668358785296811674925265833735466003418e+02
+1.8405021376139138737926259636878967285156e+03  -9.7972591574769097633179626427590847015381e+01  +7.3171530950178782859438797459006309509277e+02
+1.3620023616285612888532341457903385162354e+02  +1.1396644271501249932043720036745071411133e+03  +4.3913723142440107949369121342897415161133e+02
+1.3872436182256913639321282971650362014771e+02  +1.8386195814661039094062289223074913024902e+02  -6.4414202278676839341642335057258605957031e+02
+7.3502145299006180721335113048553466796875e+04  -2.5219382566724001662805676460266113281250e+04  +3.5234502486629921804706100374460220336914e+03
+3.7563042534372783620710833929479122161865e+02  -5.8474331518298242826858768239617347717285e+02  +8.4926612702744694161083316430449485778809e+02
+1.0822818423063049522170331329107284545898e+03  +5.1089232341827374739295919425785541534424e+02  +1.9405178583339261422224808484315872192383e+03
-9.0693062765902482169622089713811874389648e+02  +5.0871196054524240537375590065494179725647e+01  +1.8468548706696731187548721209168434143066e+03
-3.4953733481813713979136082343757152557373e+02  +1.6123169603803414702269947156310081481934e+03  +7.2738088334197675521863857284188270568848e+02
+3.7551370732824051401621545664966106414795e+02  -1.5581944876111242592742200940847396850586e+02  -1.7022184165551979617703182157129049301147e+02
-3.2484916895071688713869662024080753326416e+02  +2.9871178284626518006916739977896213531494e+02  +6.3578138630739289283155812881886959075928e+01
+1.8333603157229119915427872911095619201660e+03  +1.4750153427453508925282221753150224685669e+02  +4.3527262488580220178846502676606178283691e+01
-8.7198871348142383794765919446945190429688e+03  +1.1856633744440943701192736625671386718750e+04  -3.3467943791791301919147372245788574218750e+04
-2.0931168648122849162973579950630664825439e+02  +3.3507200084619489643955603241920471191406e+02  -2.2679757087221585720726579893380403518677e+02
+4.1512727340276484255809918977320194244385e+02  +4.5003627136090136673374217934906482696533e+02  +5.5673199357553778554574819281697273254395e+02
+1.7686887970068147524216328747570514678955e+02  -1.3876309860572885099827544763684272766113e+03  -2.8344885222344697695007198490202426910400e+02
+9.6792374721091675837669754400849342346191e+02  +3.5686296444573059716276475228369235992432e+02  +3.2724383888924228358519030734896659851074e+02
+2.5442443283643522590864449739456176757812e+04  +2.9739879895564714388456195592880249023438e+04  +7.6522979618123684986130683682858943939209e+01
+1.8268298175556925144746855949051678180695e+01  +3.8217405132729567185378982685506343841553e+01  +2.9741324241302872906089760363101959228516e+03
+8.0340185840358094537805300205945968627930e+02  -1.0920485265892782535956939682364463806152e+03  -3.8210893520191444849842810072004795074463e+02
-4.7771428061450063751181005500257015228271e+02  +7.4170721623899083851938485167920589447021e+01  -1.1294594942112762225860933540388941764832e+02
+2.2015841675149323464211192913353443145752e+02  -1.8130312981885708722984418272972106933594e+03  +2.1299493510021984548075124621391296386719e+03
+2.6638939964235123625257983803749084472656e+02  +3.5231961744278095238769310526549816131592e+02  +9.5855663835008942896820371970534324645996e+02
+1.2279175005500755801790546684060245752335e+01  -3.8409643545714144963199032645206898450851e+00  -4.6225438442783045589479229420248884707689e-01
+1.3519614067513685995436389930546283721924e+02  +7.5180040172390780739419824385549873113632e+00  -7.1810835493122397110710153356194496154785e+01
+9.4197702567411923268991813529282808303833e+01  -2.6960669540725834991690135211683809757233e+01  +1.0587929421809027985545981209725141525269e+02
+3.5873844245657604545840513310395181179047e+00  -5.0910550492934261157529363117646425962448e+00  +9.9107360967735969037306631435058079659939e-01
-3.7915385381703538314468460157513618469238e+02  -2.4707756107212716756293957587331533432007e+02  -3.4753957347400984190244344063103199005127e+02
-1.4920674204001204543601488694548606872559e+02  -3.3648362377454589022818254306912422180176e+02  +1.0001528300541843918836093507707118988037e+02
-2.7210969012438246863894164562225341796875e+04  +1.2365637553339660371420904994010925292969e+04  -7.6806817415866953524528071284294128417969e+03
-4.1105220442086982757246005348861217498779e+02  -2.3065131156194860295727266930043697357178e+02  +3.1421486456406449860878637991845607757568e+02
+6.1422385114142946349602425470948219299316e+02  +4.5370848970672676614412921480834484100342e+02  -7.5839391207826986374129774048924446105957e+02
-9.1482856646767416464172129053622484207153e+01  -3.5985408585017836458064266480505466461182e+01  -6.9790905571343785140925319865345954895020e+01
+6.9401762663225542837608372792601585388184e+02  +1.9860753264698314524139277637004852294922e+02  -6.6702623039891170719783985987305641174316e+02
+3.0403245631991336495048017241060733795166e+02  -3.5016307255082037954707629978656768798828e+03  +4.9911164857720513055028277449309825897217e+02
-5.5587248028278588662942638620734214782715e+02  -8.6037966149755561673373449593782424926758e+01  -5.3596778130529980899154907092452049255371e+02
+1.9761434180119522352470085024833679199219e+03  +3.8448204586857167441849014721810817718506e+02  -2.4719743393420110805891454219818115234375e+04
-5.9120233133269755398941924795508384704590e+02  -3.8923276516104374422866385430097579956055e+02  -7.5533648456069408894109074026346206665039e+02
-1.9966841469048972612654324620962142944336e+03  +1.7185247292412150272866711020469665527344e+03  +2.8431834437093848464428447186946868896484e+03
-1.4284745708305958942219149321317672729492e+03  -2.8824502062113538158882874995470046997070e+02  +1.9270300944865070391642802860587835311890e+02
+9.5493178610827964547524970839731395244598e+00  +3.0581367718920059672882416634820401668549e+01  -1.2132407866665847251397281070239841938019e+01
-1.2468095227405030982481548562645912170410e+03  -2.8421698762124442509957589209079742431641e+03  +2.6439839614111429000331554561853408813477e+03
-3.1612036568589229545978014357388019561768e+02  -5.4318164010917030282143969088792800903320e+02  -2.6049004366184772152337245643138885498047e+02
-3.3889169251188474163427599705755710601807e+02  -6.7841211169966641136852558702230453491211e+01  -1.5130047636865000981742923613637685775757e+01
-7.2666410937280227244627894833683967590332e+02  -8.6617352164434498718037502840161323547363e+02  +4.1076518355119537773134652525186538696289e+02
-1.5855364037120352804777212440967559814453e+03  -8.2074766247310469680087408050894737243652e+02  -2.0871572844614606765389908105134963989258e+03
+3.2932689511511847513247630558907985687256e+02  -4.8697627779604289344206335954368114471436e+02  +2.8973673999020121527792070992290973663330e+02
+2.4119193099140534286561887711286544799805e+02  +5.2026275306924424057797295972704887390137e+02  +8.7716231189897996500803856179118156433105e+02
-2.9363586707859946045573451556265354156494e+02  -2.3443346041028559056940139271318912506104e+02  +4.6378693694666691271777381189167499542236e+02
+2.4474069723676548164803534746170043945312e+03  -4.7355870348270555041381157934665679931641e+03  -2.8209744727472781278265756554901599884033e+02
-6.4898844317648547530552605167031288146973e+02  +8.5926531456083125704026315361261367797852e+02  -2.7996424348544856002263259142637252807617e+03
+7.3113075248293215580019932531286031007767e+00  -2.2520601182120795868968343711458146572113e+01  -1.9266969048046316714817294268868863582611e+01
-6.3976470221958234105841256678104400634766e+03  -1.6616733433066674479050561785697937011719e+04  -1.2202178688673300257505616173148155212402e+03
+8.4270081046912753208744106814265251159668e+02  +3.1422061172558110229147132486104965209961e+03  +1.8614638677861421456327661871910095214844e+03
+1.1708268124781884580443147569894790649414e+03  +3.5542861328574313120043370872735977172852e+03  +4.8957523980500545803806744515895843505859e+03
+3.5928432401291928499631467275321483612061e+02  -6.5391078775590233362891012802720069885254e+02  -2.3376941993585177215209114365279674530029e+02
+5.6031038276348010640504071488976478576660e+02  -4.5062048400292547967183054424822330474854e+02  +4.0703962234362199978932039812207221984863e+02
-5.2910166947449170038453303277492523193359e+02  +1.7358631216181297673983863205648958683014e+01  -2.5876171699646448587373015470802783966064e+02
-1.6166936040595905410555133130401372909546e+02  -3.6706739621909491688711568713188171386719e+02  -1.6299357272443401711825572419911623001099e+02
-1.6215663896621049389068502932786941528320e+02  -1.9976272051766766253422247245907783508301e+03  -1.1824120029289456397236790508031845092773e+03
+4.7785463168803096323244972154498100280762e+02  -2.4075628783572571478543977718800306320190e+02  -1.5700781891609264562248426955193281173706e+02
+1.2433250530012201124918647110462188720703e+03  +1.1315705152711259415809763595461845397949e+03  +1.9926395682193385709979338571429252624512e+03
+3.0443689823718868865398690104484558105469e+03  +3.3416563314372051536338403820991516113281e+03  +1.7787365700861144432565197348594665527344e+04
-2.9703423769978047630502260290086269378662e+02  +1.0247892858830959994520526379346847534180e+03  +1.0651089735052730702591361477971076965332e+03
-4.0658491230117033410351723432540893554688e+02  +1.7240817698707294880478002596646547317505e+02  +1.7919796202602718437901785364374518394470e+01
+1.2725616418213260203629033640027046203613e+03  +9.2041048104957985742657911032438278198242e+02  -3.3985056665046005264230188913643360137939e+02
+2.7096367355108936862961854785680770874023e+03  +1.5444730271955938860628521069884300231934e+03  -1.6752621170332895417232066392898559570312e+03
-5.3941632893769693168906087521463632583618e+01  -4.8945412301800054422074026660993695259094e+01  +2.3569669269052972992994909873232245445251e+01
-4.7727860259626919514630571939051151275635e+02  +3.2168245028301242882662336342036724090576e+02  +2.2160805799121033032861305400729179382324e+02
-2.0430911838970803273696219548583030700684e+03  -1.8489354027696388129697879776358604431152e+03  -2.4120977374683138805266935378313064575195e+03
+1.5322901207859179066872457042336463928223e+03  +9.5630121957799576648540096357464790344238e+02  -5.8247281398121469919715309515595436096191e+02
-4.6680345120708955164445796981453895568848e+02  +1.0837094441494418788352049887180328369141e+03  -1.2601019023876076516899047419428825378418e+03
+6.0930479783014376948813151102513074874878e+01  -3.1809803283958160591282648965716361999512e+02  +2.1868696663370428723283112049102783203125e+03
-4.4826786330322204321419121697545051574707e+02  -4.9350948376573171572090359404683113098145e+02  +3.7388914715077658001973759382963180541992e+02
+2.1112196958328368054935708642005920410156e+03  -8.4143885167572329919494222849607467651367e+02  -1.7933264233028421585913747549057006835938e+02
+1.5536809140157327419728972017765045166016e+04  -7.1844460088239022297784686088562011718750e+04  -3.4994326067120084189809858798980712890625e+04
+3.3125552353222637975704856216907501220703e+03  -4.1800906129613358643837273120880126953125e+03  -1.0886811919036570088792359456419944763184e+03
+7.9659178143658181170394527725875377655029e+01  +3.9740422224883566570952098118141293525696e+01  -1.5785765531578337572682357858866453170776e+02
+1.6557311822272098300601328446646220982075e+00  +1.4629357604981809704014494855073280632496e+00  +8.1634766608655795483429074010928161442280e-01
+7.3706627195666989393885160097852349281311e+00  +1.1142807380232909508777083829045295715332e+03  +6.2741955984125604572909651324152946472168e+02
-3.7642351479078811280487570911645889282227e+03  +7.5796751954279088749899528920650482177734e+03  +1.6497113579967859209318703506141901016235e+01
+2.9384072328142970036424230784177780151367e+03  +1.7096658485073176052537746727466583251953e+03  +1.3368558481051197759370552375912666320801e+03
-6.5625618566226933126017684116959571838379e+02  +8.0627885541441378336458001285791397094727e+02  +2.5280477252514428982976824045181274414062e+03
-2.8367623967784578553619212470948696136475e+02  -4.0185200075955731335852760821580886840820e+02  -5.0021285876387275948218302801251411437988e+02
-7.2265663120580157396943832281976938247681e+01  +4.8172017826987820399153861217200756072998e+02  +1.2330874189213253089292265940457582473755e+02
+1.1477717080353994970209896564483642578125e+05  +3.1460850952767686976585537195205688476562e+04  +2.8106796743231207074131816625595092773438e+04
+2.4437371329693519328429829329252243041992e+02  +5.0506734133829121446979115717113018035889e+02  -2.8690494023758956245728768408298492431641e+03
-7.0864043854571480096637969836592674255371e+02  -1.3406246973501172305986983701586723327637e+03  -2.6114175417100304912310093641281127929688e+03
-3.8605282719703910743191954679787158966064e+02  +1.1792664739559802455914905294775962829590e+02  -3.4139398756246583843676489777863025665283e+02
+2.0940108123955465657672903034836053848267e+02  +2.3926347259063138039891782682389020919800e+02  -1.7043088943824471925836405716836452484131e+02
-2.2330217963491563750721979886293411254883e+03  -8.5507944121762591294100275263190269470215e+02  +2.6915365678567377472063526511192321777344e+03
+1.9047801181694935621635522693395614624023e+03  -1.4328619308894378718832740560173988342285e+03  -7.0175272363494775618164567276835441589355e+02
-1.8189294694634586591064362437464296817780e+01  -5.0448586815070385114267992321401834487915e+01  -1.1967536987782449386941152624785900115967e+02
+2.7535027226217778206773800775408744812012e+02  -4.2659578014965740067054866813123226165771e+02  -2.0808872388332670766430965159088373184204e+02
-4.7037628893756245815893635153770446777344e+03  +2.1888648949368322860209445934742689132690e+02  +7.0002660526580939404084347188472747802734e+02
-7.4990270633340139738720608875155448913574e+02  +1.3990873011009333026777312625199556350708e+02  -1.8270276336195612998380966018885374069214e+02
+1.8290147591020982531517802271991968154907e+02  -1.0358949063357921716033160919323563575745e+02  -3.4010756158895269152253604261204600334167e+01
+3.1678302585893612786094308830797672271729e+02  +2.9522526548315983063730527646839618682861e+02  -1.2535354950662922490778328210581094026566e+00
-1.4254722194919648359245911706238985061646e+02  +4.0491553780260511530286748893558979034424e+02  +7.7009978778412187239155173301696777343750e+02
-1.6364196898937677371321797181735746562481e-01  -6.5497883897710920564350089989602565765381e+01  +1.4620836172430603028260520659387111663818e+02
-3.3920849555372838040057104080915451049805e+03  +1.8915774379709948789241025224328041076660e+03  -1.9901976030006046585185686126351356506348e+03
+2.3278835375588960232562385499477386474609e+02  -3.7400378468579674517968669533729553222656e+02  +2.6156755911008281145768705755472183227539e+02
-9.9099998509043155081599252298474311828613e+02  +3.6728235989038571460696402937173843383789e+03  -1.0327025472081361385789932683110237121582e+03
-4.0600677045495913262129761278629302978516e+03  -6.0122101965654962896223878487944602966309e+02  -3.6241514352158733345277141779661178588867e+03
+3.7843570458484101948215538868680596351624e+01  +1.0692690481514390832273875275859609246254e+00  -2.1538339570026447944428582559339702129364e+01
-4.8000608313463790182140655815601348876953e+03  +4.3436642748723971863000770099461078643799e+02  -1.6054476654609304659970803186297416687012e+03
-3.9278316516166063365744776092469692230225e+02  +2.0935172723868376465361507143825292587280e+02  -7.7879663166874649959936505183577537536621e+02
+5.3944043726807490202190820127725601196289e+02  +1.2553237256833633637143066152930259704590e+03  -2.5839945112320815496786963194608688354492e+03
-1.7082113828456726878357585519552230834961e+02  -1.2021242293280297417368274182081222534180e+03  +4.1416356851277197392846574075520038604736e+02
+1.1137465783426265261368826031684875488281e+04  +1.2992266592489597314852289855480194091797e+04  -1.1978985453671689356269780546426773071289e+03
-5.6530128720861171132128220051527023315430e+02  +4.8202544279468895638274261727929115295410e+02  -7.3988113349845264110626885667443275451660e+01
-1.2948147954968706017098156735301017761230e+03  -1.3840914420126355253159999847412109375000e+03  -1.5235750613436377989273751154541969299316e+03
+3.4607934377849397833415423519909381866455e+02  +1.4706931790907003687607357278466224670410e+02  +4.6093893369180904073800775222480297088623e+02
+6.0200369933536012467811815440654754638672e+02  +6.8878942979188809658808168023824691772461e+02  -8.5551853199889183088089339435100555419922e+02
+1.2360119613211450086964759975671768188477e+03  +1.1870432992622434085205895826220512390137e+03  +7.9331610671400846968026598915457725524902e+02
-1.4325808920225426845718175172805786132812e+02  -2.1176534565237425056238862453028559684753e+01  +1.6301807540052966061239203554578125476837e+01
-1.8421288235301269651245092973113059997559e+03  -1.5199719798006196924688993021845817565918e+02  +2.0998506970797043322818353772163391113281e+03
+2.0444697999209094518846541177481412887573e+02  +1.5559016740250513066712301224470138549805e+02  +7.5185666810306372553895926102995872497559e+01
-4.5532350317485384039173368364572525024414e+02  -3.5280011367357792551047168672084808349609e+02  -2.7688313638436216024274472147226333618164e+02
-3.3847197988099946996953804045915603637695e+03  -3.7422669001461817970266565680503845214844e+03  -1.4558995907267299116938374936580657958984e+03
-8.7657925052980101288113701230031438171864e-01  +1.2696152309290575033173809060826897621155e+01  +9.1873384647839870353891456034034490585327e+01
+8.5010455081076488568214699625968933105469e+03  +4.4489843408574313798453658819198608398438e+04  -4.7747493498378549702465534210205078125000e+04
+2.8716061345442508354608435183763504028320e+03  +8.1144982913380965783289866521954536437988e+02  -1.1249175831908571865369594888761639595032e+02
-2.8787961400753983980393968522548675537109e+03  -4.4805847902253472057054750621318817138672e+03  +3.2434144833433629173669032752513885498047e+02
+3.5859680554815628283904516138136386871338e+02  +3.7686121260743260563685907982289791107178e+02  +1.2773458132718882040990138193592429161072e+02
+3.4514730222413318188046105206012725830078e+03  -3.4241015348494329373352229595184326171875e+03  -1.2321222368752371494338149204850196838379e+03
+1.1756427822798432458739625872112810611725e+01  +2.6730728633691924756021762732416391372681e+01  +3.7121654433467310418848228437127545475960e+00
+1.0153139449187568743582232855260372161865e+03  +1.7293087921327739309163007419556379318237e+02  +1.5301264391047295703174313530325889587402e+03
+2.1251379771183724187721963971853256225586e+03  -7.0953339568392061664781067520380020141602e+02  +6.7733860564631027045834343880414962768555e+02
+6.9519876354959740183403482660651206970215e+02  +7.3582295470997280517622129991650581359863e+01  +4.8538042292552182743747835047543048858643e+02
+2.4281233128778934769798070192337036132812e+04  +1.1704897041240394173655658960342407226562e+04  +5.1010141831859764351975172758102416992188e+04
-9.5338159352258472267749311868101358413696e+01  -1.0184122496402187607600353658199310302734e+03  -8.5955255415381043349043466150760650634766e+02
-2.5673347235841629299102351069450378417969e+02  +7.4049087403346891278488328680396080017090e+02  -1.0263582923260512416163692250847816467285e+03
-1.3380337310376714867743430659174919128418e+03  -2.1316870120929643235285766422748565673828e+03  +2.2303554877796941013912146445363759994507e+02
-6.0532604154966497844725381582975387573242e+02  +2.5380073568904626881703734397888183593750e+03  +4.4704417357075010386324720457196235656738e+02
-5.4601530997582381132815498858690261840820e+02  -1.4212844902644241074085584841668605804443e+02  +5.6675733716731679123768117278814315795898e+02
-2.0531876720397329336265102028846740722656e+04  -9.1138699353761076054070144891738891601562e+03  +4.2041463528376907561323605477809906005859e+03
-1.8254127716977295676770154386758804321289e+03  +1.6944209450920341168966842815279960632324e+03  +7.6480729208613711307407356798648834228516e+03
+7.1816252199015207224874757230281829833984e+02  -5.8547894906940041437337640672922134399414e+02  +1.4002124864246803781497874297201633453369e+02
+3.3379119473134342115372419357299804687500e+03  +8.4068360360720034805126488208770751953125e+04  +3.0917263695215024199569597840309143066406e+04
+1.3185560316861304386293340940028429031372e+02  -6.7585761376203515737870475277304649353027e+02  +1.9591658226815939087828155606985092163086e+03
-9.0842639284691847478825366124510765075684e+02  -1.4004795814352730758400866761803627014160e+03  -1.5571996275540979581819556187838315963745e+02
-1.7411528245353545685247809160500764846802e+02  +7.4265407765342206403147429227828979492188e+03  +4.1881336225771483441349118947982788085938e+03
-6.1350066729593106629181420430541038513184e+02  +4.1875604481529251188476337119936943054199e+02  -1.7723664776346075289126247298554517328739e+00
+1.3827750795143285245103470515459775924683e+02  -4.2164352409255059228598838672041893005371e+02  -2.3660259286947174928172898944467306137085e+02
+8.1296230152357580323041474912315607070923e+00  -6.1795854274137740347327962808776646852493e+00  +2.6003297701523493401509767863899469375610e+00
-4.3349541950761519615298311691731214523315e+01  +4.3835865600113197615428362041711807250977e+02  -2.1938639236455151149129960685968399047852e+02
+3.7016283716463067321456037461757659912109e+02  -7.1722531308189945775666274130344390869141e+02  -6.4550189001514843312179436907172203063965e+02
-3.4006669801509985973098082467913627624512e+02  +3.8527677358236917370959417894482612609863e+02  +1.4976541171113416339721879921853542327881e+02
+2.9528872279630590469423623289912939071655e+01  -1.1578276366569934907602146267890930175781e+02  +1.3977400723125299464300042018294334411621e+02
+3.9139396285632790295494487509131431579590e+02  +4.5306715121973769555552280507981777191162e+02  +2.2545307605013229590440460015088319778442e+02
-1.3132596616416617507638875395059585571289e+03  -5.1587511523087414389010518789291381835938e+03  +1.2403566885201166769547853618860244750977e+03
+9.4122846951030278432881459593772888183594e+03  -1.3671520258331102013471536338329315185547e+03  +5.6498564987414911229279823601245880126953e+03
-1.6143915799994372264336561784148216247559e+03  -9.7741096895998998661525547504425048828125e+02  -3.1859113139624135158101125853136181831360e+01
+1.1134496653475132177391060395166277885437e+02  +8.4252756895460527175600873306393623352051e+02  -8.5331303992675373137899441644549369812012e+01
-1.6197406152368901075533358380198478698730e+03  -3.3602686110748422834149096161127090454102e+03  +1.5767011588829598167649237439036369323730e+03
-1.0329487693979355622531102198990993201733e+00  +5.2613090447442928052623756229877471923828e+03  +3.6294956273735019749437924474477767944336e+03
-5.9843209723061647764552617445588111877441e+02  -7.2647553684698220877180574461817741394043e+02  -3.4505210738303054540665470995008945465088e+02
+4.1660393371011633689704467542469501495361e+02  -1.5442193096179998974548652768135070800781e+03  +8.9991656007433505237713688984513282775879e+02
-5.2530405903689847946225199848413467407227e+02  +1.2264524056706174803821340901777148246765e+02  +2.5387937219762227414321387186646461486816e+02
-2.5720312124274996676831506192684173583984e+03  -3.1503054608407014711701776832342147827148e+03  +3.2524108241978109390402096323668956756592e+02
+2.1920646125235091972172085661441087722778e+02  -1.1830609418064400415460113435983657836914e+03  -1.0898125959380661242903443053364753723145e+03
-4.7891082509934321933542378246784210205078e+03  -1.0264338347942800737655488774180412292480e+03  +1.0665650091957525091856950893998146057129e+03
-4.6340359452094742209737887606024742126465e+02  +8.4504924831691334929928416386246681213379e+02  -5.9172746727467733762750867754220962524414e+02
-1.6207072455192840425297617912292480468750e+05  -1.7457265883194812340661883354187011718750e+05  -9.5468999814899623743258416652679443359375e+04
-8.2319681000821151428681332617998123168945e+02  -4.1587498921940726859247661195695400238037e+02  +1.7550898105134021420781209599226713180542e+02
-9.9537056467051070285378955304622650146484e+02  -1.4546727668867463307833531871438026428223e+03  +8.5874401028493457488366402685642242431641e+02
+6.1561654547700038619950646534562110900879e+02  -2.4979186263029696419835090637207031250000e+03  -4.0249261683907116093905642628669738769531e+02
-8.3524286778599878289242042228579521179199e+02  -4.0543213436346411526756128296256065368652e+02  +5.6279088870597365712455939501523971557617e+02
+2.5839457485532464488642290234565734863281e+04  +7.4166228149890797794796526432037353515625e+04  +6.1909791252971095673274248838424682617188e+04
+4.8921388378133104879452730529010295867920e+02  -3.6931829135560042232100386172533035278320e+03  +1.6054592640691298583988100290298461914062e+03
+5.0748714612632716125517617911100387573242e+02  -9.3266911873295640589276445098221302032471e+01  +8.0674838164783204774721525609493255615234e+02
+1.1396707358681603636796353384852409362793e+03  -1.8907415901164316096583206672221422195435e+02  -4.3120671526073735435602429788559675216675e+01
-5.9942910734147965001739066792652010917664e+01  +2.8098187749318134365239529870450496673584e+02  +3.9382844717697471423889510333538055419922e+03
-1.6878815439255491946823894977569580078125e+05  -6.0960731433580724115017801523208618164062e+04  -3.1402978538490126084070652723312377929688e+04
-1.2031920590122545888789318269118666648865e+02  -1.0209710939945002792228478938341140747070e+03  +1.3008300372884020816854899749159812927246e+03
+5.8262627906919669840135611593723297119141e+03  +7.8142615047162053087959066033363342285156e+02  +8.2768606642713154997181845828890800476074e+02
-1.2165807654417915273370454087853431701660e+03  +2.2226753702383339259540662169456481933594e+03  -3.9934355158722816270255862036719918251038e+01
-1.2113243380559424622333608567714691162109e+03  -1.0386542217696204559729267202783375978470e+01  +7.6742116850443869680020725354552268981934e+02
+3.3463211823628633112548413919284939765930e+01  -8.6966472640873433874730835668742656707764e+01  +3.8517483814056696189709327882155776023865e+01
+3.1186461152375699157346389256417751312256e+01  +1.0978495300409986157319508492946624755859e+02  +3.7297795720192078761101583950221538543701e+02
-9.4584688333028282158920774236321449279785e+02  +4.4708307180795441126974765211343765258789e+02  -1.5201769631057965170839452184736728668213e+02
+2.1861833301098948822982492856681346893311e+02  +5.8312385392712212706101126968860626220703e+02  -5.4832930632297029660549014806747436523438e+02
-7.1816247571868893828650470823049545288086e+02  -2.6284959836868074489757418632507324218750e+02  +3.8359544457725519350788090378046035766602e+02
-1.5971492447866424413405184168368577957153e+02  -5.0723002800235036602316540665924549102783e+02  -1.9723168315255935567620326764881610870361e+02
+8.6871407705517376598436385393142700195312e+03  -5.7511809602474131679628044366836547851562e+03  -1.3810132910856764283380471169948577880859e+04
-1.5041377007006726671534124761819839477539e+03  -1.4502683430814154235122259706258773803711e+03  -9.3202435391034146050515118986368179321289e+02
-1.7756181125648549823381472378969192504883e+02  -1.9316378625762943102017743512988090515137e+03  +4.1371275888688450095287407748401165008545e+02
+2.8797399096018511954753194004297256469727e+03  +9.0709102545756564950352185405790805816650e+01  +4.5683450693901880867997533641755580902100e+02
+1.0676264444052216617819794919341802597046e+02  +2.4333634097321105826949860784225165843964e+01  +4.3688160726666154687336529605090618133545e+02
-7.6082220469627395686984527856111526489258e+02  +8.6164163483122104025824228301644325256348e+02  +7.0911334025330847907753195613622665405273e+02
+3.9275867280546917754691094160079956054688e+03  -1.5536404529516858019633218646049499511719e+03  -1.0666561805109618035203311592340469360352e+03
+1.9093722598970252875005826354026794433594e+03  +6.0984812764221169345546513795852661132812e+03  +1.0351280605896401993959443643689155578613e+03
+5.6109205218540728310472331941127777099609e+03  +1.4917273855979115978698246181011199951172e+04  -2.4894284481197675631847232580184936523438e+04
-7.9814006218904125944391125813126564025879e+01  -4.1074145362096015787756186909973621368408e+02  -8.5660546274873922811821103096008300781250e+01
+4.0853705314053217989567201584577560424805e+02  -8.8489194180315178073215065523982048034668e+02  -2.3855739644501377938468067441135644912720e+02
-6.5011091601431735398364253342151641845703e+02  -1.5284581698294525722303660586476325988770e+03  +1.4894192105821508675944642163813114166260e+02
+3.8055475280683353389576950576156377792358e+01  -7.9142932020945934823430434335023164749146e+01  -1.2206340849885398824881121981889009475708e+02
-7.1331204010760711753391660749912261962891e+02  +5.3390642446903780182765331119298934936523e+02  -1.3613893442166445879593084100633859634399e+02
+5.6853417988134003735467558726668357849121e+02  +7.1598485547965958630811655893921852111816e+02  +1.3699555422984162760258186608552932739258e+03
-8.1707011987306509581685531884431838989258e+02  -4.7889407299490039804368279874324798583984e+03  -9.4851583871562652916509250644594430923462e+01
+7.4014651612757997867220183252356946468353e+00  +3.2250049467609329667538986541330814361572e+02  -9.0835702723055703700083540752530097961426e+02
+4.3751717172828821276198141276836395263672e+03  -2.7863600367628027925093192607164382934570e+03  +2.5432827530832960292173083871603012084961e+03
-7.2292733419286520302193821407854557037354e+01  +4.7876719639912732873199274763464927673340e+02  +1.0812469753142946160551218781620264053345e+02
+3.6801328973928178811547695659101009368896e+02  +5.1275542562541761526517802849411964416504e+02  +2.1450645453405212492725695483386516571045e+02
-1.0550969601520798460114747285842895507812e+05  -3.4695558638092465116642415523529052734375e+04  -7.2415523767051316099241375923156738281250e+04
+1.2380675616948803963168757036328315734863e+02  +1.7853186405515458545778528787195682525635e+01  +8.8756605725967006037535611540079116821289e+01
-1.0338060863366092689830111339688301086426e+03  +2.1780684207468189015344250947237014770508e+03  +2.3619336660381051729018508922308683395386e+01
-5.6580922164612968572328099980950355529785e+02  -5.5034806608907933878072071820497512817383e+02  +5.8992399679914512944378657266497611999512e+02
+2.6081721255247335648164153099060058593750e+04  -7.2356543026608502259477972984313964843750e+04  -1.7624405871041334467008709907531738281250e+05
-2.2661815203770134985461481846868991851807e+02  -1.3391257278656548805884085595607757568359e+03  -3.1985103545828494908676020713755860924721e+00
+1.2028016506941321495105512440204620361328e+03  +2.8603638161935145944880787283182144165039e+02  -4.1470924642048572650310234166681766510010e+02
-4.4755960744712797350075561553239822387695e+02  +4.5325462430382526690664235502481460571289e+02  +6.5056119421763600740860056248493492603302e+00
+7.8560149053079078385053435340523719787598e+02  +3.2000057129656806864659301936626434326172e+02  +6.6138129477574864267808152362704277038574e+02
-6.4028064580065347399795427918434143066406e+02  -1.1004384846848026882071280851960182189941e+03  -1.8996799941923754886374808847904205322266e+03
-7.3231573127218928220827365294098854064941e+02  +6.3021470383669577586260857060551643371582e+02  -5.6403125371571320556540740653872489929199e+02
-3.9798325365073259263226645998656749725342e+02  +7.0760706121278826685738749802112579345703e+02  +1.7771184337506633710290770977735519409180e+02
+1.7784444241718396369833499193191528320312e+04  -3.6559277566231437958776950836181640625000e+04  -1.2444562964205924799898639321327209472656e+04
+3.4078982743775450217071920633316040039062e+03  +2.0475695275585487706848653033375740051270e+03  +1.4730353999835224385606124997138977050781e+03
+2.2228373193455695400189142674207687377930e+03  -1.7095687780568639482225989922881126403809e+03  -7.1895687653675095134531147778034210205078e+03
+1.0213584967786320589766546618193387985229e+02  -1.8960051600370238134019018616527318954468e+02  +1.8978922766457296233966189902275800704956e+02
+9.8298819316371872645277107949368655681610e+00  -4.9765120861787626171945930764195509254932e-01  +9.6112354183395787288191058905795216560364e+00
-7.8214206739553286951149857486598193645477e+00  -4.8005519556604689057621726533398032188416e+01  +1.8355013064767231156793059199117124080658e+01
-4.4994863500318665217037050751969218254089e+01  -1.1235258020287965337047353386878967285156e+03  -3.4286416012434978028977639041841030120850e+02
+2.2397105446258848360230331309139728546143e+02  +3.8420421484001771261773683363571763038635e+01  +3.3746632890132093507418176159262657165527e+02
-1.2268427257638992159627377986907958984375e+04  -4.2591652309437296935357153415679931640625e+04  -9.3708766329697721175762126222252845764160e+02
+3.1997713314322511202192345081130042672157e+00  -1.1269036309383864136179909110069274902344e+03  -1.4755777560316496419545728713274002075195e+03
+1.5434733139839134086201966056250967085361e+00  +1.7524990027535335457287146709859371185303e+02  -5.9259950432079602222756875562481582164764e+00
-9.5002768545238075148517964407801628112793e+02  +4.4434205739925971556658623740077018737793e+02  +2.4244348653038514385116286575794219970703e+03
+2.0343744709770206213761412072926759719849e+02  +5.3772204852046733947190659819170832633972e+01  -1.5713828659783183994136379624251276254654e+01
-3.8885659616872755577787756919860839843750e+05  +4.7270460604447762307245284318923950195312e+04  +4.0915311498501367168501019477844238281250e+04
-2.0145250277233046176661446224898099899292e+02  +1.4944298652573156687139999121427536010742e+03  -1.0265231276539129794400651007890701293945e+03
+8.0064170485347653993812855333089828491211e+02  -6.2128677426673982608917867764830589294434e+02  -9.2625858467135321916430257260799407958984e+02
-2.5962100983161388967346283607184886932373e+02  -3.7487852003005122014656080864369869232178e+02  +8.8952739713879054761491715908050537109375e+01
-4.5926777440881618531420826911926269531250e+04  +7.4290972946458292426541447639465332031250e+04  -4.9920003738900581083726137876510620117188e+04
+9.7212573779846661636838689446449279785156e+02  -1.1567706717463024688186123967170715332031e+03  +4.2458759063964353117626160383224487304688e+03
-3.3857422301011275145299350697314366698265e-01  -1.4980733289737973024102757335640490055084e+00  -2.3750588185381640154991700342179683502764e-02
-3.1842360221128342345764394849538803100586e+02  -8.3600519681491130086214980110526084899902e+02  +1.4071021140096738122338138055056333541870e+02
+6.0354921619493291018443414941430091857910e+02  +1.0366101420461170619091717526316642761230e+03  -7.7677128964575032910033769439905881881714e+01
+5.9864042804519940546015277504920959472656e+03  +9.3475946435460209613665938377380371093750e+03  -8.7508707564844803528103511780500411987305e+02
-5.1469150241429684200511474045924842357635e+00  -1.1942661407362491843286989023908972740173e+02  -4.1640895679651964655931806191802024841309e+02
-6.5806001808030214306199923157691955566406e+02  +8.3629759913025202422431902959942817687988e+02  +1.2573554464933840790763497352600097656250e+03
+1.5189151609924255126315983943641185760498e+02  +1.2397721879709781944711721735075116157532e+02  -6.3492776950581855999189428985118865966797e+01
+2.2114738189182889982475899159908294677734e+02  -7.0512498142543478252264321781694889068604e+01  -3.4457205437187056418224528897553682327271e+01
-1.5426935095426610132562927901744842529297e+04  -2.1941519676457133755320683121681213378906e+04  -3.4784163627390471447142772376537322998047e+03
+6.8143084900660733183030970394611358642578e+02  +2.9276113407672369248757604509592056274414e+02  -4.8235862368041580339195206761360168457031e+02
-1.9295387747494363139821871300227940082550e+01  -1.9982852063476602921809899271465837955475e+01  +3.0464374983813065966842259513214230537415e+01
+1.3271868895467478432692587375640869140625e+05  +4.4427592818610792164690792560577392578125e+03  +2.3538924587082347716204822063446044921875e+05
-6.3010926734265865434281295165419578552246e+01  -1.6993566125286736934185682912357151508331e+01  +2.4500539680267543474201374920085072517395e+01
+5.7675525864524971098035166505724191665649e+01  +2.9713143383660644758492708206176757812500e+02  -2.1883040370976382860135345254093408584595e+02
-3.9892900182649886353658530424581840634346e+00  +2.4728029289328117279467278422089293599129e+00  -1.8186342050586199547979049384593963623047e+02
-3.5662664777945806235948111861944198608398e+03  -9.0129963240790439158445224165916442871094e+03  -6.2940705618951251381076872348785400390625e+03
+8.7841456969203204607765655964612960815430e+02  -3.4358961695345652742616948671638965606689e+02  -1.2593007091444792422407772392034530639648e+03
-2.8496354062911509572586510330438613891602e+03  -9.3131024685483371285954490303993225097656e+03  -1.5885983999179632519371807575225830078125e+04
-4.2269334985933674886382505064830183982849e+01  -1.6205845209490536262819659896194934844971e+02  -1.3702061349961530822838540188968181610107e+02
+3.9383907593509143225674051791429519653320e+03  -5.0442570247995936369989067316055297851562e+03  -3.5728354854982626420678570866584777832031e+03
+2.9734570582754090537491720169782638549805e+03  +4.3960395333229216703330166637897491455078e+03  -4.6173946037050909581012092530727386474609e+03
+9.9388753143686317343963310122489929199219e+03  -1.0167199960553922210237942636013031005859e+04  -8.3717301017659428907791152596473693847656e+02
-4.3439792185536197166584315709769725799561e+02  +2.2409456917829502344829961657524108886719e+03  -7.2457822366801110547385178506374359130859e+02
-1.0082961609266402547291363589465618133545e+03  -1.8297507875585426972975255921483039855957e+03  +7.1327596337807983672973932698369026184082e+02
+6.2260739021897425118368119001388549804688e+03  -2.6481958573472466014209203422069549560547e+03  -1.6700753841291673325031297281384468078613e+03
-6.0532175543451758130686357617378234863281e+03  +3.6155801628063777570787351578474044799805e+03  -3.5768963223112032210337929427623748779297e+03
-1.4504325454889476532116532325744628906250e+02  +6.8011965411053654406714485958218574523926e+02  +6.4629935168165829395547916647046804428101e+01
+4.9419309904111997866493766196072101593018e+02  -1.3703296893473379896022379398345947265625e+03  +9.7066668545017887481662910431623458862305e+02
-1.0500378410033374620979884639382362365723e+02  +1.3563595786888950556203781161457300186157e+02  +1.2182928039528620445253181969746947288513e+02
+2.1626955643250531124976987484842538833618e+02  -8.5681777087499438039230881258845329284668e+02  -3.1233139298601804512145463377237319946289e+02
-3.5805289714070354420982766896486282348633e+03  -2.8727652383816803194349631667137145996094e+03  +7.7818357028832463129219831898808479309082e+02
-9.8696536479867518210085108876228332519531e+02  +2.6550768131353294165819534100592136383057e+02  -2.5301822888795484800539270509034395217896e+01
-2.8302327498098060232223360799252986907959e+02  -1.1801593461067611201542604248970746994019e+02  +1.5140721744537906943151028826832771301270e+03
-1.4273213605080904926580842584371566772461e+03  -1.3221791742987063571490580216050148010254e+03  -4.0540319785985866474220529198646545410156e+03
-9.5212350849471465608075959607958793640137e+02  -1.0280767569896142958896234631538391113281e+03  -2.3407531910288383869556128047406673431396e+02
-1.9468317181564081863598403288051486015320e+01  +8.3258020132835980575691792182624340057373e+01  +1.1426580378383839331490889890119433403015e+02
-2.3266699967174221796994970645755529403687e+02  +8.1164870606360761939868098124861717224121e+02  -4.5853814948771520221271202899515628814697e+02
-1.3405281091278561689250636845827102661133e+03  -1.2473371871501305577112361788749694824219e+04  -2.5102712549043999388231895864009857177734e+03
-2.3168561980639458397490670904517173767090e+02  +3.2151421664828790198953356593847274780273e+03  +6.6428067442380988723016344010829925537109e+03
+2.0111024097761508073745062574744224548340e+03  -2.3433821185175855816851253621280193328857e+02  -1.1993934107024233526317402720451354980469e+03
+7.6770008029689074646739754825830459594727e+02  +6.5810137388221801302279345691204071044922e+02  +8.5080093310798372385761467739939689636230e+02
+3.8396155834084552225249353796243667602539e+03  +1.4797160089645744847075548022985458374023e+03  -8.7720084214083172469145210925489664077759e+01
-2.0186974852804876263689948245882987976074e+03  +1.2255844211460520455148071050643920898438e+04  -2.4667915601433137453568633645772933959961e+03
-2.7406870410901436116546392440795898437500e+04  +1.7326220641179286758415400981903076171875e+04  +1.8236230774237275909399613738059997558594e+04
-1.0843067097149330948013812303543090820312e+05  -1.5898668543938361835898831486701965332031e+04  -6.6360438127848130534403026103973388671875e+04
+7.0635660242905146333214361220598220825195e+01  -1.0085341129667530140068265609443187713623e+03  +4.5146389795936141808851971291005611419678e+02
-4.6527634611547902750317007303237915039062e+04  +4.5986527440444951935205608606338500976562e+04  +9.4805481185333745088428258895874023437500e+04
+8.8964100199322581374872243031859397888184e+02  +1.1712569229656137395068071782588958740234e+04  -1.4791393657167942365049384534358978271484e+04
-4.5301682835901533508149441331624984741211e+02  +5.2947866212388248641218524426221847534180e+02  -6.4678392003390570152987493202090263366699e+02
+1.3323723519985695020295679569244384765625e+04  -6.9069382614323403686285018920898437500000e+03  -7.2264383573113023885525763034820556640625e+04
+7.9005184338123365250794449821114540100098e+02  -9.8729482111953893763711676001548767089844e+02  +4.8349012274387511922668636543676257133484e+01
+3.7130277212103675992693752050399780273438e+04  -6.0721772644491684332024306058883666992188e+03  +5.2141816510318771179299801588058471679688e+04
+2.3110788319863763717876281589269638061523e+03  -5.4214892351252035496145254001021385192871e+02  -1.2296213758082542426564032211899757385254e+03
-1.8579020845600938628194853663444519042969e+04  +1.1880992514265755744418129324913024902344e+04  -3.6755478501619868438865523785352706909180e+03
+3.2587112745334366081806365400552749633789e+01  +4.0578549334803575732166791567578911781311e+01  +4.1514344067009201211249092011712491512299e+00
+1.1564963994447466575365979224443435668945e+03  +6.4350868803520415895036421716213226318359e+02  +2.4173072483964701859804335981607437133789e+03
-4.8977266884708194538688985630869865417480e+02  +1.6567709485187158406915841624140739440918e+03  -5.2936406974808824088540859520435333251953e+02
+1.1203816625615722841757815331220626831055e+03  -4.3095953440069824864622205495834350585938e+03  -5.8688799732290108295273967087268829345703e+03
-7.2815580964521757323382189497351646423340e+02  -1.3397402530774932074564276263117790222168e+03  +2.0960505552188519686751533299684524536133e+03
-8.9748706930197579367813887074589729309082e+02  +2.2664088615177433894132263958454132080078e+03  -1.5411682674907019645615946501493453979492e+03
-2.7035186181989392935065552592277526855469e+03  +1.2988354161064503955458349082618951797485e+02  -3.0226171648319113955949433147907257080078e+03
-8.7429630422357854513393249362707138061523e+02  -6.0777236332162863163830479606986045837402e+02  +2.7667401581148584455149830318987369537354e+02
+1.6596863692977323080413043498992919921875e+05  +6.5401740195128608320374041795730590820312e+04  +2.8943747748402249271748587489128112792969e+04
+2.5877397549343859282089397311210632324219e+03  +1.7537683878346119854541029781103134155273e+03  -8.3404426902343595884303795173764228820801e+02
+4.1923713793514187273103743791580200195312e+04  -6.0606452257364042452536523342132568359375e+04  -2.3762646977342441095970571041107177734375e+05
-1.3385161993224620857745321700349450111389e+01  +3.4169712351724456311785615980625152587891e+01  -1.9446060444823118018575769383460283279419e+01
-1.5019334930619675105845090001821517944336e+02  +2.9242654512070298551407177001237869262695e+03  -1.2060631506280396934016607701778411865234e+03
-1.6722023592410775449934590142220258712769e+02  +2.8738394533388532181561458855867385864258e+02  +3.8017769665414959945337614044547080993652e+02
-3.4862180716068240826643886975944042205811e+02  -4.2647493410932611368480138480663299560547e+02  -2.3555800765788279704793239943683147430420e+02
-2.0708001389651549288828391581773757934570e+03  +3.8470551857541458957712166011333465576172e+03  -3.3535467537338190595619380474090576171875e+03
-4.4287938489554136367587489075958728790283e+01  +4.4674715671381676429518847726285457611084e+02  +2.2425050862121881323218985926359891891479e+02
-2.8836148184597809596141360088950023055077e+00  +6.6006928216443242263267165981233119964600e+01  -1.8334952434526453401986145763657987117767e+01
-1.1397670106494215360726229846477508544922e+03  +6.0395656060868964232213329523801803588867e+02  +2.5308534331485859070198785047978162765503e+02
-1.6858779285830402727697219233959913253784e+02  -1.3260436764749630356163834221661090850830e+02  +1.2135320808117688784477650187909603118896e+02
+4.1715069670683669755817390978336334228516e+02  -5.1473504666734022805485437856987118721008e+01  +7.0593875892107632807892514392733573913574e+01
-4.4598293560313457817301241448149085044861e+01  -1.7162433263606303057713375892490148544312e+01  +2.1984163397297233899507773458026349544525e+01
-2.5173183556174939212723984383046627044678e+02  +1.5513163206709131713978422340005636215210e+02  -5.1946459089491906979674240574240684509277e+02
+1.8152878263964396410301560536026954650879e+02  +9.2464474498092772591917309910058975219727e+02  -3.7435177189095122685102978721261024475098e+02
+4.3965920100365055986912921071052551269531e+03  +1.5415272289289464424655307084321975708008e+03  -4.5528936270212170711602084338665008544922e+03
-3.3900000009282695145884645171463489532471e+02  -1.2654417673878477046400803374126553535461e+02  +5.7037509211765643613034626469016075134277e+02
-1.5807536355258946514368290081620216369629e+02  -6.3139916243639027015888132154941558837891e+02  +2.5315204453451573840538912918418645858765e+02
-3.1255158725344124832190573215484619140625e+04  +4.7126738395056818262673914432525634765625e+04  -1.5417805678405275102704763412475585937500e+05
-8.9571878844506875338993268087506294250488e+02  +1.0150988132302237545445677824318408966064e+03  -3.2213163274107103006826946511864662170410e+02
-1.6553151728070351964561268687248229980469e+04  +1.0573675224986669491045176982879638671875e+04  +1.2553644291140290079056285321712493896484e+04
+1.8904798275997661676228744909167289733887e+03  -1.6881635943322291950607905164361000061035e+03  +5.4993855625622938987362431362271308898926e+02
+8.2456031476841621952189598232507705688477e+02  -5.5505956407930177931575599359348416328430e+01  -2.8825617738189083638644660823047161102295e+02
+5.3606009408700060703267809003591537475586e+01  -3.8020870309395621688963728956878185272217e+02  +1.1570514601486065657809376716613769531250e+03
+1.4583326386638352900604331807699054479599e+01  -7.3270283963965596285561332479119300842285e+01  -2.0402892833308545306181258638389408588409e+01
+3.0269712690469300468976143747568130493164e+03  -2.3548367392589556402526795864105224609375e+04  +1.4339158394777718058321624994277954101562e+04
+6.0678287490864968276582658290863037109375e+04  +3.1940479345377032586839050054550170898438e+04  -2.6209826176072543603368103504180908203125e+04
+7.5332470023854227747506229206919670104980e+02  +9.6441517411248241842258721590042114257812e+02  +1.2844665010969056311296299099922180175781e+03
-1.4595424684431309287901967763900756835938e+03  +2.7970167650487684340987470932304859161377e+02  -1.1616580072180702245532302185893058776855e+03
+3.6488869839451439247568487189710140228271e+02  +8.2042934349301191332415328361093997955322e+01  -4.0247044724559231099192402325570583343506e+01
+3.5496257561903448163320717867463827133179e+01  +1.2515273955289233143162164196837693452835e+01  -3.2153195324497488627457641996443271636963e+01
