DirectForce: 61142; ParticleCell: 49954; NodesUsed: 450; NodesAvailable: 500; TimeLoad: 0.000122804; TimeUpward: 1.2955e-05; TimeForce: 0.00593472; TimeTotal: 0.00608121
1000

-2.5295511826440415461547672748565673828125e+04  -4.4686114622768538538366556167602539062500e+04  -1.5718255415874051323044113814830780029297e+04
-7.8401770919353822364428197033703327178955e+01  -1.8414352093502918705780757591128349304199e+02  +1.2899947706339904840433518984355032444000e+01
+3.2260858512252043510670773684978485107422e+03  -2.8051353285894406326406169682741165161133e+03  +2.6424855701543983741430565714836120605469e+03
+1.2356702339309424132807180285453796386719e+04  -7.3839514998263057350413873791694641113281e+03  +2.6062162602135475026443600654602050781250e+04
+1.8705166292906582384603098034858703613281e+04  -2.0575739680975450028199702501296997070312e+04  -1.1214349743112190481042489409446716308594e+04
+3.5623538071913928433787077665328979492188e+04  -1.2521329449179829680360853672027587890625e+04  -3.8623480371854209806770086288452148437500e+04
-6.3550796606517033069394528865814208984375e+04  -6.2833342262007163299131207168102264404297e+03  +4.0385977420586823427584022283554077148438e+04
-2.3814354297749801503414346370846033096313e+02  +7.1636041631564319231983972713351249694824e+02  +1.0048001917016945299110375344753265380859e+03
-5.3676899816829900373704731464385986328125e+04  -1.8703084105250251013785600662231445312500e+04  +3.0826313754864931979682296514511108398438e+04
+5.4530083122644884952023858204483985900879e+02  +5.3582027781392831400353315984830260276794e+01  -5.7574733129760568317578872665762901306152e+02
-2.9175679235077328485203906893730163574219e+04  -3.3605784490495902900875080376863479614258e+03  -1.7098396083514409838244318962097167968750e+04
+1.9532357876155700068920850753784179687500e+05  +5.9907695537170198804233223199844360351562e+04  -2.5423729953257923625642433762550354003906e+04
+4.7589480169236694564460776746273040771484e+03  -2.0248157618245593766914680600166320800781e+04  -1.0507772563895667190081439912319183349609e+04
-5.2022228084581183793488889932632446289062e+03  -2.9871770085540174477500841021537780761719e+03  -8.2851431600288578920299187302589416503906e+03
+3.3479546445562140434049069881439208984375e+04  -4.1255223881981182785239070653915405273438e+04  +1.5663617875549045493244193494319915771484e+04
-5.6936054124404399772174656391143798828125e+03  -1.1542998847996243512170622125267982482910e+03  +2.3951147527774701302405446767807006835938e+03
+6.6905019474133132462156936526298522949219e+03  +4.2273841752760075905825942754745483398438e+04  -3.4606474434722927981056272983551025390625e+04
-2.3391120703813905379320203792303800582886e+02  +3.9655111893730185101958340965211391448975e+02  +2.6169851168414561470854096114635467529297e+02
+2.4091195300450403010472655296325683593750e+04  +1.0646215941137954359874129295349121093750e+05  +8.9650955944256318616680800914764404296875e+04
-4.2869972120324882780550979077816009521484e+03  -1.6809084938405925640836358070373535156250e+04  +2.7684869833370274136541411280632019042969e+04
+2.6019775327530815047794021666049957275391e+03  +1.3381997221390622144099324941635131835938e+04  -1.9269221080123083083890378475189208984375e+04
-1.4798374569303172393119893968105316162109e+04  -1.4812197955146377353230491280555725097656e+04  -7.8861715951034748286474496126174926757812e+03
-1.0333871571910416605533100664615631103516e+04  +2.4664555973138367335195653140544891357422e+03  +5.1460472992889335728250443935394287109375e+04
+7.5881198527886017473065294325351715087891e+03  +1.2630939163961145368375582620501518249512e+03  -3.4392477109303408724372275173664093017578e+03
+3.1919273902170421024493407458066940307617e+03  +2.2536313540997125528519973158836364746094e+04  -1.7332617024810257134959101676940917968750e+04
-2.6659959234929076046682894229888916015625e+04  -7.8463346843452782195527106523513793945312e+03  +1.3025112815675352976541034877300262451172e+04
+1.4087248409833702680771239101886749267578e+04  -2.0776668603733272902900353074073791503906e+04  +2.0170874179992042627418413758277893066406e+04
+4.3985789798120160412508994340896606445312e+04  -2.9088281137526773818535730242729187011719e+04  -2.4334321325754048302769660949707031250000e+04
+4.2153739751310640713199973106384277343750e+03  -3.1418433090117425308562815189361572265625e+04  +8.9533954868069349686265923082828521728516e+02
+2.6540983644067593559157103300094604492188e+04  +1.1929770042713655129773542284965515136719e+04  +5.3561068215450504794716835021972656250000e+04
-6.5804721549679652525810524821281433105469e+03  +3.4882865182185152661986649036407470703125e+04  -2.0791722447383093822281807661056518554688e+04
-1.6431620195439808185255969874560832977295e+02  -1.1623895719348269267356954514980316162109e+04  +4.5078235112063603082788176834583282470703e+03
-2.8736048653891691628814442083239555358887e+02  +9.8269329612238598201656714081764221191406e+03  +1.2309718308909812549245543777942657470703e+04
+2.4489412716996203016606159508228302001953e+03  -6.1505104311857348875491879880428314208984e+02  -1.6473304390635432810086058452725410461426e+03
-9.3354227962982931785518303513526916503906e+03  -2.5805076171938191691879183053970336914062e+04  +2.9540298170902260608272626996040344238281e+03
+3.2127113643013100954703986644744873046875e+04  +6.1514588183369305625092238187789916992188e+04  +7.0878606974923299276269972324371337890625e+04
+6.8734844353445523665868677198886871337891e+03  -2.0360422616032563382759690284729003906250e+04  +6.6534634948343436917639337480068206787109e+03
-3.5609866317190288100391626358032226562500e+04  -3.7209959271248872028081677854061126708984e+03  +4.6706460718330254167085513472557067871094e+03
+4.7411898274280001714942045509815216064453e+03  +1.1089032652302221322315745055675506591797e+04  -1.1685967415544095274526625871658325195312e+04
-7.8656347884805843932554125785827636718750e+04  -1.5807903153004561318084597587585449218750e+05  +2.8939885158816108742030337452888488769531e+04
-5.7329641644269804601208306849002838134766e+03  -7.9299972846554965144605375826358795166016e+03  +3.3443106290410423753201030194759368896484e+03
+7.8391740097272236198477912694215774536133e+02  +3.0440116179689880482328590005636215209961e+03  +6.1291217625258036605373490601778030395508e+02
-3.1925763744871314884221646934747695922852e+03  -3.3404522321639606161625124514102935791016e+03  -1.2700925540071675641229376196861267089844e+04
+9.6592124345447136875009164214134216308594e+03  -2.2381395894483837764710187911987304687500e+04  -7.7896422286281435276578122284263372421265e+01
-6.7869005666640267008915543556213378906250e+04  +1.4854315268602607829961925745010375976562e+04  +6.9220973487611772725358605384826660156250e+04
-1.5592459618027842952869832515716552734375e+05  -3.5719453778883122140541672706604003906250e+04  -2.6597836817765864543616771697998046875000e+05
-2.8244248728780716191977262496948242187500e+04  -3.5781630101591854327125474810600280761719e+03  -7.5896480420968046018970198929309844970703e+03
+2.1468937762652476521907374262809753417969e+04  +1.6405538204277010663645341992378234863281e+04  +5.2110848385086828784551471471786499023438e+04
+1.7915863805302698165178298950195312500000e+05  +1.4313464188306237701908685266971588134766e+04  -6.2815103408415152443922124803066253662109e+03
-9.1550129736661710921907797455787658691406e+03  +1.1849390039461136439058464020490646362305e+03  +2.5117468882570483401650562882423400878906e+04
+4.2262800487940163293387740850448608398438e+04  -6.7349857496552076554507948458194732666016e+03  +5.4109913776895191404037177562713623046875e+04
+1.0542129733696638140827417373657226562500e+04  +9.1070185573072994884569197893142700195312e+03  -4.6856138962730619823560118675231933593750e+04
+4.5936170679082493961686850525438785552979e+02  -3.6536980022717543761245906352996826171875e+04  +7.7069458570371007226640358567237854003906e+03
-1.1861492450147527506487676873803138732910e+03  -1.7827518703601569995953468605875968933105e+03  -2.2132549247496258431056048721075057983398e+03
-2.7223553282767111340945120900869369506836e+03  -1.2424419777328162126650568097829818725586e+03  -7.5936500632753950412734411656856536865234e+03
+1.9403888294707485329126939177513122558594e+04  +2.5671549567413650947855785489082336425781e+04  +8.3568882093448919476941227912902832031250e+03
-7.9637520443805187824182212352752685546875e+03  +6.9849471304179030539671657606959342956543e+02  -6.5542172598042125173378735780715942382812e+03
-1.1076558370082348119467496871948242187500e+04  -4.1919885347409726819023489952087402343750e+04  -1.3000508936302605434320867061614990234375e+04
+2.0129666441699874121695756912231445312500e+05  +1.7704322414568527165101841092109680175781e+04  -1.0168617355154094184399582445621490478516e+04
-3.6139595282153270090930163860321044921875e+04  +1.3931205764418209582800045609474182128906e+04  -1.1115804091917046753223985433578491210938e+05
+3.4666717606082886504736961796879768371582e+02  -5.2689845261241525804507546126842498779297e+03  +1.2855753529216875904239714145660400390625e+04
-1.5340868983985588420182466506958007812500e+05  -7.6572861154196289135143160820007324218750e+04  +1.0219350994004758831579238176345825195312e+05
-5.5280379103669465621351264417171478271484e+03  -1.7435664553024498673039488494396209716797e+03  +3.3863812432082640953012742102146148681641e+03
+2.6416684749885234850808046758174896240234e+03  -4.5483631542346338392235338687896728515625e+03  -2.3382742523370743583654984831809997558594e+03
-3.9255427748989282008551526814699172973633e+03  -1.1758822653372644708724692463874816894531e+03  -1.5558092541898824379131838213652372360229e+02
+6.8003315689971335814334452152252197265625e+04  +4.6987187624418756968225352466106414794922e+03  +5.7303410020333489228505641222000122070312e+04
+1.0324079734460747567936778068542480468750e+05  -6.7166109871647922773263417184352874755859e+03  +4.7912736177623504772782325744628906250000e+04
-2.5135938482934961939463391900062561035156e+04  +3.0346155173354418366216123104095458984375e+03  +2.5619675507181171269621700048446655273438e+04
+7.0299196389014425221830606460571289062500e+04  -2.1867739952032439759932458400726318359375e+05  -1.1108033030864262400427833199501037597656e+04
+7.4684620974016055697575211524963378906250e+04  -1.2313533822480945673305541276931762695312e+04  -8.5483931398919448838569223880767822265625e+04
-8.1223550764462252118391916155815124511719e+03  -6.4421829172229932737536728382110595703125e+04  -2.9568002832687321642879396677017211914062e+04
+8.9721530755976309592369943857192993164062e+03  +1.7699670526282705395715311169624328613281e+04  -2.4472255433114116840442875400185585021973e+02
-4.9875349100789251679088920354843139648438e+04  -1.2685671669054211179172853007912635803223e+03  -3.3583710378191033669281750917434692382812e+04
-1.9419297819265808357158675789833068847656e+04  +2.7776236929612510721199214458465576171875e+04  +1.0207206149291164183523505926132202148438e+05
-4.4163977113566970729152671992778778076172e+03  +8.8823477422144333104370161890983581542969e+02  +3.6411340188862200193398166447877883911133e+03
+7.4470459969374257980234688147902488708496e+02  +1.7675001997864419536199420690536499023438e+04  +3.0526344269051885930821299552917480468750e+04
+5.4128443241073990066070109605789184570312e+04  -3.4993866559074340329971164464950561523438e+04  -3.4532402025709139707032591104507446289062e+04
+1.7770102908195720374351367354393005371094e+04  +1.2800610365102256764657795429229736328125e+04  -2.7524325401034329843241721391677856445312e+04
-1.2890580572133612804464064538478851318359e+03  -1.6685026685547647957719163969159126281738e+03  +6.8966500572944623854709789156913757324219e+03
+2.3361445912223766754323150962591171264648e+03  +5.0071239957049101576558314263820648193359e+03  -2.0294283802316323999548330903053283691406e+04
+2.2173151393998839921550825238227844238281e+04  -4.5948481577355909394100308418273925781250e+04  +3.8266471516414516372606158256530761718750e+04
-3.8776683623434393666684627532958984375000e+04  +1.1592711848545139218913391232490539550781e+04  -2.1668124375050228991312906146049499511719e+03
+2.8577567373841739026829600334167480468750e+03  -2.1383419095689008827321231365203857421875e+04  -3.5295288061845407355576753616333007812500e+04
-1.5957890685564523664652369916439056396484e+04  -3.9324887683697597822174429893493652343750e+04  +1.5987932213597567169927060604095458984375e+04
+1.4682524353608050660113804042339324951172e+02  +8.6043098455087169895705301314592361450195e+02  +8.1041328164931360333866905421018600463867e+02
-1.4294644435424897821462764113675802946091e+01  -2.0865620485047321608362835831940174102783e+02  -8.5209386942444598389556631445884704589844e+02
+4.1460217506910184965818189084529876708984e+03  +5.2549311572143039938964648172259330749512e+02  +8.4154169916961654962506145238876342773438e+02
-2.6619210739280835696263238787651062011719e+04  +1.1852489949328325747046619653701782226562e+05  -7.6771982501939695794135332107543945312500e+04
-8.6744795970775817295361775904893875122070e+02  -2.4928481186142403203120920807123184204102e+03  -2.2556976903277682140469551086425781250000e+04
-3.8496241561971670307684689760208129882812e+04  -4.9540386956623857258819043636322021484375e+04  +4.5264799538897153979633003473281860351562e+04
-1.0751738222565488740656292065978050231934e+03  -3.6834097127141183591447770595550537109375e+04  +1.5711454587612446630373597145080566406250e+04
+1.3291884151672164080082438886165618896484e+04  -2.4679967029823192206094972789287567138672e+03  -9.8033475200767879869090393185615539550781e+03
+1.8408082189155306878092233091592788696289e+03  -3.5330080551633807772304862737655639648438e+04  -1.9280045153605467930901795625686645507812e+04
-2.3167063977457187320396769791841506958008e+03  +8.7587503548362765286583453416824340820312e+03  +5.5579728609493926342111080884933471679688e+04
+3.0606316427777033823076635599136352539062e+04  -1.8732240084293713152874261140823364257812e+04  +4.5518719235864751681219786405563354492188e+04
-9.8528058180202322091645328328013420104980e+02  +7.1750065378263585103013610932976007461548e+01  +4.1481607490961478106328286230564117431641e+03
+8.7134787536609110247809439897537231445312e+03  +2.2135856990097239759052172303199768066406e+04  -2.3708651756264243886107578873634338378906e+04
-5.3400728553595195080561097711324691772461e+02  +1.6163353510217271491455903742462396621704e+02  +8.4676434464637611654325155541300773620605e+02
+3.6758345470084610860794782638549804687500e+05  -4.3351478615825817541917786002159118652344e+03  -2.1169518535421820706687867641448974609375e+05
-6.6114612232618557754904031753540039062500e+04  -1.7491161153479846689151600003242492675781e+04  +1.2092342367637828283477574586868286132812e+05
-2.2358807105310523184016346931457519531250e+04  +7.0147721754316726219258271157741546630859e+03  -3.4105515532695053479983471333980560302734e+03
-8.3505947945941170473815873265266418457031e+03  -4.0359874279521347489207983016967773437500e+04  -1.9627324624182099796598777174949645996094e+04
-6.0242424924751023354474455118179321289062e+04  -2.2412903048536620190134271979331970214844e+04  -1.7842832515589752802043221890926361083984e+03
-1.6109240021552473990595899522304534912109e+04  +1.5936341773842450493248179554939270019531e+04  +9.6125170627187035279348492622375488281250e+03
+1.2603585135168274064199067652225494384766e+04  -1.2476935553752979103592224419116973876953e+04  +1.9617274350501604203600436449050903320312e+04
-7.3276730638429698956315405666828155517578e+03  -1.7681470533536983566591516137123107910156e+04  -4.6706682290658500278368592262268066406250e+03
-2.6136749563064262474654242396354675292969e+04  +1.7837861975925014121457934379577636718750e+04  -3.7815322269176981535565573722124099731445e+03
+1.2392449198209424139349721372127532958984e+04  +6.5450852328084074542857706546783447265625e+03  -3.1023202807447873055934906005859375000000e+04
+7.2368232316812873250455595552921295166016e+03  +5.3307237754400484845973551273345947265625e+03  +5.3764733965590476145735010504722595214844e+03
-1.4953971598218968210858292877674102783203e+03  +2.1332480392104785096307750791311264038086e+03  -1.1426999413700793866155436262488365173340e+03
+1.5248229082088926134019857272505760192871e+03  +6.7161134610339684058999409899115562438965e+02  +1.4131451178886577508819755166769027709961e+03
+5.3988084150453425536397844552993774414062e+04  +2.2601474951405081810662522912025451660156e+04  -4.7372339601455583760980516672134399414062e+04
+2.9916029093428755004424601793289184570312e+04  +6.3494058144363363680895417928695678710938e+04  -1.1878180022818596626166254281997680664062e+03
-4.0707121669943720917217433452606201171875e+04  +6.2673055875637488497886806726455688476562e+04  -8.9737827832640658016316592693328857421875e+04
-9.0096959512102876033168286085128784179688e+03  +1.7176199297640076110837981104850769042969e+04  -2.9356828929213494120631366968154907226562e+04
-8.3285824226893731974996626377105712890625e+04  -3.8164607500493402767460793256759643554688e+03  -3.7785149533681884349789470434188842773438e+04
+5.6272857613446445611771196126937866210938e+04  +3.6183184054854260466527193784713745117188e+04  +8.8036430424653895897790789604187011718750e+04
-7.2865149794030739940353669226169586181641e+03  +4.7537234280880365986377000808715820312500e+03  -1.6649734044409372017980786040425300598145e+03
-1.2830438933338780316262273117899894714355e+03  -5.2624334304003423312678933143615722656250e+03  -4.7401012261768983080401085317134857177734e+03
+2.3086151891715897363610565662384033203125e+04  +3.8086128019090727320872247219085693359375e+04  +2.9803967785680219094501808285713195800781e+04
+6.1319090540959390636999160051345825195312e+04  -2.2227993958711194864008575677871704101562e+04  +2.7188181100261223036795854568481445312500e+04
+9.5034104693841320113278925418853759765625e+04  +3.4420901445719512412324547767639160156250e+05  -7.5624890318454545922577381134033203125000e+05
+7.1111277392035817683790810406208038330078e+03  -5.1873263430040271487087011337280273437500e+04  -2.8658036218677498254692181944847106933594e+04
-6.9203830863919383773463778197765350341797e+03  -2.5013888444631556922104209661483764648438e+03  +4.4835394221082633521291427314281463623047e+03
+1.9334911565863894793437793850898742675781e+04  -4.3675219757703278446570038795471191406250e+04  -2.0707677433028351515531539916992187500000e+04
+3.0646943351643226378655526787042617797852e+03  +5.9576982035211103720939718186855316162109e+03  -1.4229914714038127385720144957304000854492e+03
-1.0210959016388304007705301046371459960938e+05  -7.3400984698801461490802466869354248046875e+04  -3.5603372830882581183686852455139160156250e+04
+4.0749842267435713438317179679870605468750e+04  -4.5550231021556214727752376347780227661133e+02  +5.9121235934564152557868510484695434570312e+04
+1.0747854088960954919457435607910156250000e+07  -1.8190712737601231783628463745117187500000e+06  +7.3776229205846665427088737487792968750000e+06
-7.5687183254834802937693893909454345703125e+04  -1.7116094562869920628145337104797363281250e+05  -6.4110245935013314010575413703918457031250e+04
-2.1071750316410521918442100286483764648438e+04  -1.4710169268399538850644603371620178222656e+04  +2.6458933806094451028911862522363662719727e+03
+3.7295518209684909379575401544570922851562e+04  -1.2335483918247802648693323135375976562500e+05  +8.3010895802445505978539586067199707031250e+04
-1.0111260122534564288798719644546508789062e+04  -4.1773556511771508667152374982833862304688e+04  +6.0525803402177647512871772050857543945312e+04
-2.3748266726625415685703046619892120361328e+03  +7.6507706321801770172896794974803924560547e+03  -3.3491079799030840149498544633388519287109e+03
-1.0471421522784720582421869039535522460938e+05  -9.1057956758778946095844730734825134277344e+03  +9.1365371626036416273564100265502929687500e+04
-3.1404676460485294228419661521911621093750e+04  +2.2709923482996209713746793568134307861328e+03  -9.9736431944332216517068445682525634765625e+03
-3.3076064967601727403234690427780151367188e+04  -2.8910590106110332271782681345939636230469e+04  +1.4984938535939892972237430512905120849609e+04
-1.0945980279167680069804191589355468750000e+07  +2.3953831997617133893072605133056640625000e+06  -6.6798506964542213827371597290039062500000e+06
-7.5662124830016464329673908650875091552734e+03  +8.3882344695266747294226661324501037597656e+03  -2.2668964109532818838488310575485229492188e+04
-2.5882843643410228651191573590040206909180e+03  +1.2836595859027245751349255442619323730469e+04  -5.0826504614146237145178020000457763671875e+04
-1.0085450177867900492856279015541076660156e+04  +1.2194371847224708744761301204562187194824e+03  +7.3195455073019184055738151073455810546875e+02
-5.8500396725461607275065034627914428710938e+04  +5.7876471042693788149335887283086776733398e+02  -8.1491723071064086980186402797698974609375e+04
+1.4977572057935417979024350643157958984375e+05  +2.8197292949741962365806102752685546875000e+05  +1.8594896314211460412479937076568603515625e+05
-2.4788258186523573385784402489662170410156e+04  -1.2423749857002914723125286400318145751953e+04  -1.0587781078108786459779366850852966308594e+04
+1.3074637048044544371805386617779731750488e+03  +4.7550148098852914699818938970565795898438e+04  +8.0852443308067904581548646092414855957031e+03
+4.2989296643523972306866198778152465820312e+04  +1.0244395195749669801443815231323242187500e+06  -1.1381159732627349148970097303390502929688e+05
-7.2629973722237467882223427295684814453125e+04  -4.7525162165996574913151562213897705078125e+04  +6.0863765626320455339737236499786376953125e+04
-4.2670889598362184187863022089004516601562e+04  +3.4230567230444481538143008947372436523438e+04  -1.4717321807488511694828048348426818847656e+04
-9.6764244428281490399967879056930541992188e+03  +8.6497660818071835819864645600318908691406e+03  -1.1562423515056079850182868540287017822266e+04
-7.2465597724555609602248296141624450683594e+03  +2.5173516796821745629131328314542770385742e+03  +2.8336760107372779202705714851617813110352e+03
+7.5615038459240486190537922084331512451172e+03  +1.5687681870958173021790571510791778564453e+04  +4.0184389788368629524484276771545410156250e+04
-3.9757589917408557084854692220687866210938e+04  -4.5940454177957835781853646039962768554688e+04  +1.2949068731778694200329482555389404296875e+04
+1.5042026772292907116934657096862792968750e+05  -3.4216189538311758951749652624130249023438e+04  +5.3040407504985363630112260580062866210938e+04
+5.6686793036598610342480242252349853515625e+03  +1.0637893617089803228736855089664459228516e+03  +9.0891690747484663006616756319999694824219e+03
-1.7755960101970947562222136184573173522949e+02  -1.5240883386044868530007079243659973144531e+04  +2.2263958288450289728643838316202163696289e+03
-2.5059859278853255091235041618347167968750e+03  -3.8453797435676110580970998853445053100586e+03  +1.8830817721847124630585312843322753906250e+03
-3.6971617393145563255529850721359252929688e+04  +4.1441086433138134452747181057929992675781e+03  +6.7855273905179456050973385572433471679688e+03
+9.2136959063597150816349312663078308105469e+03  -1.7624295378906903351889923214912414550781e+04  -7.5294927300243842182680964469909667968750e+04
-5.1419918084275570890895323827862739562988e+02  -1.1238194568067285672441357746720314025879e+03  -8.1307223738596894690999761223793029785156e+02
-2.1349134595189570973161607980728149414062e+02  -2.2386173112831198750427574850618839263916e+02  +7.7521825238291384607691725250333547592163e+01
-1.1748902236154726779204793274402618408203e+03  -6.9415521484997216248302720487117767333984e+03  -4.6282754284040183847537264227867126464844e+03
-4.5945299654647904390003532171249389648438e+04  +2.8389946085818959545576944947242736816406e+04  +2.1900298882170958677306771278381347656250e+04
-4.1964439627346673660213127732276916503906e+03  -6.9440073324009590578498318791389465332031e+03  -6.5494674529441399499773979187011718750000e+03
+1.6653925727100013887138629797846078872681e+02  +8.4077583980678525676921708509325981140137e+01  -1.0050625084968559974640811560675501823425e+02
+4.0618719474498167983256280422210693359375e+04  +1.8471937865264855645364150404930114746094e+04  -4.8422054033294967666734009981155395507812e+04
+1.6419754503445165028097108006477355957031e+04  +7.4242076609550686043803580105304718017578e+03  -2.5544373699647996545536443591117858886719e+04
+1.4593650017518886670586653053760528564453e+04  +1.7191344372769076471740845590829849243164e+03  -3.0000491632713387843978125602006912231445e+03
-2.8414827235437329363776370882987976074219e+04  +9.9833483988794559991220012307167053222656e+03  +1.3445679813397080579306930303573608398438e+04
+2.1294159261466679708973970264196395874023e+03  +6.7101441894028612296096980571746826171875e+03  +2.0333696674086233997513772919774055480957e+03
-2.2115116523187625716673210263252258300781e+03  -1.8353607492654903126094723120331764221191e+03  -2.2844968321957668422328424639999866485596e+02
-1.0048621608764256052381824702024459838867e+03  +1.2477768915823875431669875979423522949219e+04  -2.6196628202560264071507845073938369750977e+03
-7.1099017365967893056222237646579742431641e+03  -9.0393795336567939102678792551159858703613e+02  +1.2050785229013054049573838710784912109375e+03
+1.9432549892454953806009143590927124023438e+03  +1.0902108161118899261055048555135726928711e+03  +2.3675556014052980913220380898565053939819e+02
-1.1247617879783580065122805535793304443359e+04  -6.3985037665038344130152836441993713378906e+03  -4.2253276918705141724785789847373962402344e+03
-2.5284873701086112305347342044115066528320e+03  +8.9080149298786607687361538410186767578125e+04  +7.3037417382154337246902287006378173828125e+04
+6.9146071222799873794429004192352294921875e+04  -1.0708093433354466469609178602695465087891e+04  -3.6166584119051927700638771057128906250000e+04
+1.6108467246986867849045665934681892395020e+03  -1.1870288540767543963738717138767242431641e+04  -8.1359472428424915051436983048915863037109e+03
+1.1792985704341612290591001510620117187500e+04  +3.8129656350758486951235681772232055664062e+03  -1.2529953020074257437954656779766082763672e+04
-1.0170795463221833415445871651172637939453e+04  +1.8355883473623960071563487872481346130371e+03  -2.7003815005467795344884507358074188232422e+03
+8.9818457334558991078665712848305702209473e+02  -9.4248132876412262248777551576495170593262e+02  -1.1404630577677357905486132949590682983398e+03
-1.5749431929009730879442940931767225265503e+02  -4.6023333235173771527115604840219020843506e+02  -1.0596399175421245217876276001334190368652e+03
-2.1957724592197082529310137033462524414062e+04  +3.4985274203615212172735482454299926757812e+04  -1.4554094350388741077040322124958038330078e+04
+6.5672450039060031485860235989093780517578e+03  -7.8289224265380871656816452741622924804688e+03  -7.8512377138216310413554310798645019531250e+04
-5.8190881630218122154474258422851562500000e+04  -1.0494183929175274897716008126735687255859e+04  -7.2314545837347119231708347797393798828125e+04
+8.1434609403164911782369017601013183593750e+04  +5.3238948696181068953592330217361450195312e+04  -3.5890300647551175643457099795341491699219e+03
-4.1826040153029847715515643358230590820312e+04  -1.1126353431435058155329897999763488769531e+04  +1.2854245862074205069802701473236083984375e+05
-1.0290858539408394426573067903518676757812e+05  +2.3112628771502822928596287965774536132812e+04  -9.1773519888546943548135459423065185546875e+03
+2.5729101097364396082411985844373703002930e+03  -1.8900893710573607677360996603965759277344e+04  +5.5118943136748945107683539390563964843750e+04
-4.2046036224657864295295439660549163818359e+03  -1.9936226407731530343880876898765563964844e+04  -4.2549312739261722526862286031246185302734e+03
+1.0048151482328103156760334968566894531250e+06  +3.5956295753491186769679188728332519531250e+05  -9.2396740486193320248275995254516601562500e+05
+1.4666443628143333626212552189826965332031e+03  +7.1067107057337825608556158840656280517578e+03  +1.4813219144749176848563365638256072998047e+04
+1.2593841188331600278615951538085937500000e+04  +3.3959112793347077968064695596694946289062e+04  +3.1010928957187028572661802172660827636719e+04
+6.4607241174575756303966045379638671875000e+04  +7.6400875916328623134177178144454956054688e+03  -7.1785309975919284624978899955749511718750e+04
-6.9391817350210360018536448478698730468750e+04  -1.1004015055191329156514257192611694335938e+05  -8.3381653747643838869407773017883300781250e+04
+5.2012241275204280100297182798385620117188e+04  +1.6739824191578119643963873386383056640625e+05  +9.5440059249418511171825230121612548828125e+04
+6.9334930934565873030805960297584533691406e+03  -1.0678934518986485272762365639209747314453e+04  -2.5664424863969416037434712052345275878906e+04
+2.7443653677997517661424353718757629394531e+03  +1.6768948302629138197517022490501403808594e+04  -2.9189295246010178743745200335979461669922e+03
-4.6650050260254926115521811880171298980713e+02  -1.4889205874299878473721037153154611587524e+02  -1.6309962378690688638016581535339355468750e+03
+3.3719852843423686863388866186141967773438e+04  +2.8681328298916683706920593976974487304688e+04  -9.6597234178455582878086715936660766601562e+03
+5.0067460407466613105498254299163818359375e+04  +1.0173566296688029251527041196823120117188e+05  -5.8467773448618325346615165472030639648438e+04
+5.0550366902744179242290556430816650390625e+04  -6.5459262319640532950870692729949951171875e+04  +2.6667231195550893971812911331653594970703e+03
-6.1271583901695175882196053862571716308594e+03  +3.2373999876258538279216736555099487304688e+04  -4.7267826432552110418328084051609039306641e+03
-3.5765397035736546968109905719757080078125e+04  -1.9867856925246938772033900022506713867188e+04  -9.7679776331050197768490761518478393554688e+03
+2.3820832580188729480141773819923400878906e+04  +9.8584713045361815602518618106842041015625e+04  -7.2748362865198068902827799320220947265625e+04
+1.0045142564001511345850303769111633300781e+04  +1.8493198727007908019004389643669128417969e+04  +4.4987975554490494687343016266822814941406e+03
+2.4492654934371574199758470058441162109375e+04  +1.5111872104264164590858854353427886962891e+04  +2.5770781296617160478490404784679412841797e+03
-1.5387177769418216485064476728439331054688e+04  +1.2548220373702963570394786074757575988770e+03  -2.1204664225100306794047355651855468750000e+04
-5.4367725645967823311366373673081398010254e+01  -4.5352472728279008151730522513389587402344e+02  +3.0942452264938094685930991545319557189941e+02
-5.6418076111324598969076760113239288330078e+03  +2.4103520086343232833314687013626098632812e+04  +7.4683177414215524549945257604122161865234e+03
-1.9289466312695140004507265985012054443359e+03  +3.6426455141195845499169081449508666992188e+04  +3.4638320224007904471363872289657592773438e+04
+3.0883393072753146952891256660223007202148e+03  -1.5225741891223997299675829708576202392578e+04  -7.2632664523878602267359383404254913330078e+03
+4.0696807450536070973612368106842041015625e+03  +8.2409860522721664892742410302162170410156e+03  -5.0704587760549375161645002663135528564453e+03
+2.5113655489137101994856493547558784484863e+02  -7.9420256189677627389755798503756523132324e+02  +1.4156820178265061116462675272487103939056e+01
+3.2512810144229442812502384185791015625000e+04  -4.4612990816929574066307395696640014648438e+04  +1.6096244891527298022992908954620361328125e+04
+3.2409981715244946826715022325515747070312e+04  -1.2862862870116076010162942111492156982422e+04  +5.7829594410453864838927984237670898437500e+03
-1.6449211636618172178714303299784660339355e+03  +1.6499339236411401543591637164354324340820e+03  -3.2141623157909698420553468167781829833984e+03
-1.1373814759294693067204207181930541992188e+05  +1.1845257543593630543909966945648193359375e+04  +1.9117802674264148663496598601341247558594e+04
-2.6820149165745333448285236954689025878906e+04  +1.1939810055330199247691780328750610351562e+04  -1.7347988071051498991437256336212158203125e+04
+6.6026910812849419016856700181961059570312e+03  +1.5146849506429087341530248522758483886719e+04  +8.6158681438604980939999222755432128906250e+03
+1.7572429568751210808841278776526451110840e+03  +1.1445666270936051205353578552603721618652e+03  +1.7622577054010596953048661816865205764771e+02
+2.2051457051201006834162399172782897949219e+04  -7.4861651721928705228492617607116699218750e+04  -6.7608216970632374795968644320964813232422e+03
+1.1027846583723798175924457609653472900391e+04  -3.3829530776548614085186272859573364257812e+04  +2.0055128833607912383740767836570739746094e+04
-8.9808972777132694886859098915010690689087e+01  +3.2221857540660073482285952195525169372559e+02  +1.0210553915959249593470303807407617568970e+02
+8.1270877445746315061114728450775146484375e+04  -9.0692384003598799608880653977394104003906e+03  +3.9951628131751567707397043704986572265625e+04
-6.6449630312330889864824712276458740234375e+04  -1.9998046744520568609004840254783630371094e+04  -1.6274899519025409244932234287261962890625e+05
+9.8034231485515374515671283006668090820312e+02  +3.5218939131585262657608836889266967773438e+04  -3.9435377244668023195117712020874023437500e+04
-4.9840339576748076069634407758712768554688e+04  +5.1670012257082635187543928623199462890625e+03  +6.7080547304542400524951517581939697265625e+04
-6.6014994865499204479419859126210212707520e+02  -1.9693338798848494661797303706407546997070e+03  +1.2523538713648370048758806660771369934082e+03
+9.7847026573573403496197897766251116991043e-01  -1.0306718844787832267684279941022396087646e+02  -4.0824083441623122325836447998881340026855e+02
+1.1857657808568506152369081974029541015625e+05  -2.4503585154021369817201048135757446289062e+04  +1.2709623055207137076649814844131469726562e+05
+9.1727820502396280062384903430938720703125e+04  -2.0367367206666629499522969126701354980469e+04  +2.5305408690479354845592752099037170410156e+04
+5.8005823936791835876647382974624633789062e+04  +1.0536685805369435911416076123714447021484e+04  +4.6465246832072363758925348520278930664062e+04
+1.1373534256934914083103649318218231201172e+04  +5.2519118747426320624072104692459106445312e+04  -2.8406752205296306783566251397132873535156e+04
-6.6190447789131967510911636054515838623047e+03  +1.7633277791266766143962740898132324218750e+04  +9.8232700112973223440349102020263671875000e+04
+8.0775127250605306471697986125946044921875e+04  +2.1262384839331269176909700036048889160156e+04  -2.1741142936420943442499265074729919433594e+04
+6.5662787152622122448519803583621978759766e+03  -5.7597127323114946193527430295944213867188e+03  +1.8766846014897753775585442781448364257812e+04
-1.6155492758982572922832332551479339599609e+04  -8.4483423610362762701697647571563720703125e+04  -5.8428172206437055137939751148223876953125e+04
+3.6753898964507784512534271925687789916992e+03  -2.6940732501063107520167250186204910278320e+03  -1.9149400836102140601724386215209960937500e+04
+5.8910304184752545552328228950500488281250e+04  -2.8646958783356767526129260659217834472656e+04  -4.2989620381479340721853077411651611328125e+04
-5.3618500594873818045016378164291381835938e+04  -8.1910414052466687280684709548950195312500e+04  -4.8095847700961043301504105329513549804688e+04
+2.6863302343107502565544564276933670043945e+03  +2.3446571572884067791164852678775787353516e+03  +9.3667628812356554135476471856236457824707e+02
+1.2231280029825070698734634788706898689270e+02  -1.0284769663178217342647258192300796508789e+03  -4.8448037413978585163931711576879024505615e+02
-5.2126644642278690298553556203842163085938e+04  -5.8272267552111319673713296651840209960938e+04  +3.9495708315840456634759902954101562500000e+04
+3.0620705944767491018865257501602172851562e+04  +8.4961327652005144045688211917877197265625e+04  -1.9526258419379977567587047815322875976562e+04
+1.3265756324210222373949363827705383300781e+04  -1.8397694864211345702642574906349182128906e+04  +2.5428056722344004811020568013191223144531e+04
-1.0938870137239649920957162976264953613281e+04  -3.6617185211763357983727473765611648559570e+03  -8.0178113639789080480113625526428222656250e+03
+1.7585678064831630763364955782890319824219e+04  -3.4549145080324502487201243638992309570312e+04  +1.0665142457746102081728167831897735595703e+04
-3.1593591172211374214384704828262329101562e+04  -1.4766484673660937914974056184291839599609e+04  +4.1360165769783285213634371757507324218750e+04
+4.0882495832591084763407707214355468750000e+04  +6.9478777905437600566074252128601074218750e+04  +2.8537338207220291224075481295585632324219e+04
-1.2017446154106480535119771957397460937500e+06  -2.9531544408797734649851918220520019531250e+05  +9.3446005803518311586230993270874023437500e+05
+3.5653528003682836242660414427518844604492e+03  +3.2691880957379612482327502220869064331055e+03  +4.9110804163717830306268297135829925537109e+03
-5.3916872837329101457726210355758666992188e+03  +2.5804323224943544801135431043803691864014e+01  +1.3841668399608690378954634070396423339844e+04
+5.6314647180618464972212677821516990661621e+02  -3.4434533991109623229931457899510860443115e+02  +1.6576971881024519461789168417453765869141e+03
+1.3757100847066708411148283630609512329102e+03  +7.7371536333448530058376491069793701171875e+04  +4.7534108232572718407027423381805419921875e+04
+2.9877895925519875163445249199867248535156e+04  +3.0133496582927200506674125790596008300781e+03  +1.1664845016308816411765292286872863769531e+04
-3.1635204622103217843687161803245544433594e+04  -2.9509625059565325500443577766418457031250e+04  -3.1817895809892586839850991964340209960938e+04
-8.2787998095761631702771410346031188964844e+03  -4.0584611905722056690137833356857299804688e+04  -8.6367915875247199437581002712249755859375e+03
-1.4392356701752005392336286604404449462891e+04  +8.5095330645139001717325299978256225585938e+03  -9.9367593441342323785647749900817871093750e+03
+6.6483999462609834154136478900909423828125e+04  +1.0053041492046280836802907288074493408203e+04  +6.0549780113961598544847220182418823242188e+04
+5.0154348970433849899563938379287719726562e+04  -1.9601654008777644776273518800735473632812e+04  -4.4359850762147880232078023254871368408203e+03
+5.9857394243819951952900737524032592773438e+04  -2.4145321776714383304351940751075744628906e+04  +1.4819921759696229128167033195495605468750e+05
-8.3911820851427910383790731430053710937500e+02  -1.2181233451111354497697902843356132507324e+03  -1.5685211576568115106056211516261100769043e+03
+3.3556363325412748963572084903717041015625e+03  +1.6197100669403604115359485149383544921875e+04  -1.0577916549563260559807531535625457763672e+04
+8.8588385430626785819185897707939147949219e+03  +3.1769941759846128661592956632375717163086e+03  +1.0495984013787416188279166817665100097656e+04
+1.0381132058909467014018446207046508789062e+05  +7.9316151562740924418903887271881103515625e+04  +1.0017010159104442573152482509613037109375e+05
+2.6060976873667573272541631013154983520508e+03  +6.5280696506930564737558597698807716369629e+02  +4.3419792790817245986545458436012268066406e+03
+1.0926194302254859849199419841170310974121e+03  +4.7591474500512131271534599363803863525391e+03  -3.3570801563275567787059117108583450317383e+03
+3.0053045011764788796426728367805480957031e+03  -1.6015076737324525311123579740524291992188e+03  -3.7984896941760298432200215756893157958984e+03
+7.4830915259316141600720584392547607421875e+04  +4.9062736218494152126368135213851928710938e+04  +1.0275580811862714654125738888978958129883e+03
-4.3569422503809182671830058097839355468750e+03  +6.5154227051250920339953154325485229492188e+04  -1.0889120199089108791667968034744262695312e+05
+1.9495953008984801272163167595863342285156e+04  -1.7793206607225252810167148709297180175781e+04  +2.6104845786887952272081747651100158691406e+04
-4.3110043101010505779413506388664245605469e+03  +1.2517860368193271369818830862641334533691e+03  -1.1277333635260414666845463216304779052734e+04
-8.8532946931736569240456447005271911621094e+03  -1.2781645492496918450342491269111633300781e+03  +7.1486534463051757484208792448043823242188e+03
+1.5660200622984213623567484319210052490234e+04  -1.3075061761060980643378570675849914550781e+04  +3.2805821849304164061322808265686035156250e+04
-7.0400701451778964838013052940368652343750e+04  +1.3175040044835390290245413780212402343750e+05  -2.0977393788440035677922423928976058959961e+03
-2.1548864110598111437866464257240295410156e+04  +3.6430315983747379505075514316558837890625e+04  -6.5102521202656007517362013459205627441406e+03
-3.0222908190471040143165737390518188476562e+04  +4.1200773068235961545724421739578247070312e+04  -2.0527763772527876426465809345245361328125e+04
-2.4804772082402963860658928751945495605469e+04  -5.2882006988000583078246563673019409179688e+04  -7.9392023266192718438105657696723937988281e+03
+1.3615741163455186324426904320716857910156e+04  +2.8314716708384981757262721657752990722656e+04  +1.8518365255761524167610332369804382324219e+04
-3.2171286422222847249940969049930572509766e+03  -6.3662436253424639289733022451400756835938e+03  +6.7178871050527345687441993504762649536133e+02
+1.4264777018916015904892446997109800577164e+01  -2.1186534847053953853901475667953491210938e+04  -3.1483822613999891473213210701942443847656e+04
-1.1151821634806246663629281101748347282410e+02  -8.1221942489403019749261147808283567428589e+01  -5.6043893877250567925329960417002439498901e+01
-2.3864494376871160056907683610916137695312e+04  +1.0571429244134325927007012069225311279297e+04  +3.2301884359593328554183244705200195312500e+04
+7.9530696514035862492164596915245056152344e+03  +9.3395968182209908263757824897766113281250e+03  -1.1029773565061432236689142882823944091797e+04
+2.2261319502182511496357619762420654296875e+05  -2.0573026037814028677530586719512939453125e+05  -3.8599868946684501133859157562255859375000e+05
+2.8465990943705564859556034207344055175781e+03  +1.3031542759086270962143316864967346191406e+04  +7.9052325714586149842943996191024780273438e+03
+1.6833282188774333917535841464996337890625e+04  +1.9151267924485408002510666847229003906250e+04  -1.5092575935681383271003141999244689941406e+04
-2.7981062881448116968385875225067138671875e+04  -1.1067763570522534791962243616580963134766e+04  -5.6529159951496712892549112439155578613281e+03
+3.5357958545774861704558134078979492187500e+04  +3.1806723590632893319707363843917846679688e+04  +3.3779117717755070771090686321258544921875e+04
+9.5493124202983148279599845409393310546875e+04  +7.3952524350127307116053998470306396484375e+04  +1.7871028439295554562704637646675109863281e+04
+1.0763516639391842181794345378875732421875e+05  +5.8812471188932380755431950092315673828125e+04  +1.3386604164009053420159034430980682373047e+04
-1.8332218972653168020769953727722167968750e+05  -9.7172529136127297533676028251647949218750e+04  -8.5339780855729462928138673305511474609375e+04
-2.5077420348057967203203588724136352539062e+04  +6.1099583746711903131654253229498863220215e+02  +2.4042762922902387799695134162902832031250e+04
+4.0828672010217647766694426536560058593750e+04  +3.8115928020193096017464995384216308593750e+04  -9.0559773561918031191453337669372558593750e+04
-2.2911401111497074452927336096763610839844e+04  +1.2521532646292438585078343749046325683594e+04  +4.8400209474391580442897975444793701171875e+04
-4.2724102565480810881126672029495239257812e+04  -9.6617109012695527781033888459205627441406e+03  +3.4257939912650435871910303831100463867188e+03
+2.5258278569096211867872625589370727539062e+04  +3.4812852004190761363133788108825683593750e+04  +1.5032627196729181378032080829143524169922e+03
+2.4119043090719179599545896053314208984375e+05  -9.5572859119868517154827713966369628906250e+04  -1.9932774362075788667425513267517089843750e+05
-1.6291150823155474427039735019207000732422e+04  +2.2240550895572843728587031364440917968750e+04  +1.3642863203297984000528231263160705566406e+03
-2.5344046852984829456545412540435791015625e+04  -6.4540295542605883383657783269882202148438e+04  -4.0199113874288173064996954053640365600586e+03
-6.3815554518148466911497962428256869316101e+01  -5.8415747182230532530411437619477510452271e+01  +5.4346343858028660633863182738423347473145e+01
-3.5763129625991045031696557998657226562500e+04  +1.1149192272998114640358835458755493164062e+05  +3.7554422928849062373046763241291046142578e+03
-3.8581028905162984301568940281867980957031e+03  +5.5096021961491660476895049214363098144531e+03  +1.0468423307767316146055236458778381347656e+03
-3.9301329815262441115919500589370727539062e+04  -6.3443297298053694248665124177932739257812e+04  -8.0977022619678129558451473712921142578125e+04
-4.2699076950190297793596982955932617187500e+04  +1.4025005373678813339211046695709228515625e+05  +3.1376235219031801534583792090415954589844e+04
-5.5945536296466443673125468194484710693359e+03  +3.0852189836341863156121689826250076293945e+03  -3.8413016663435182636021636426448822021484e+03
+4.9613291537781296938192099332809448242188e+03  +1.5906456975632806916109984740614891052246e+03  -1.4574226325199826987955020740628242492676e+03
-3.5425986616043275034826365299522876739502e+01  +4.9415398851170657223974558291956782341003e+01  -1.2199983897943173616340573062188923358917e+01
-1.2643315822511722217313945293426513671875e+04  -1.7977537265452460269443690776824951171875e+05  +1.6287252989274915307760238647460937500000e+05
+3.2652387925800003358745016157627105712891e+03  +5.4307765540739474090514704585075378417969e+03  +3.6557066509670376035501249134540557861328e+03
+1.2038258612337553131510503590106964111328e+04  -3.5229415079053428598854225128889083862305e+03  -1.8622558911729156534420326352119445800781e+04
-2.1501598783515919421915896236896514892578e+03  -9.3036143314227701921481639146804809570312e+03  +1.8823045544658934886683709919452667236328e+03
+4.0284644774794428485620301216840744018555e+03  +2.9503313121610150119522586464881896972656e+04  -1.3014747660331098813912831246852874755859e+04
+8.7102714974244008772075176239013671875000e+03  -3.0663056031828287814278155565261840820312e+04  +1.2511648457909393982845358550548553466797e+04
-1.1323969727646009414456784725189208984375e+05  -1.2021302110491099301725625991821289062500e+05  -1.8738700953138468321412801742553710937500e+04
-7.3359843533393856773727748077362775802612e+01  -5.7264104855780246339236327912658452987671e+01  -9.1601010081789695504994597285985946655273e+00
-1.2263215063640627704444341361522674560547e+04  -5.2532233203819050686433911323547363281250e+03  +4.7176029652391807758249342441558837890625e+03
+7.4718422955588050626829499378800392150879e+02  -3.7553902007637378801518934778869152069092e+02  -7.3009405973690718383295461535453796386719e+02
+1.4584549452576204203069210052490234375000e+05  +2.5825215920338596333749592304229736328125e+03  -8.4612139208676398993702605366706848144531e+02
-6.8701819599954120349138975143432617187500e+04  +9.7605238555754825938493013381958007812500e+04  +4.5249333750892932584974914789199829101562e+04
+5.4371840601700045226607471704483032226562e+04  +3.1483728670055872498778626322746276855469e+04  -3.5833145398952008690685033798217773437500e+04
+1.9306051451556841129786334931850433349609e+03  +1.8776679517337686320388456806540489196777e+02  -5.8293078250116777780931442975997924804688e+03
+5.1642432848712481074926472501829266548157e+01  -1.0448672568062194443427870282903313636780e+02  +1.8564819530614936837764616939239203929901e+01
+1.0489502505865391867700964212417602539062e+04  -5.9265673108497379871550947427749633789062e+04  +1.8884450580030275887111201882362365722656e+04
+1.6204825530217067353078164160251617431641e+03  +5.5494707962964894250035285949707031250000e+03  +5.9698712264854275417746976017951965332031e+03
+4.2641989271331513009499758481979370117188e+03  -1.0422832338854586851084604859352111816406e+03  -1.5059783360211891704238951206207275390625e+04
-3.5306033586533526431594509631395339965820e+03  +9.4575996961441542225657030940055847167969e+03  -2.2209804277200609345932491578423650935292e-01
+2.8610252346799235965590924024581909179688e+04  -3.3556582569519399839919060468673706054688e+04  -2.5928020565803730278275907039642333984375e+04
-5.9808034531702751337434165179729461669922e+03  -1.2820312107509642373770475387573242187500e+04  +9.6991732879266364761861041188240051269531e+03
-1.0977303622142414678819477558135986328125e+05  +8.0978512276269291760399937629699707031250e+04  -2.6190163555749983061105012893676757812500e+05
-6.9680171428046614892082288861274719238281e+03  -3.8421596466448418141226284205913543701172e+03  -4.7421237900355563397170044481754302978516e+03
-5.2033771685347119273501448333263397216797e+03  -2.2961674163788193254731595516204833984375e+04  +3.1633599676556012127548456192016601562500e+04
+7.9051058100198051761253736913204193115234e+03  -6.9082949400141415026155300438404083251953e+03  -7.1572487850294037343701347708702087402344e+03
-3.1941099825630476698279380798339843750000e+05  +5.0023660675860027549788355827331542968750e+05  -3.1114937001090042758733034133911132812500e+05
-3.0943700925016251858323812484741210937500e+05  -2.4683673438410394737729802727699279785156e+04  +9.0255957023121227393858134746551513671875e+04
+2.6720409888505553681170567870140075683594e+04  -1.0820198696824144280981272459030151367188e+05  -5.5896295147958429879508912563323974609375e+04
+3.7643641003182005078997462987899780273438e+04  +1.6375599458238917577546089887619018554688e+04  -6.0045562015888381210970692336559295654297e+03
-4.6043765470621154236141592264175415039062e+04  +1.5076818637747483080602250993251800537109e+04  -3.7297965965889641665853559970855712890625e+04
-6.4564133787033679254818707704544067382812e+03  -4.6457183767544456713949330151081085205078e+03  -1.3467261891913437921175500378012657165527e+03
+8.1815125182680640136823058128356933593750e+04  -5.1704507732800157100427895784378051757812e+04  -1.5967040977229626150801777839660644531250e+03
+2.0041301894650361646199598908424377441406e+04  +7.1554594635217736140475608408451080322266e+03  +8.1200194372831510918331332504749298095703e+03
+1.0542638635384175358922220766544342041016e+04  -4.7147335758533976331818848848342895507812e+04  +1.1690718930264081791392527520656585693359e+04
-1.0360604377397807184024713933467864990234e+04  -1.3924068675712427989310526754707098007202e+02  +2.7472493064859818332479335367679595947266e+03
-9.4526490768514358933316543698310852050781e+03  -1.0150351671498956420691683888435363769531e+04  +9.8739825507659304548724321648478507995605e+02
+2.4512529699423692363779991865158081054688e+04  -6.2632319324527066783048212528228759765625e+04  -1.2478972613982188704540021717548370361328e+04
-5.9914806526724742070655338466167449951172e+03  -1.7307758528012611350277438759803771972656e+04  +2.0778972538066569541115313768386840820312e+04
-2.8132904920570945250801742076873779296875e+04  -2.4402273881197001173859462141990661621094e+04  +2.5022902537819401914021000266075134277344e+04
+5.2778406004413545815623365342617034912109e+02  +2.1006602166320692049339413642883300781250e+04  +4.5970919231713378394488245248794555664062e+04
+1.5465531091363205632660537958145141601562e+04  +5.4003804589698178460821509361267089843750e+04  +1.6664195886059966142056509852409362792969e+04
+5.7602530138317633827682584524154663085938e+04  +7.4431111193360440665856003761291503906250e+04  -2.6849662934806234261486679315567016601562e+04
-2.5976947791300641256384551525115966796875e+04  +2.6991599798752986316685564815998077392578e+03  -4.5882308400284828167059458792209625244141e+03
-1.9921546069485880434513092041015625000000e+05  -8.8868709414914879016578197479248046875000e+05  +1.3175912155993032502010464668273925781250e+05
+2.8635147053999680792912840843200683593750e+03  +4.9503684293915912348893471062183380126953e+03  +9.2272755117892029375070706009864807128906e+03
+3.7695661581744861905463039875030517578125e+03  -1.5788283740691776984021998941898345947266e+04  -5.8872399073888145721866749227046966552734e+03
-2.0383956135170065681450068950653076171875e+05  +2.0955497468676653807051479816436767578125e+05  +4.7808443812841316685080528259277343750000e+04
-2.4201532278489807481491880025714635848999e+01  +1.0159331066574122814927250146865844726562e+03  +1.8671937090700776025187224149703979492188e+04
-7.2962736047736289037857204675674438476562e+03  +3.1844220574404794206202495843172073364258e+03  -1.0280296518473853211617097258567810058594e+04
+1.8667835069856606423854827880859375000000e+04  -3.9853520767989182786550372838973999023438e+04  -4.1450022254022442211862653493881225585938e+04
+8.5416101673930370452580973505973815917969e+03  +2.1138626522206242952961474657058715820312e+04  +4.3469441705837698464165441691875457763672e+03
-2.7021881816858272031822707504034042358398e+03  +6.9733565356841631000861525535583496093750e+04  +3.4589212615675542110693641006946563720703e+03
+5.8845570243446982931345701217651367187500e+05  +1.6551086445317459292709827423095703125000e+06  +9.6567597973868099506944417953491210937500e+05
+1.7911529685228601010749116539955139160156e+04  -9.8202538609604889643378555774688720703125e+03  +1.6305745259307077503763139247894287109375e+04
-3.9027902848740404806449078023433685302734e+03  -4.5469603418999904533848166465759277343750e+03  +2.5711925034550858981674537062644958496094e+04
+1.2053122685548071331140818074345588684082e+03  -1.8888327791679661459056660532951354980469e+04  +3.7650306582262768642976880073547363281250e+04
+5.0818597898340500250924378633499145507812e+04  -3.1115023829148085496854037046432495117188e+03  +5.7990763219171094533521682024002075195312e+04
+7.7675024506848167220596224069595336914062e+03  -2.2877474085344609193271026015281677246094e+04  +3.2971975573902418545912951231002807617188e+04
-9.6290675355903476884122937917709350585938e+03  -4.4864977840884075703797861933708190917969e+03  -5.0431240478286272264085710048675537109375e+04
-1.9926433727417064801556989550590515136719e+04  +2.0336258511821804859209805727005004882812e+04  -1.8187344943623400467913597822189331054688e+04
-1.9390064613794006618263665586709976196289e+03  -2.1976064325791321607539430260658264160156e+03  +1.9874189452205255292938090860843658447266e+03
+1.9336420225554877106333151459693908691406e+04  -6.2466480377295019934535957872867584228516e+03  +1.9242423330824884033063426613807678222656e+04
+3.3629519674247849252424202859401702880859e+03  -4.9695906838877579048130428418517112731934e+02  -3.4476644106130406726151704788208007812500e+03
-2.9027874620660372784186620265245437622070e+03  -2.5752223222770112442958634346723556518555e+03  +1.0475597048761504993308335542678833007812e+04
-1.8552638292931387553608146845363080501556e+01  +2.6559360632181090977610438130795955657959e+02  +8.2410542621103047622455051168799400329590e+02
-1.4090747394184079894330352544784545898438e+04  -1.2823152621646353509277105331420898437500e+04  +4.9663164691603578830836340785026550292969e+03
+2.5723113379476293630432337522506713867188e+04  +1.0637595307581625093007460236549377441406e+04  -1.4105772850328177810297347605228424072266e+04
-1.3260796583300430938834324479103088378906e+04  +4.2694380223222487984457984566688537597656e+03  -4.6901686076262985807261429727077484130859e+03
-1.3874941465905965742422267794609069824219e+04  -1.1309976474200005759485065937042236328125e+05  -2.7977313705835407745325937867164611816406e+04
+1.4580203010845441895071417093276977539062e+04  -1.5320608932552597252652049064636230468750e+04  -2.5841606405985712626716122031211853027344e+03
+3.1909288561673929507378488779067993164062e+04  +8.8703523110635214834474027156829833984375e+03  -1.9045924245198399148648604750633239746094e+04
+3.2988016295909383188700303435325622558594e+03  -2.4223550432982069651188794523477554321289e+03  -1.2610213926125432408298365771770477294922e+04
+1.0024323400632414632127620279788970947266e+04  +3.3822561729106739221606403589248657226562e+04  -1.2126561799159660949953831732273101806641e+04
+2.3167091386105111450888216495513916015625e+05  -2.5994684212492624646984040737152099609375e+05  -2.7481066602876573597313836216926574707031e+04
+5.0405442513328212953638285398483276367188e+04  -1.1558498154543322743847966194152832031250e+05  -1.1610509562422505041467957198619842529297e+04
+6.7209515035677195555763319134712219238281e+03  -9.4993415366420813370496034622192382812500e+04  -2.7904038329997902110335417091846466064453e+03
+1.8568392365917414281284436583518981933594e+04  -2.4729687851662711182143539190292358398438e+04  +7.3347517128974126535467803478240966796875e+04
+9.9610634812298649194417521357536315917969e+03  -9.5922504889496030955342575907707214355469e+03  +1.2973568101910002951626665890216827392578e+04
+3.4240431383141981314111035317182540893555e+02  +3.9864804096246202789188828319311141967773e+03  +1.2537854940207955678488360717892646789551e+03
-3.6130202459744582483835984021425247192383e+03  -1.7581294719164181969972560182213783264160e+03  +8.2298911538765642035286873579025268554688e+03
-4.5048324236123598893755115568637847900391e+03  -2.7181121920899528049631044268608093261719e+04  +2.1814978376707378629362210631370544433594e+04
-6.7284276831881710677407681941986083984375e+04  -7.2151941012232433422468602657318115234375e+04  +2.9567580263933330570580437779426574707031e+04
-1.0406589363598686759360134601593017578125e+04  +1.2231478252366523520322516560554504394531e+04  -2.0471850981863841298036277294158935546875e+04
-1.0176184489062817010562866926193237304688e+05  -1.0555513404990360140800476074218750000000e+05  -1.6998794565306084223266225308179855346680e+03
+2.3878232407307310495525598526000976562500e+04  +7.9010254526989374426193535327911376953125e+04  -5.9678267898141348268836736679077148437500e+03
-1.7409422329656958936539012938737869262695e+03  +1.3763606590889044127834495157003402709961e+03  -4.2864516419154716686534811742603778839111e+02
+1.6826499020725874288473278284072875976562e+04  +1.8829665049385739621357060968875885009766e+03  +4.9426011453045968664810061454772949218750e+04
+5.1886601664592446468304842710494995117188e+04  -9.5138768026953621301800012588500976562500e+03  +1.9777997430043145868694409728050231933594e+04
+2.0661468131048251962056383490562438964844e+04  -2.4395409245839262439403682947158813476562e+04  -4.4073539510819973656907677650451660156250e+03
+2.9528471562603575875982642173767089843750e+04  -2.3201987770381809241371229290962219238281e+04  -7.0090581196522807658766396343708038330078e+03
-1.0739020206801664244267158210277557373047e+04  +2.5913632912943336123134940862655639648438e+04  +8.8399473835924163722665980458259582519531e+03
-7.2450808398413792019709944725036621093750e+04  +3.8642589437480295600835233926773071289062e+04  -5.8549265354568720795214176177978515625000e+04
-1.0969768443871425915858708322048187255859e+04  +2.5426492433882315526716411113739013671875e+05  -1.2098038353496874333359301090240478515625e+05
+4.8200521823200581650326057570055127143860e+01  +5.6687990635632804696797393262386322021484e+03  +5.4263318071706335103954188525676727294922e+03
+1.8131496444372369296615943312644958496094e+03  -4.6772669046099090337520465254783630371094e+03  +8.9085947776180946675594896078109741210938e+03
+4.2675404920596214651595801115036010742188e+04  -1.3546680328424784534036007244139909744263e+02  -7.6297165512918625609017908573150634765625e+04
-2.7069188258602247515227645635604858398438e+04  -1.6073216721905437225359492003917694091797e+04  -1.9979604652148656896315515041351318359375e+04
-3.7878100759271537754102610051631927490234e+03  +5.7164542157272917393129318952560424804688e+03  +1.5360865248334208445157855749130249023438e+04
-2.0822860905352375993970781564712524414062e+04  -1.2489816458305065225431462749838829040527e+03  +1.0897939778228972500073723495006561279297e+04
-4.6449032888017398363444954156875610351562e+04  +2.3136731621968956460477784276008605957031e+04  -9.4335891046311982790939509868621826171875e+04
+2.0196930973408304907934507355093955993652e+03  +2.0273840474511575848737265914678573608398e+03  -2.7347963773585829585499595850706100463867e+03
+1.0928672799159509304445236921310424804688e+05  -9.5682674385725869797170162200927734375000e+04  -2.9640025579482262401143088936805725097656e+04
+1.8722898290203829674283042550086975097656e+04  -1.6859964587545906397281214594841003417969e+04  -9.3531409084330662153661251068115234375000e+03
+9.1224447664022445678710937500000000000000e+03  -1.0531054859776588727982016280293464660645e+03  -2.7298180894387387525057420134544372558594e+04
-9.1454499553635658230632543563842773437500e+04  -7.4447298521577031351625919342041015625000e+04  +1.3583134757795089171850122511386871337891e+04
+3.6667858872802025871351361274719238281250e+04  -2.7087858246638195851119235157966613769531e+04  -9.5400855372543537669116631150245666503906e+03
-4.3749590048219259188044816255569458007812e+04  -4.6973579061157661271863617002964019775391e+03  +2.6926230977960101881762966513633728027344e+04
+1.3910275389074234408326447010040283203125e+05  -1.7450297571524748491356149315834045410156e+04  +8.7250379696528005297295749187469482421875e+04
+3.8221132616721079102717339992523193359375e+03  +6.5596680532443167521705618128180503845215e+02  -1.3444670104744348009262466803193092346191e+03
+6.3348337233200231821683701127767562866211e+02  +4.6090284965734945217263884842395782470703e+03  -2.0642975032515355451323557645082473754883e+03
-1.0129415001505709369666874408721923828125e+04  -5.1599008045199270782177336513996124267578e+03  -1.4594666588516431147581897675991058349609e+04
+2.0113726492415011307457461953163146972656e+04  +2.1875712742379670089576393365859985351562e+04  +1.0837569312659294155309908092021942138672e+04
+4.3566393292583779839333146810531616210938e+03  -1.8572812694441330677364021539688110351562e+04  -5.4260639987107279011979699134826660156250e+04
-2.6496253528827619447838515043258666992188e+03  -2.2081731052362638365593738853931427001953e+03  +2.0044238576143061436596326529979705810547e+03
+2.0834100910327742894878610968589782714844e+04  +4.9726103574806336837355047464370727539062e+04  +1.0226517379555603838525712490081787109375e+04
+1.7382570829548062647518236190080642700195e+03  +1.8950175533684088691188662778586149215698e+02  -2.0524886140788671582413371652364730834961e+03
+3.3618380478981009673589142039418220520020e+02  +4.5868153717471663810556492535397410392761e+01  -6.5661632301238171294244239106774330139160e+01
-3.5533686114958177313383202999830245971680e+03  -2.3013873091773425585415679961442947387695e+03  -3.9014712632069026767567265778779983520508e+03
-4.1749509066255523066502064466476440429688e+03  -3.7879720985225532785989344120025634765625e+04  +2.3199258802211723377695307135581970214844e+04
-1.8221868675569370680022984743118286132812e+04  -2.8994148027495384667417965829372406005859e+03  -9.1229112165670958347618579864501953125000e+03
+1.3147152028825761590269394218921661376953e+04  -2.2526108819818757183384150266647338867188e+04  +7.9723625586962534725898876786231994628906e+03
+4.2875927570945696061244234442710876464844e+03  -1.3755037791445862239925190806388854980469e+04  +3.0973653576634073942841496318578720092773e+03
+6.7554491308972123079001903533935546875000e+04  -1.2481701445462377159856259822845458984375e+05  -1.8252508096260536694899201393127441406250e+05
-1.0338037219074867607560008764266967773438e+04  +5.5055356015836207461688900366425514221191e+02  -1.6263784731224290226236917078495025634766e+04
+1.5030572787705805239966139197349548339844e+04  +4.2205885698915306420531123876571655273438e+04  -3.8628089970291934150736778974533081054688e+04
+4.4145264259783953093574382364749908447266e+03  +6.4508208241348302180995233356952667236328e+03  -2.0972922181931699014967307448387145996094e+04
-3.4752016724706852983217686414718627929688e+04  -2.5177740856496384367346763610839843750000e+04  +8.4802371312476068851538002490997314453125e+04
+1.9136989883323582034790888428688049316406e+04  -1.2687011890154426509980112314224243164062e+04  -4.2281541692603954288642853498458862304688e+04
-3.1948597827892655232062679715454578399658e+02  +6.3033682963667695275944424793124198913574e+02  -7.9302067823665001924382522702217102050781e+03
+2.4089948444504647341091185808181762695312e+04  +1.1453006183980882269679568707942962646484e+04  -4.7345166022445060661993920803070068359375e+04
-3.6208194199690133245894685387611389160156e+03  +6.2654190488615400681737810373306274414062e+04  -2.5999751129167172621237114071846008300781e+04
+1.2853130983723567624110728502273559570312e+03  +5.7750695057202229065751453163102269172668e+01  +4.0464624858936731470748782157897949218750e+03
-2.8300180440803891542600467801094055175781e+04  +1.2334845898890175158157944679260253906250e+05  +1.7077745500803037430159747600555419921875e+05
+2.3422710027504137542564421892166137695312e+04  +2.7466202372552766064472962170839309692383e+03  -6.3929189193226600764319300651550292968750e+04
+8.3705515895285396254621446132659912109375e+04  +4.1383080714348732726648449897766113281250e+04  +6.2032109301837546809110790491104125976562e+04
-1.7044958126466680550947785377502441406250e+05  +2.6237118581459356937557458877563476562500e+05  +2.1728935661346261622384190559387207031250e+05
-1.0528647010319922628696076571941375732422e+04  -2.7750391868197875737678259611129760742188e+04  -4.8318878252266207709908485412597656250000e+04
-6.4663295316718485992169007658958435058594e+03  -9.2948924101337379397591575980186462402344e+03  +9.5754003023560926521895453333854675292969e+03
+2.8709763155658565665362402796745300292969e+04  +1.3872013227249333795043639838695526123047e+04  +1.0203926895113065256737172603607177734375e+04
+7.2448221513151402177754789590835571289062e+03  -1.3904498932400992998736910521984100341797e+04  -1.3128562274649080791277810931205749511719e+04
-1.4002114064414823587867431342601776123047e+04  +4.1170300267819075088482350111007690429688e+03  -1.6429343383710143825737759470939636230469e+04
-1.1954743838342872550128959119319915771484e+04  -3.1073694277661845262628048658370971679688e+04  +1.7128921933073615946341305971145629882812e+04
-2.8340124895012973865959793329238891601562e+04  -1.6539867013691159627342130988836288452148e+03  -1.6603514568712798791239038109779357910156e+04
+6.8443662460665245816926471889019012451172e+03  +2.1061603049116489273728802800178527832031e+04  +2.9001168657479447574587538838386535644531e+03
+1.1881336374067101132823154330253601074219e+04  +8.5928764790719815209740772843360900878906e+03  -1.3585757264976538863265886902809143066406e+04
+4.0265686933901670272462069988250732421875e+04  -8.2215366907206298492383211851119995117188e+03  -1.0829496389323692710604518651962280273438e+04
-3.3740200460774249222595244646072387695312e+04  +7.7322538611683296039700508117675781250000e+04  +3.7047798271150808432139456272125244140625e+04
-3.6704813702130736601247917860746383666992e+03  +2.6122406053694380716478917747735977172852e+03  -1.3625742954311916037113405764102935791016e+04
+1.4264542329715202868101187050342559814453e+04  +6.5578110976818599738180637359619140625000e+04  -6.4707294084557695896364748477935791015625e+04
-2.6789333827777375699952244758605957031250e+05  -1.4146769145042460877448320388793945312500e+05  -1.0598716628689257777296006679534912109375e+05
-3.4845881339661224046722054481506347656250e+04  -1.8115172209796295646810904145240783691406e+04  +3.3646695183637450099922716617584228515625e+04
+2.4737166057591876597143709659576416015625e+05  -9.3090648025209564366377890110015869140625e+04  +3.5809345438848220510408282279968261718750e+04
-2.0870790585925569757819175720214843750000e+04  -4.7656222941556232399307191371917724609375e+04  +2.5013939259661296091508120298385620117188e+04
-8.7755972769746309495531022548675537109375e+04  -1.1666904845784729332081042230129241943359e+04  +1.8157216818712744861841201782226562500000e+05
-1.1351411211546570484642870724201202392578e+04  +3.6275195301219569046224933117628097534180e+03  -6.1855818841728760162368416786193847656250e+04
-7.2033437568804109469056129455566406250000e+05  -7.5750281450150860473513603210449218750000e+05  -7.6391076445093879010528326034545898437500e+05
-1.0171119805656269818427972495555877685547e+04  -3.3712668635301080939825624227523803710938e+04  -2.7289593042772499757120385766029357910156e+04
+7.3273454183575188380928011611104011535645e+02  +6.1730468042879726908722659572958946228027e+02  +2.7129029944616918328392785042524337768555e+03
-5.2081317417555874271783977746963500976562e+03  +3.6560164770230607246048748493194580078125e+04  -5.4246527901872314032516442239284515380859e+03
-4.9448607345328091469127684831619262695312e+04  -1.6326164109244897190365009009838104248047e+04  +2.0686240251762861589668318629264831542969e+04
+4.2790346647112610298790968954563140869141e+03  -1.6823128382837847311748191714286804199219e+04  +1.3923049219913869819720275700092315673828e+04
-1.8997473171874782565282657742500305175781e+04  +4.1134072187963625765405595302581787109375e+04  -3.9229326523732648638542741537094116210938e+04
+2.4534693595842643844662234187126159667969e+04  -2.9244530689078474097186699509620666503906e+04  -6.4987222739876393461599946022033691406250e+04
+7.0172476554314289387548342347145080566406e+03  +2.2474961156188739550998434424400329589844e+04  +3.1628703077828190544096287339925765991211e+03
-3.9290253074041502259206026792526245117188e+03  -1.2679603246593840594869107007980346679688e+05  -7.8744825905996345682069659233093261718750e+04
-6.4110733564983756878064014017581939697266e+03  -2.5510770606371788744581863284111022949219e+03  -3.9808667447578372957650572061538696289062e+04
-4.9049264198858036252204328775405883789062e+04  -8.2851320348210065276362001895904541015625e+04  -2.7826362547405467921635136008262634277344e+04
+1.5045356768372461374383419752120971679688e+04  -1.4563152627333174677914939820766448974609e+04  +8.8436340819169217866146937012672424316406e+03
+3.7937917618622705049347132444381713867188e+04  -7.1049722764412072137929499149322509765625e+04  -3.3628360387864886433817446231842041015625e+04
+1.7207311134463015633855320629663765430450e+01  -1.1644116622957889717326906975358724594116e+02  +1.7376408058456966898575046798214316368103e+01
+1.0136558102491844692849554121494293212891e+03  +1.3920019842338258513336768373847007751465e+03  +7.0765540991650914293131791055202484130859e+02
-6.0849635950815045362105593085289001464844e+03  -2.3332630137560347066028043627738952636719e+04  -1.8522132475888745830161496996879577636719e+04
-5.9728670845608121453551575541496276855469e+03  +3.5763382156355842198536265641450881958008e+03  +1.1369351551284407833009026944637298583984e+04
+6.1570995439901278587058186531066894531250e+04  +3.1642542707156266260426491498947143554688e+04  +4.4265233978780430334154516458511352539062e+04
+3.8354230484400104614906013011932373046875e+03  -1.2489590152770821077865548431873321533203e+04  +5.8869400415398158656898885965347290039062e+03
+7.6766437614083788503194227814674377441406e+03  -2.8564966090968159733165521174669265747070e+03  -1.6431536049012105650035664439201354980469e+04
-5.4610901054965994262602180242538452148438e+04  +1.5837239565402773223468102514743804931641e+04  +1.4869262500771266059018671512603759765625e+05
+2.5762277582741990045178681612014770507812e+03  +1.2525416408554783629369921982288360595703e+04  +2.4129732400037826600680546107469126582146e+00
+3.3926030143697418679948896169662475585938e+04  +6.2851422430411228560842573642730712890625e+04  +8.6709594697977867326699197292327880859375e+04
-1.9922639790779918257612735033035278320312e+04  +2.7784224824637989513576030731201171875000e+04  -3.6141266605545381025876849889755249023438e+04
-1.6610570161220828595105558633804321289062e+04  +1.3679992663435760186985135078430175781250e+05  -1.5783053545030092209344729781150817871094e+04
-5.0211982619473747035954147577285766601562e+03  +1.4903985791036129739950411021709442138672e+04  -6.8912466326775302150053903460502624511719e+03
+5.4657870022574497852474451065063476562500e+03  -2.1212280321319838549243286252021789550781e+04  -1.0818392942015503649599850177764892578125e+04
+1.0898051373862306263617938384413719177246e+03  +7.2176204243560459872242063283920288085938e+02  -1.0081476872737562189286109060049057006836e+02
-2.4777817978350958583177998661994934082031e+04  -5.4928731934496900066733360290527343750000e+03  -3.0262539409752120263874530792236328125000e+04
+1.4277107410401347806327976286411285400391e+04  -5.5930927319326638098573312163352966308594e+03  +1.7881239001844005542807281017303466796875e+03
-2.9540247363951450097374618053436279296875e+04  +2.5789929706786620045022573322057723999023e+03  +4.5044558014439571707043796777725219726562e+03
+5.1716063843321544482023455202579498291016e+03  +1.5602794659674073045607656240463256835938e+04  +6.9255610074156975315418094396591186523438e+03
+3.4125538537883076060097664594650268554688e+04  -4.7000746861990432080347090959548950195312e+04  +1.0962339109646640281425788998603820800781e+04
+6.5497963417619976098649203777313232421875e+03  -1.5903382467580426236963830888271331787109e+04  -3.4900012587058740791690070182085037231445e+03
-3.7952123783642171474639326333999633789062e+04  -4.3684304009556790333590470254421234130859e+03  +4.4026771516011322091799229383468627929688e+04
-1.2872241855982478227815590798854827880859e+04  +7.4997374260778030929941451177000999450684e+02  +3.1736499207046534138498827815055847167969e+04
-1.9714920816546737114549614489078521728516e+03  -2.3005099267372384929331019520759582519531e+04  +4.8462659413507179124280810356140136718750e+04
+7.0837508465351740596815943717956542968750e+04  -2.4405849775033693731529638171195983886719e+03  +6.8752752266636554850265383720397949218750e+04
-3.5075753803520579822361469268798828125000e+04  +3.6137058585087797837331891059875488281250e+04  +1.0759117942542579839937388896942138671875e+05
+3.7196118089642630366142839193344116210938e+04  -3.0613268882782933360431343317031860351562e+04  -7.6319196402597764972597360610961914062500e+04
-4.9803826215888038859702646732330322265625e+04  +2.8251228214289767493028193712234497070312e+04  -8.8957297209663502144394442439079284667969e+03
+9.5057181244314724608557298779487609863281e+03  -3.4967045165399276811513118445873260498047e+03  -3.6649956731781421694904565811157226562500e+03
-4.2886627878205807064659893512725830078125e+04  -2.9057708400558867651852779090404510498047e+03  -1.9758085872157382254954427480697631835938e+04
+3.3095866199045893154107034206390380859375e+04  -1.4022453625707854371285066008567810058594e+04  -3.2232426307968973560491576790809631347656e+04
-4.7688389871307874273043125867843627929688e+04  +1.2050452882288540422450751066207885742188e+04  +7.1014984682735244859941303730010986328125e+04
+1.6486241833787131326971575617790222167969e+04  +2.7181934800394221383612602949142456054688e+04  -1.1165014131213451037183403968811035156250e+04
+6.9589221585166060322080738842487335205078e+03  -2.4602920602868009154917672276496887207031e+04  -9.3699858999196640070294961333274841308594e+03
+2.1359844425016748573398217558860778808594e+04  -3.8514214316275985083848354406654834747314e+02  -4.5940803883986613072920590639114379882812e+04
+6.9993494182757902308367192745208740234375e+04  -7.8675014195935174939222633838653564453125e+04  +3.2587454320641436424921266734600067138672e+03
-6.7156613366436416981741786003112792968750e+04  +9.6078374245303741190582513809204101562500e+04  -4.6629660396254039369523525238037109375000e+04
+2.8872226078787087317323312163352966308594e+04  -2.5474746892340731392323505133390426635742e+03  +1.2871630478422706801211461424827575683594e+04
-3.2925004089937742719484958797693252563477e+03  +1.4340722592007083221687935292720794677734e+04  -2.8418523535359170637093484401702880859375e+04
+1.0884640499770888709463179111480712890625e+04  -1.9671033411572840122971683740615844726562e+04  -1.2391655994978274975437670946121215820312e+04
+2.8599068588969557822565548121929168701172e+03  -1.9091452879671080154366791248321533203125e+04  -1.1974807971451207777136005461215972900391e+04
-3.1034086907097380390041507780551910400391e+03  +7.9030214817730893628322519361972808837891e+03  +2.0834876891254745714832097291946411132812e+04
+1.4577508942324520830879919230937957763672e+03  +2.4111690430452117652748711407184600830078e+03  +2.9166217651352594657510053366422653198242e+03
+4.4514214716075912292581051588058471679688e+04  +4.6514355144777900932240299880504608154297e+03  -1.2807073375900425162399187684059143066406e+04
+3.6631719664519288926385343074798583984375e+04  +1.9391860113676772016333416104316711425781e+04  -1.6558607198548113501601619645953178405762e+03
-2.5191967099250021419720724225044250488281e+04  -9.1020879694996292528230696916580200195312e+03  +3.3434448836902985931374132633209228515625e+04
-1.2739872111314414360094815492630004882812e+05  -9.3635645884622135781683027744293212890625e+04  -9.3869986017393603106029331684112548828125e+03
+9.9302204895950876561983022838830947875977e+02  +4.6599363478110462892800569534301757812500e+04  +4.9159654286376266099978238344192504882812e+04
-1.2009782533859847717394586652517318725586e+03  +1.2115403956550010207138257101178169250488e+03  +8.9958361467876766255358234047889709472656e+03
-2.3397840070857298996997997164726257324219e+04  +8.8662668747809930209768936038017272949219e+03  -6.2463982425785572559107095003128051757812e+04
-2.5721007909688636573264375329017639160156e+04  +8.9410207188829535880358889698982238769531e+03  +1.2067115305537889071274548768997192382812e+04
-9.7914765587932270136661827564239501953125e+03  +1.9569886053037811507238075137138366699219e+04  -1.2330742040173417990445159375667572021484e+04
-2.0616159027142115519382059574127197265625e+04  -4.2346477684945566579699516296386718750000e+04  -3.8574632010298162640538066625595092773438e+04
-5.0956537908419937593862414360046386718750e+04  +2.9176218334161512757418677210807800292969e+03  -1.3739078089299428029335103929042816162109e+03
-2.5323414229518402862595394253730773925781e+03  -1.7954343186843525472795590758323669433594e+04  +1.7755895184776232781587168574333190917969e+04
+7.5205400919814167082222411409020423889160e+02  -2.5806414030773125887208152562379837036133e+03  -3.3101343714018717037106398493051528930664e+03
+1.1050652034962374727911083027720451354980e+03  +2.1586010261445815558545291423797607421875e+04  -1.8155098684214546665316447615623474121094e+04
+1.5125448463390274156381565262563526630402e+01  +6.8135486738300892284314613789319992065430e+02  -1.5442531123318778440989262890070676803589e+02
+1.1962701379214963992581033380702137947083e+02  +3.6060481327008191421157334843883290886879e+00  -3.6767572828512277283152798190712928771973e+02
-1.0198136812471717348671518266201019287109e+04  -2.0508469125107942090835422277450561523438e+04  +1.4672744049947097664698958396911621093750e+04
+2.3619032490345893165795132517814636230469e+04  -1.0505649977700826639193110167980194091797e+04  -3.0237775049058473086915910243988037109375e+04
+1.7565745120583804236957803368568420410156e+04  +3.0394027707611559208089602179825305938721e+02  -2.3929901238650796585716307163238525390625e+04
+3.3667742867847664456348866224288940429688e+04  -6.4808187002569720789324492216110229492188e+03  -7.7725478188102322746999561786651611328125e+04
-2.7915260899381922854445292614400386810303e+02  +2.8964394416888382011165958829224109649658e+02  -8.0113115145987208620681485626846551895142e+01
+5.2919746285119617823511362075805664062500e+03  +1.9203750973344234807882457971572875976562e+04  -1.2750633796423360763583332300186157226562e+04
+2.3022295743284234049497172236442565917969e+04  -1.0841050070117064024088904261589050292969e+04  +7.7657958578109019072144292294979095458984e+03
+6.0221648078652717231307178735733032226562e+04  -1.7869329258237688918597996234893798828125e+04  -4.1092503672671618915046565234661102294922e+03
+1.7757816143585316604003310203552246093750e+05  -2.1637227058670141559559851884841918945312e+04  +9.1956626470844363211654126644134521484375e+04
+1.7236154938781030068639665842056274414062e+04  +6.8296840103198919678106904029846191406250e+04  -1.2055271164536285141366533935070037841797e+04
+1.8115125522728033047314966097474098205566e+03  +4.1829395700008608400821685791015625000000e+03  +6.9809758330026461408124305307865142822266e+03
+3.8658116346196940867230296134948730468750e+04  -3.0871647515189964906312525272369384765625e+04  +3.9150270332169879111461341381072998046875e+04
+2.5607871475309093511896207928657531738281e+03  -1.9442621864282671594992280006408691406250e+04  +1.5514794798220907978247851133346557617188e+04
+6.7010532532519500819034874439239501953125e+04  -8.2628634063293953659012913703918457031250e+04  -5.1420583688737817283254116773605346679688e+04
+1.3839097563682773034088313579559326171875e+05  -3.7112502408224347163923084735870361328125e+04  -1.4314567050427951926394598558545112609863e+03
-2.4163272235546207866718759760260581970215e+02  -2.3779531177897856650815811008214950561523e+03  -2.5341020164892772299936041235923767089844e+04
-3.4517415513913547329138964414596557617188e+04  -9.4547601368685227498644962906837463378906e+03  +3.5300141993158686091192066669464111328125e+04
-6.4038177903588228218723088502883911132812e+04  -5.8019142889408169139642268419265747070312e+04  +6.3565147309495905574294738471508026123047e+03
-5.3302647917097892786841839551925659179688e+04  +6.3780496171542894444428384304046630859375e+04  +7.6704045888350679888390004634857177734375e+04
-1.5017125599009457801003009080886840820312e+04  -1.0306654929804997664177790284156799316406e+04  -2.1352896099994286487344652414321899414062e+03
-1.7071339360030908665066817775368690490723e+03  +9.2020888204875450355757493525743484497070e+02  +6.2578027179084358522231923416256904602051e+02
+5.0038679502613362274132668972015380859375e+04  -5.4587579125529882730916142463684082031250e+03  +3.3362780456554675765801221132278442382812e+04
+4.7636733840376880834810435771942138671875e+04  -2.4161933407642740348819643259048461914062e+04  +4.4320080805391196918208152055740356445312e+04
+1.1846067270734035901114111766219139099121e+03  -8.2945835868976485016901278868317604064941e+02  -1.4716126380587522817222634330391883850098e+03
-1.0647555006254518229980021715164184570312e+05  +6.9971508584490715293213725090026855468750e+04  +7.7299143005176054430194199085235595703125e+04
-6.5033335426719331735512241721153259277344e+03  +4.1701386989457587333163246512413024902344e+03  +9.0515352755669246107572689652442932128906e+03
+6.4429627470594416081439703702926635742188e+04  -6.7531177388894546311348676681518554687500e+04  -5.3652373710120264149736613035202026367188e+04
+5.6731875221433343540411442518234252929688e+04  -1.3559535129570082062855362892150878906250e+05  +5.9969155549049777619075030088424682617188e+04
-1.0570779217453018645755946636199951171875e+05  -2.6423778205075900768861174583435058593750e+05  +2.3018114962389438005629926919937133789062e+04
-7.8304601293557789176702499389648437500000e+03  -8.4581187830544353346340358257293701171875e+04  -1.2303741915658833022462204098701477050781e+04
-7.6886148690305981290293857455253601074219e+02  -1.9920862384203792316839098930358886718750e+03  -5.9848527798430529855977511033415794372559e+02
+7.4267579530490247634588740766048431396484e+03  -2.6908687638740539114223793148994445800781e+03  -2.2624259923307763529010117053985595703125e+04
+5.8755677011035832038032822310924530029297e+03  -2.1792477051185123855248093605041503906250e+04  +8.1328637529513280242099426686763763427734e+03
+2.3461550062150326994014903903007507324219e+04  -1.6521128439476156927412375807762145996094e+04  +7.2457735866912335040979087352752685546875e+04
+4.9361833633489164640195667743682861328125e+04  +1.5035791613906141719780862331390380859375e+04  +8.8728010034605773398652672767639160156250e+04
-1.7034272645202760031679645180702209472656e+04  +3.8614196356677704898174852132797241210938e+04  +3.5473497219912555010523647069931030273438e+04
+3.2745354014084245136473327875137329101562e+04  -1.9144310891850531334057450294494628906250e+04  +3.8203087604792663114494644105434417724609e+03
+7.9685593544001640111673623323440551757812e+03  +5.1839479645205938140861690044403076171875e+03  +8.8738635341301724110962823033332824707031e+03
+1.0797154850703215925022959709167480468750e+05  +2.5224294163506597215018700808286666870117e+03  -5.9561984258797907386906445026397705078125e+04
-4.3361043072595261037349700927734375000000e+04  -1.4941334957384751760400831699371337890625e+04  +5.5703979243161047634202986955642700195312e+03
+8.9646126527397340396419167518615722656250e+04  -4.5550434937374404398724436759948730468750e+04  +3.5007193597574929299298673868179321289062e+04
-3.3641843185048151099181268364191055297852e+03  +2.9346948881829455785918980836868286132812e+04  +3.5593751004209312668535858392715454101562e+04
+2.9867555967380531001253984868526458740234e+02  -2.2345272733506539225345477461814880371094e+04  -1.2928866835829267074586823582649230957031e+04
+4.3394148714174443739466369152069091796875e+04  -2.9297076724164151528384536504745483398438e+04  -2.0757685051305265915289055556058883666992e+03
+6.7967745858355061500333249568939208984375e+04  +2.6391662805778512847609817981719970703125e+04  +7.0570887557472626212984323501586914062500e+04
-8.9435285678787786309840157628059387207031e+03  +2.0953723442456950579071417450904846191406e+04  +7.5689244263081864119158126413822174072266e+03
-1.7167519035272474866360425949096679687500e+04  -2.5641872922910351917380467057228088378906e+04  -3.1604910532055288058472797274589538574219e+04
-7.1228916700500922161154448986053466796875e+03  -3.8391249249910026264842599630355834960938e+04  +5.9559271283678594045341014862060546875000e+04
-1.0208688661694939582957886159420013427734e+04  -2.5269095349460872967028990387916564941406e+04  -1.4323955235139281285228207707405090332031e+04
+2.2674877524847790482454001903533935546875e+04  -3.4723139638931010267697274684906005859375e+04  -2.5972726051898243895266205072402954101562e+04
+8.0329469787196812831098213791847229003906e+03  +1.7506100936242662555741844698786735534668e+03  -1.7250860581114178785355761647224426269531e+04
-3.2174540562992071500048041343688964843750e+04  +5.9992702694501123914960771799087524414062e+04  -9.8434957171475598443066701292991638183594e+03
+1.0354337365518940714537166059017181396484e+04  +6.6459117740627953025978058576583862304688e+03  -1.4750523749423144181491807103157043457031e+04
-2.5318489992775911900935170706361532211304e+02  -1.3703503130466565380629617720842361450195e+03  +2.6427185646241246104182209819555282592773e+03
+2.4313597735634728451259434223175048828125e+04  -3.3850385646209811966400593519210815429688e+04  -1.2412465089024473854806274175643920898438e+04
-1.8391868264931210433132946491241455078125e+05  +2.0726581167134607676416635513305664062500e+05  +3.2798791682422684971243143081665039062500e+04
-6.8040789783526383871503639966249465942383e+02  -1.3146804175185301573947072029113769531250e+04  -1.4364941797081692129722796380519866943359e+04
+5.0007509156734868156490847468376159667969e+03  +4.4633774131109785230364650487899780273438e+04  +2.2218448162044383934698998928070068359375e+04
-4.5112198272146779345348477363586425781250e+04  -2.4354450682079317630268633365631103515625e+04  +5.2301710661680135672213509678840637207031e+03
-1.2697553277029366654460318386554718017578e+04  -2.2470941747115979524096474051475524902344e+04  -4.4174569339251451310701668262481689453125e+04
+3.4978635491909968550316989421844482421875e+04  +1.9679325783727728412486612796783447265625e+05  -1.4259403635284828487783670425415039062500e+05
-3.5827814329542190534994006156921386718750e+04  +5.3789699743437167853699065744876861572266e+03  +1.2848631674563122942345216870307922363281e+04
-1.9630597816068195243133231997489929199219e+04  -4.4766189503139430598821491003036499023438e+03  +1.6128303081157897395314648747444152832031e+04
-1.7626226740227218670042930170893669128418e+03  -3.0540933518082147202221676707267761230469e+03  +1.1979572534993618319276720285415649414062e+04
+4.9653820924902167462278157472610473632812e+04  -3.7704533563351702468935400247573852539062e+04  -1.2547303987626939488109201192855834960938e+04
-1.2438939133225749174016527831554412841797e+03  +6.6873344666989960387581959366798400878906e+03  +1.4798565429563764155318494886159896850586e+03
-3.3637264281505063991062343120574951171875e+04  +4.7698276431974472870933823287487030029297e+03  -2.7020684605648857541382312774658203125000e+04
-2.4593654549876871897140517830848693847656e+04  -1.0145845659254579004482366144657135009766e+04  -7.2965233214177540503442287445068359375000e+04
-1.3906914408310349244857206940650939941406e+04  +6.4090363317528426705393940210342407226562e+03  -7.9461263389323976298328489065170288085938e+03
+9.6516612572231941157951951026916503906250e+04  +1.4067627114789336337707936763763427734375e+05  +4.0322972093814038089476525783538818359375e+04
+8.3142322939029589178971946239471435546875e+04  -3.2370364375680351258779410272836685180664e+03  +8.0203809123016733792610466480255126953125e+04
-5.6713176615946722449734807014465332031250e+03  +6.6607344531960137601345195434987545013428e+01  +3.0123604662678881140891462564468383789062e+03
+6.7136766189900918107014149427413940429688e+03  +4.5880907462376104376744478940963745117188e+04  +1.6270000789680752859567292034626007080078e+04
+2.4528887064480004482902586460113525390625e+04  +1.3083324817777025600662454962730407714844e+04  +7.4038811134314964874647557735443115234375e+04
-4.1010641243962663793354295194149017333984e+03  +8.5075398861037604092416586354374885559082e+02  -2.2346550748354584357002750039100646972656e+03
-7.6970908294482296696514822542667388916016e+03  +6.5916071866314459839486517012119293212891e+03  -1.6414558789258575416170060634613037109375e+04
-3.7015726807441526034381240606307983398438e+04  +1.4489258783145070992759428918361663818359e+04  -1.8141804145953017723513767123222351074219e+04
+3.3793330203828895719198044389486312866211e+03  -1.7050824413962698599789291620254516601562e+04  -1.3945867670597441247082315385341644287109e+04
-3.8582387141223794060351792722940444946289e+03  +1.1618223638072674930299399420619010925293e+03  -2.7142630373224001232301816344261169433594e+03
-1.6448535289038092741975560784339904785156e+04  -3.2924381603566129342652857303619384765625e+04  -6.6775626754731765686301514506340026855469e+03
+3.3896527090043450698431115597486495971680e+03  -3.0956505541161695873597636818885803222656e+03  +4.8921479569227085448801517486572265625000e+03
-2.2196635738705896073952317237854003906250e+04  -2.1141851768982760404469445347785949707031e+04  -4.5092062139577210473362356424331665039062e+03
-5.3445473274636824498884379863739013671875e+03  +4.9282920927929968456737697124481201171875e+04  +2.4616687287172811920754611492156982421875e+04
-2.7969187889345685107400640845298767089844e+04  +6.5598357006805541459470987319946289062500e+04  +1.5284610071185341803357005119323730468750e+05
+1.0694436846246420827810652554035186767578e+04  -1.7049105537560267839580774307250976562500e+05  +1.3243135452924808487296104431152343750000e+05
+2.1777920844176358514232560992240905761719e+04  +2.3256812548292866267729550600051879882812e+04  -1.2137613862084755567138927290216088294983e+02
-1.7586011358850395481567829847335815429688e+04  -2.4397936108014073397498577833175659179688e+04  +5.6709321326351764582796022295951843261719e+03
-2.6990525761514568330312613397836685180664e+03  -1.3526131237474030058365315198898315429688e+04  +7.6811161267432780732633545994758605957031e+03
+1.4235973134458330605411902070045471191406e+04  -2.1919985913035423436667770147323608398438e+04  +1.7334577336791730886034201830625534057617e+03
+2.4143306494401367672253400087356567382812e+03  -6.5540805796831828047288581728935241699219e+03  +8.7945331004383115214295685291290283203125e+03
+1.8294787928706507955212146043777465820312e+04  -1.1778754368172063550446182489395141601562e+04  +5.8768061100501727196387946605682373046875e+03
-5.8432650217621255706035299226641654968262e+02  +4.9222708673126597034297446953132748603821e+01  -7.5084198831770754622993990778923034667969e+02
-8.1761418062466182163916528224945068359375e+04  +4.9123237536568449286278337240219116210938e+04  +9.4872544556184642715379595756530761718750e+04
-2.4773419245877645153086632490158081054688e+04  -4.1313194784713043191004544496536254882812e+04  -3.0333029465397189596842508763074874877930e+03
+6.1698350742538517806679010391235351562500e+04  +2.3422563781725002627354115247726440429688e+04  +8.7526630476843871292658150196075439453125e+04
+2.0825222939604398561641573905944824218750e+04  -1.1775648061284447976504452526569366455078e+04  -3.0213507280089465893979649990797042846680e+03
+1.5923955057559005581424571573734283447266e+04  +3.3413639542448087013326585292816162109375e+04  -2.5392123374760281876660883426666259765625e+04
+3.6284579464764072326943278312683105468750e+04  +1.6786000995721515209879726171493530273438e+04  +5.1451531289090111386030912399291992187500e+04
+3.8551914652759835007600486278533935546875e+04  +1.0190116005836682234075851738452911376953e+04  -4.8884110529431382019538432359695434570312e+04
-1.2429870122589707534643821418285369873047e+04  +1.3266052261911790992598980665206909179688e+03  -1.0554995537231956404866650700569152832031e+04
-1.3232705157708833212382160127162933349609e+04  -1.0682471960880931874271482229232788085938e+05  +1.4498810064395222070743329823017120361328e+04
-3.1543298246974602079717442393302917480469e+04  -2.6739073174383334117010235786437988281250e+05  -8.1609491702891726163215935230255126953125e+04
-2.8992740054716396116418763995170593261719e+04  +1.7851431889466301072388887405395507812500e+04  +2.2184983160166342713637277483940124511719e+04
+1.9610782798683627333957701921463012695312e+04  +1.7736760720799840783001855015754699707031e+04  +8.2791375818298911326564848423004150390625e+03
-1.9600888832696338067762553691864013671875e+05  -1.3821338691573351388797163963317871093750e+05  -2.4857608147790559451095759868621826171875e+05
-3.0565017629683316044975072145462036132812e+04  +4.1019335997861817304510623216629028320312e+04  +1.6115446974187985688331536948680877685547e+04
-2.8794378991816683992510661482810974121094e+04  -7.9419953706854255869984626770019531250000e+04  -4.3433058278647749830270186066627502441406e+03
+9.4015877762150266789831221103668212890625e+04  +8.8051791031668777577579021453857421875000e+04  +2.3930201738324267353164032101631164550781e+04
-9.4337774614932350232265889644622802734375e+04  -2.4380919208762352354824542999267578125000e+04  +7.9987291126750031253322958946228027343750e+04
-2.0993938612840935093117877840995788574219e+04  +1.6609292152936272032093256711959838867188e+04  -2.3804934128796292498009279370307922363281e+04
+1.8015273203382806968875229358673095703125e+04  -3.0271915196693727921228855848312377929688e+04  -4.5615123801805293624056503176689147949219e+02
+2.6035289520745857316796900704503059387207e+02  +1.0244337292633676952391397207975387573242e+03  -4.4309776629012596060874784598127007484436e+01
+8.3232351297297645942308008670806884765625e+03  -1.9181864714685012586414813995361328125000e+04  +3.7899288314840960083529353141784667968750e+04
-1.5849645768904663327703019604086875915527e+03  -2.7242532804104716888105031102895736694336e+03  -1.6084672445246545180452812928706407546997e+02
-8.3160323288652406859000620897859334945679e+01  -5.2525559639542871082085184752941131591797e+03  +2.9969550517565317022672388702630996704102e+03
-4.2982649998592899009963730350136756896973e+02  +3.5983867609305519863482913933694362640381e+02  -6.5101860377863445705770573113113641738892e+01
-1.0094554859414756720070727169513702392578e+02  -3.8015455338270307947823312133550643920898e+03  +1.6268281219614254951011389493942260742188e+02
+6.0147492128845391562208533287048339843750e+04  -3.9195880953913067060057073831558227539062e+04  +1.5184703511827635793451918289065361022949e+03
-2.0700588672062340265256352722644805908203e+03  +1.0133647450762832704640459269285202026367e+03  +1.0503220208512140743550844490528106689453e+04
+2.1535366551783527029328979551792144775391e+03  +1.7528327200390380312455818057060241699219e+04  +5.1568321111596458194981096312403678894043e+02
-1.4754273209772862173849716782569885253906e+04  +3.2639941738707882905146107077598571777344e+04  -7.6137808277730640838854014873504638671875e+04
+3.0972408678500654787058010697364807128906e+04  +1.2328743194604854215867817401885986328125e+05  +2.3929167552780985715799033641815185546875e+04
-1.6669448728142018808284774422645568847656e+04  +2.8915913763830707466695457696914672851562e+04  +2.0351524612472359876846894621849060058594e+04
+3.7603352386572519208129961043596267700195e+03  -9.9130842173837536392966285347938537597656e+03  -2.9431613031587399746058508753776550292969e+04
+8.2471590006890983204357326030731201171875e+03  -2.9961330474150050577009096741676330566406e+04  -4.3000977327873872127383947372436523437500e+04
+1.8984906012298684800043702125549316406250e+04  +7.6779229866643172499607317149639129638672e+03  -3.3061032507380591596302110701799392700195e+03
+3.1126273332736718657542951405048370361328e+03  +1.5380442890812108089448884129524230957031e+04  -2.1530664814304152969270944595336914062500e+04
+2.1167292254637555743101984262466430664062e+04  +1.5800155615026000305078923702239990234375e+04  +1.0558770106051881612074794247746467590332e+03
+1.4298984026700063623138703405857086181641e+04  -3.7481375349720656231511384248733520507812e+04  +3.8713824148652245639823377132415771484375e+04
-2.7606029438979271617427002638578414916992e+02  -5.7989222168672472434991504997014999389648e+02  +1.6960481872961921112619165796786546707153e+01
-1.0246362086265855396050028502941131591797e+04  -1.0036369555994795518927276134490966796875e+04  -5.7393950560503199085360392928123474121094e+03
-4.0926895169750505374395288527011871337891e+03  -1.3187958952372704516164958477020263671875e+04  -4.9072262878478031780105084180831909179688e+03
-4.2327444769295725564006716012954711914062e+04  -4.6283058441664965357631444931030273437500e+04  +5.9604194087339747056830674409866333007812e+04
-3.7139224168159831606317311525344848632812e+04  -8.7764382362327287410153076052665710449219e+03  -2.4126783888877827848773449659347534179688e+04
+4.8324456520028536033350974321365356445312e+04  +1.6717037043650439045450184494256973266602e+03  -2.9106266819617223518434911966323852539062e+04
+4.1679221611542634491343051195144653320312e+04  -2.4094419617919024858565535396337509155273e+03  +1.5516353125146426464198157191276550292969e+04
+3.1150134470956681980169378221035003662109e+03  +2.8199919534200289490399882197380065917969e+04  +1.0889387126803510909667238593101501464844e+04
+3.3969512233674117851478513330221176147461e+03  +4.5930588946008656421327032148838043212891e+03  -1.6031822021809033685713075101375579833984e+04
+1.6164707897305081132799386978149414062500e+05  -2.3150290911752425017766654491424560546875e+05  -9.5775765302206069463863968849182128906250e+04
+6.2388425313954076045774854719638824462891e+03  -1.0419870085618500525015406310558319091797e+04  +1.8516704323217923956690356135368347167969e+04
+2.2816061163476537331007421016693115234375e+04  +1.1726405210957476811017841100692749023438e+04  +4.2483868280055525247007608413696289062500e+04
-2.1999668928928636887576431035995483398438e+04  +5.8736852711261281001497991383075714111328e+02  +4.4694305750342413375619798898696899414062e+04
-7.6083592453801538795232772827148437500000e+03  +3.8167254411733658344019204378128051757812e+04  +1.6238898099147210814408026635646820068359e+04
+9.4060353206266954657621681690216064453125e+03  -3.9016656591438822943018749356269836425781e+03  -4.2670794862708853543153963983058929443359e+03
-8.0924007853184530176804400980472564697266e+03  +7.4518066405092640707152895629405975341797e+03  +1.5717291689384294386400142684578895568848e+03
+4.3571469160911430662963539361953735351562e+04  +2.8611464487975613337766844779253005981445e+03  +1.0067427759054177158759557642042636871338e+03
-7.6790480252012246637605130672454833984375e+04  -2.4090037464661294507095590233802795410156e+04  -2.9446690000050217349780723452568054199219e+04
-5.2788610778973006745218299329280853271484e+03  +8.3927389361017467308556661009788513183594e+03  -5.6855558926026742483372800052165985107422e+03
+9.8691858166977399378083646297454833984375e+03  +1.0790961268814806317095644772052764892578e+04  +1.3235508635529464299906976521015167236328e+04
+3.9971810053763579162477981299161911010742e+03  -3.3428921112710493616759777069091796875000e+04  -7.0227927393054087588097900152206420898438e+03
+2.3350487527966746711172163486480712890625e+04  +8.6361282190974397963145747780799865722656e+03  +7.9150151424370278618880547583103179931641e+03
-3.4242867644267261493951082229614257812500e+05  +9.1268705373526419862173497676849365234375e+04  -4.2698577671656757593154907226562500000000e+05
+1.7129174456972780262731248512864112854004e+03  +4.4773278832413270720280706882476806640625e+03  +6.0560722891665951465256512165069580078125e+04
+1.9400627535023086238652467727661132812500e+04  -2.5879557778678408794803544878959655761719e+04  -9.3018529079348063532961532473564147949219e+03
-1.1967471914671643389738164842128753662109e+04  +1.8817239612102337105170590803027153015137e+03  -2.8157059808636249726987443864345550537109e+03
+1.1074857625232896680245175957679748535156e+04  -3.2702504462515262275701388716697692871094e+04  +4.1272786706359358504414558410644531250000e+04
+5.5897659412326920573832467198371887207031e+03  +8.0861651880894933128729462623596191406250e+03  +2.2246181610323561471886932849884033203125e+04
+3.1140874713886586278022150509059429168701e+02  -9.7431992188948470356990583240985870361328e+01  -1.1655495257019165222800438641570508480072e+01
+3.4433964306915750057669356465339660644531e+03  +1.9262584146185221811720111873000860214233e+02  -1.8296677118547866029985016211867332458496e+03
+2.3824448863541301761870272457599639892578e+03  -6.7956669042410078418470220640301704406738e+02  +2.6779396389899034147674683481454849243164e+03
+9.1727458660064527862232353072613477706909e+01  -1.3018583520068963821358920540660619735718e+02  +2.5264579633376779810305379214696586132050e+01
-9.4740118423069197888253256678581237792969e+03  -6.1543262454438245185883715748786926269531e+03  -8.6628336541149565164232626557350158691406e+03
-3.7686743617218976396543439477682113647461e+03  -8.3634526937577647913713008165359497070312e+03  +2.5433323482223763676302041858434677124023e+03
-2.7910782847704394953325390815734863281250e+04  -4.4601472315176673873793333768844604492188e+04  -7.7821488990290463334531523287296295166016e+03
-1.0267149810166254610521718859672546386719e+04  -5.8247510353244178986642509698867797851562e+03  +7.7026443974869707744801416993141174316406e+03
+1.4804150292496249676332809031009674072266e+04  +1.0798445484183075677719898521900177001953e+04  -1.8575226493032023427076637744903564453125e+04
-2.3269484536935528922185767441987991333008e+03  -9.1564447956310800691426265984773635864258e+02  -1.7822107719952232400828506797552108764648e+03
+1.6060559614006964693544432520866394042969e+04  +4.5615919993659135798225179314613342285156e+03  -1.5426034978255564055871218442916870117188e+04
+5.8327641607694458798505365848541259765625e+03  -7.3548614125405860249884426593780517578125e+04  +8.7470179677716587320901453495025634765625e+03
-1.3805804543366328289266675710678100585938e+04  -2.1752497613873592854361049830913543701172e+03  -1.3278569580723691615276038646697998046875e+04
-4.8630075270886363796307705342769622802734e+03  -1.2092697106254838217864744365215301513672e+04  -2.4629543919449578970670700073242187500000e+05
-1.3786854913058097736211493611335754394531e+04  -9.4775565282096849841764196753501892089844e+03  -1.8536456769030541181564331054687500000000e+04
-4.5260638955327791336458176374435424804688e+04  +3.4248514311426981294061988592147827148438e+04  +6.2000909431362379109486937522888183593750e+04
-3.3589468170126085169613361358642578125000e+04  -7.6256891059148711065063253045082092285156e+03  +3.9812676246385703962005209177732467651367e+03
+2.4408222775341278065752703696489334106445e+02  +7.7932544161423356854356825351715087890625e+02  -3.0887641578326696389922290109097957611084e+02
-2.5234496097502364136744290590286254882812e+04  -5.4093394102580175967887043952941894531250e+04  +4.8131387343567861535120755434036254882812e+04
-7.6584894173634274920914322137832641601562e+03  -1.3435597095652990901726298034191131591797e+04  -6.5620163275917539067449979484081268310547e+03
-8.4235178571771884890040382742881774902344e+03  -1.7315708751775532618921715766191482543945e+03  -3.8921202263071972993202507495880126953125e+02
-1.7669430476788926171138882637023925781250e+04  -2.1092386199740936717716977000236511230469e+04  +9.9236348268183446634793654084205627441406e+03
-3.5030681290164524398278445005416870117188e+04  -1.9350979510218508949037641286849975585938e+04  -4.6859615775450634828303009271621704101562e+04
+8.2381621116337209969060495495796203613281e+03  -1.2218477459371371878660283982753753662109e+04  +7.1909625987763192824786528944969177246094e+03
+5.7279787527506796322995796799659729003906e+03  +1.2350037211322272924007847905158996582031e+04  +2.0848309267271011776756495237350463867188e+04
-7.4567043398790829087374731898307800292969e+03  -5.9058667932038624712731689214706420898438e+03  +1.1576046522676269887597300112247467041016e+04
+1.7926316160250342363724485039710998535156e+04  -7.0251977314541974919848144054412841796875e+04  -9.3908069116145597945433109998703002929688e+03
-2.1747635563112009549513459205627441406250e+04  +1.2217645887382859655190259218215942382812e+04  -5.7129588364357470709364861249923706054688e+04
+1.8536001301126182738698844332247972488403e+02  -5.7095777416680289206851739436388015747070e+02  -4.8825890935072817455875338055193424224854e+02
+7.0520600160545407561585307121276855468750e+04  -5.1496625145666592288762331008911132812500e+04  -4.8295239025266828321036882698535919189453e+03
+1.8004525341753058455651625990867614746094e+04  +6.3530813932184435543604195117950439453125e+04  +3.7809836834725545486435294151306152343750e+04
+2.3687272972426373598864302039146423339844e+04  +7.2944356599837221438065171241760253906250e+04  +9.1094798271491556079126894474029541015625e+04
+8.2703071871640131575986742973327636718750e+03  -1.5422049341725130943814292550086975097656e+04  -5.5428537485525976080680266022682189941406e+03
+1.4058194597141293343156576156616210937500e+04  -1.1260755883845451535307802259922027587891e+04  +1.0026769445045783868408761918544769287109e+04
-1.2779807003037903996300883591175079345703e+04  +3.4797021954069799676290131174027919769287e+02  -6.1979288390221481677144765853881835937500e+03
-4.0375124114474024281662423163652420043945e+03  -9.1809119447140183183364570140838623046875e+03  -4.0739431301762497241725213825702667236328e+03
-3.0956786887039788780384697020053863525391e+03  -4.1590617349118860147427767515182495117188e+04  -2.6569832499874955829000100493431091308594e+04
+1.1668040159340334867010824382305145263672e+04  -5.8977344573004020276130177080631256103516e+03  -3.8889885513332756090676411986351013183594e+03
+1.6007010460788349519134499132633209228516e+04  +1.8498810536686938576167449355125427246094e+04  +3.6504510391834955953527241945266723632812e+04
+4.5477149346174512174911797046661376953125e+04  -3.2211885305118714313721284270286560058594e+04  +1.6976862760821916162967681884765625000000e+05
-7.3271546974345374110271222889423370361328e+03  +2.4403513520507694920524954795837402343750e+04  +2.6035290357894944463623687624931335449219e+04
-9.9549976469696175627177581191062927246094e+03  +3.1962445567939325883344281464815139770508e+03  -5.7372349811431384125626209424808621406555e+01
+3.0852660610493883723393082618713378906250e+04  +2.2358838278563642234075814485549926757812e+04  -8.1344337967898245551623404026031494140625e+03
+6.2281964726971280470024794340133666992188e+04  +4.2414479531077595311217010021209716796875e+04  -2.8109694833342902711592614650726318359375e+04
-1.3640483335857022666459670290350914001465e+03  -1.2389585745510171364003326743841171264648e+03  +5.9484901098412842657126020640134811401367e+02
-1.1675721147693218881613574922084808349609e+04  +7.9482228687040387740125879645347595214844e+03  +5.5902532572416985203744843602180480957031e+03
-3.9739238288558881322387605905532836914062e+04  -3.8893155155225715134292840957641601562500e+04  -4.3815043469938231282867491245269775390625e+04
+3.8582577174142199510242789983749389648438e+04  +2.7111130424424871307564899325370788574219e+04  -1.3610852415789457154460251331329345703125e+04
-1.0358131829369440310983918607234954833984e+04  +2.6141970645674675324698910117149353027344e+04  -3.0920146417440682853339239954948425292969e+04
+1.0687905659313810247112996876239776611328e+03  -6.6083643586816624519997276365756988525391e+03  +4.8345829136771993944421410560607910156250e+04
-1.0389190673022374539868906140327453613281e+04  -1.1642816296135379161569289863109588623047e+04  +8.5632069179020418232539668679237365722656e+03
+4.5343861052356623986270278692245483398438e+04  -1.7044889265818696003407239913940429687500e+04  -2.6655396199052056545042432844638824462891e+03
+1.2036958363810197624843567609786987304688e+05  -2.7470621234247846587095409631729125976562e+04  -6.3847811261200826265849173069000244140625e+04
+5.9107668663920318067539483308792114257812e+04  -5.9856670639843017852399498224258422851562e+04  -8.2723508905840317311231046915054321289062e+03
+2.0076720640518183245148975402116775512695e+03  +9.9804151468181282780278706923127174377441e+02  -3.9726597936013181424641516059637069702148e+03
+4.2295588165221126075721258530393242835999e+01  +3.7401708702693518659998517250642180442810e+01  +2.0854807707840237185337173286825418472290e+01
+1.7909053078805010272844810970127582550049e+02  +2.6182546699372673174366354942321777343750e+04  +1.5165157306932498613605275750160217285156e+04
-8.0093760257432484650053083896636962890625e+04  +1.3366008097006147727370262145996093750000e+05  +9.0169119414982688454074377659708261489868e+01
+6.6581575128482538275420665740966796875000e+04  +3.8320456917015195358544588088989257812500e+04  +3.0446109845710023364517837762832641601562e+04
-1.4845898123730286897625774145126342773438e+04  +1.8174140987807582860114052891731262207031e+04  +5.8508552022260264493525028228759765625000e+04
-6.8685853368472489819396287202835083007812e+03  -9.9102851595366228139027953147888183593750e+03  -1.2236677771376607779529877007007598876953e+04
-1.7011378413737963910534745082259178161621e+03  +1.1956967866359425897826440632343292236328e+04  +3.0184811010003818410041276365518569946289e+03
+1.4106972403570383903570473194122314453125e+05  -2.7413079480921260255854576826095581054688e+04  -2.6678959961827640654519200325012207031250e+05
+2.0829865219945932039991021156311035156250e+03  +1.9361719972581591719062998890876770019531e+04  -5.8627566279395352466963231563568115234375e+04
-1.4929241438190701956045813858509063720703e+04  -2.7747932291285451356088742613792419433594e+04  -5.4898473731558442523237317800521850585938e+04
-9.7310124905458287685178220272064208984375e+03  +3.0139651259312204274465329945087432861328e+03  -8.6657368858673235081369057297706604003906e+03
+5.2366626864221416326472535729408264160156e+03  +5.9898344294261287359404377639293670654297e+03  -4.2915733291689393809065222740173339843750e+03
-4.1887543920010764850303530693054199218750e+04  +1.9973752172372322092996910214424133300781e+04  -1.2516634635902704758336767554283142089844e+04
+4.3417040048888149613048881292343139648438e+04  -3.1949868887774118775269016623497009277344e+04  -1.6434301673445028427522629499435424804688e+04
-4.6038331575649266369509859941899776458740e+02  -1.2749342799263217784755397588014602661133e+03  -3.0272561433110358848352916538715362548828e+03
+6.7787920802343787727295421063899993896484e+03  -1.0689686733604694381938315927982330322266e+04  -5.1524021106844875248498283326625823974609e+03
-7.1393376318534748861566185951232910156250e+04  +2.9986863119024346815422177314758300781250e+03  +2.1038706983105977997183799743652343750000e+04
-1.8079710236748167517362162470817565917969e+04  +3.0915184352602994977132766507565975189209e+02  -3.2975634605526893210480920970439910888672e+03
+4.6098828058328672341303899884223937988281e+03  -2.6022611417002367488748859614133834838867e+03  -8.4689309779565837743575684726238250732422e+02
+7.9468161594650991901289671659469604492188e+03  +7.4011412202988567514694295823574066162109e+03  -4.8322985299931659142202988732606172561646e+01
-3.4571867746912130314740352332592010498047e+03  +9.8874816720186245220247656106948852539062e+03  +1.8922661087515487452037632465362548828125e+04
-3.9317178529781728890668546227971091866493e+00  -1.6553651224490806725953007116913795471191e+03  +3.6945142520523618259176146239042282104492e+03
-7.9752526720619891420938074588775634765625e+04  +4.1528451238346053287386894226074218750000e+04  -4.3792718255449581192806363105773925781250e+04
+5.8220932703806583958794362843036651611328e+03  -9.2478373411998636584030464291572570800781e+03  +6.4659196417302555346395820379257202148438e+03
-1.4141437745358532993122935295104980468750e+04  +7.6089569390796663356013596057891845703125e+04  -2.0125153009591831505531445145606994628906e+04
-6.7371437024315979215316474437713623046875e+04  -8.7480750041029968997463583946228027343750e+03  -6.4952437198401930800173431634902954101562e+04
+9.5862278587419223185861483216285705566406e+02  +2.7429433364521980109884680132381618022919e+01  -5.4558788385221669159363955259323120117188e+02
-8.9283373909793066559359431266784667968750e+04  +6.4139387424923834259971044957637786865234e+03  -3.1125844274048566148849204182624816894531e+04
-9.5693800112916451325872913002967834472656e+03  +4.9445067690988171307253651320934295654297e+03  -1.9021452537848661449970677495002746582031e+04
+1.2126369035238989454228430986404418945312e+04  +2.8982530518887229845859110355377197265625e+04  -5.7737578761386081168893724679946899414062e+04
-4.6786598984776137513108551502227783203125e+03  -2.7887868978023005183786153793334960937500e+04  +8.8467931290075684955809265375137329101562e+03
-8.6737271517757486435584723949432373046875e+04  -3.7886578940531158878002315759658813476562e+04  +7.5223304816756834043189883232116699218750e+04
-1.4057413597708820816478691995143890380859e+04  +1.2075207204642809301731176674365997314453e+04  -1.8616250435303436461254023015499114990234e+03
-2.9361244692123233107849955558776855468750e+04  -3.0980642275169153435854241251945495605469e+04  -3.2260510897133459366159513592720031738281e+04
+8.2841209723799474886618554592132568359375e+03  +3.5865501368579193695040885359048843383789e+03  +1.1312705106431196327321231365203857421875e+04
+1.4192011694352760969195514917373657226562e+04  +1.6277919961203006096184253692626953125000e+04  -2.1022192888775134633760899305343627929688e+04
+2.8058619723672658437862992286682128906250e+04  +2.5297929977089672320289537310600280761719e+04  +1.8832899448646134260343387722969055175781e+04
-3.6131496043952724903647322207689285278320e+03  -5.3329026856360587771632708609104156494141e+02  +4.1454558590298773879112559370696544647217e+02
-3.9593107715898069727700203657150268554688e+04  -2.1260784361585010628914460539817810058594e+03  +4.5060298719134341808967292308807373046875e+04
+5.1460080301396683353232219815254211425781e+03  +3.9194073806229248475574422627687454223633e+03  +1.8922835552103729241935070604085922241211e+03
-1.1311876695781144007924012839794158935547e+04  -8.3845524052390501310583204030990600585938e+03  -6.4366415112286058501922525465488433837891e+03
-6.6374175944518734468147158622741699218750e+04  -7.4024983908064052229747176170349121093750e+04  -2.3224397470845771749736741185188293457031e+04
-2.1943376936946567212771697086282074451447e+01  +3.2243941570459367085277335718274116516113e+02  +2.3284686512732223491184413433074951171875e+03
-1.5873865127584515721537172794342041015625e+05  -1.0561229956091092026326805353164672851562e+05  -1.5539917796062189154326915740966796875000e+05
+6.4726168049668398452922701835632324218750e+04  +1.8223964954754537757253274321556091308594e+04  -2.7899116365221107116667553782463073730469e+03
-5.3066017828116499003954231739044189453125e+04  -4.9207659006806810793932527303695678710938e+04  +3.1996937522788507521909195929765701293945e+03
+9.0084058006235372886294499039649963378906e+03  +9.3977296797711987892398610711097717285156e+03  +3.2108677153368716972181573510169982910156e+03
+1.8303317966044147033244371414184570312500e+05  -8.6361953846798161976039409637451171875000e+04  -1.2121708809275402745697647333145141601562e+05
+2.9752720696199276062543503940105438232422e+02  +6.7701006422858051791990874335169792175293e+02  +9.4154298354808133808546699583530426025391e+01
+2.2109102162969749770127236843109130859375e+04  +4.7531245300574983048136346042156219482422e+03  +3.5724469316870017792098224163055419921875e+04
+4.8334587019422200683038681745529174804688e+04  -1.6974148789487866451963782310485839843750e+04  +1.4068404548657395935151726007461547851562e+04
+1.6606373377410094690276309847831726074219e+04  +2.0189214805929796057171188294887542724609e+03  +1.1582027087108484920463524758815765380859e+04
-1.4577755673831628519110381603240966796875e+05  -1.3555205484473283286206424236297607421875e+05  +1.1472407514392261509783565998077392578125e+05
-2.2128484028144607691501732915639877319336e+03  -2.4242337901674669410567730665206909179688e+04  -2.0155444853598957706708461046218872070312e+04
-6.8963133977151792350923642516136169433594e+03  +1.7899362953329218726139515638351440429688e+04  -2.4577470426264240813907235860824584960938e+04
-1.0510561915983202197821810841560363769531e+04  -6.0471635249821585603058338165283203125000e+04  +1.6077062678842725290451198816299438476562e+04
-1.3505013415396571872406639158725738525391e+04  +5.7356759222037202562205493450164794921875e+04  +8.1108752412325147815863601863384246826172e+03
-1.3295588438891347323078662157058715820312e+04  -3.3783277186289556084375362843275070190430e+03  +1.3562800868444115621969103813171386718750e+04
-1.8509709048674313817173242568969726562500e+05  -6.1234678874359531619120389223098754882812e+04  +2.2461697342281906458083540201187133789062e+04
+1.0723746562588143206085078418254852294922e+04  +2.2728287688349890231620520353317260742188e+04  +9.7945173461875834618695080280303955078125e+04
+1.7771465228687684430042281746864318847656e+04  -1.4497557816424208795069716870784759521484e+04  +3.3668001914323072014667559415102005004883e+03
+1.1766391701071402349043637514114379882812e+05  +1.8784408445070442394353449344635009765625e+05  +1.4822504809141379155335016548633575439453e+04
+3.7663691875327954221575055271387100219727e+03  -1.2389799744487138013937510550022125244141e+04  +4.0060147992523816355969756841659545898438e+04
-2.0848982343524035968584939837455749511719e+04  -3.1641415195195208070799708366394042968750e+04  -3.3034837818774362858675885945558547973633e+03
-2.9298531039191783520436729304492473602295e+02  +3.9956319043494877405464649200439453125000e+04  +4.6506106533106045390013605356216430664062e+04
-1.4730923014899160989443771541118621826172e+04  +1.0289369276448003802215680480003356933594e+04  -4.9528579844825813438546902034431695938110e+01
+3.5000934518791523260006215423345565795898e+03  -1.0259621955270013131666928529739379882812e+04  -5.6552466623908749170368537306785583496094e+03
+2.0620986925053142613251111470162868499756e+02  -1.5677362496664156310544058214873075485229e+02  +6.5934693263663064044521888718008995056152e+01
-1.1196420099887297965324250981211662292480e+03  +1.0989019377249305762234143912792205810547e+04  -5.5195430577509896465926431119441986083984e+03
+9.3559208809093470335938036441802978515625e+03  -1.6570055874553545436356216669082641601562e+04  -1.3294603035054227802902460098266601562500e+04
-8.4291722145355106476927176117897033691406e+03  +9.5995887667270308156730607151985168457031e+03  +3.7869352965436964950640685856342315673828e+03
+7.4731577615153776150691555812954902648926e+02  -2.9252992515306837049138266593217849731445e+03  +3.5328002936728803433652501553297042846680e+03
+9.7866325195692625129595398902893066406250e+03  +1.1361070040042490290943533182144165039062e+04  +5.5978778100031013309489935636520385742188e+03
-2.9429740048374904290540143847465515136719e+04  +6.9891305285178705162252299487590789794922e+03  +6.1778859016955997503828257322311401367188e+04
+8.1189056551035711891017854213714599609375e+04  -1.2650411260230807238258421421051025390625e+05  +5.2739678381587837066035717725753784179688e+04
-3.7924470760190546570811420679092407226562e+04  -2.0362867826130150206154212355613708496094e+04  -1.3388362933049511411809362471103668212891e+03
+2.7169445972651769807271193712949752807617e+03  +2.0213722929401097644586116075515747070312e+04  -2.2986155903129688340413849800825119018555e+03
-3.4400799991429135843645781278610229492188e+04  -6.9448495021911105141043663024902343750000e+04  +2.8215412340660546760773286223411560058594e+04
+1.0330432035716681639314629137516021728516e+04  +8.1737033228937158128246665000915527343750e+04  +9.9685983701413264498114585876464843750000e+04
-1.3942733920881510130129754543304443359375e+04  -1.7147124812682668562047183513641357421875e+04  -7.7437366694391121200169436633586883544922e+03
+7.5774370721824761858442798256874084472656e+03  -3.5128056089558122039306908845901489257812e+04  +2.0175191339859407889889553189277648925781e+04
-1.3110799284196651569800451397895812988281e+04  +3.0191827616197383576945867389440536499023e+03  +6.3826075564315378869650885462760925292969e+03
-4.9878469934269538498483598232269287109375e+04  -9.1577740776883700164034962654113769531250e+04  +5.8409631767220736946910619735717773437500e+04
+5.5463265294508200895506888628005981445312e+03  -2.8176485154341229645069688558578491210938e+04  -2.6082508638341852929443120956420898437500e+04
-7.7598641746862311265431344509124755859375e+04  -9.4535830155634030234068632125854492187500e+03  +1.7131802828922351181972771883010864257812e+04
-1.0958181850066783226793631911277770996094e+04  +1.9661329593899321480421349406242370605469e+04  -1.3993739058855724579188972711563110351562e+04
+6.0518204095141740981489419937133789062500e+05  +1.0642081696591919753700494766235351562500e+06  +8.8724623268479981925338506698608398437500e+05
-2.0087271496910554560599848628044128417969e+04  -1.0148248985141586672398261725902557373047e+04  +4.1034475479858729158877395093441009521484e+03
-2.9516949273717949836282059550285339355469e+04  -4.0975173229671134322416037321090698242188e+04  +2.4281421912855868868064135313034057617188e+04
+1.2137504293869216780876740813255310058594e+04  -5.0128397459512772911693900823593139648438e+04  -6.8065413873518418768071569502353668212891e+03
-2.0075266418083814642159268260002136230469e+04  -1.0593030452664876065682619810104370117188e+04  +1.5071090354188791025080718100070953369141e+04
-6.3966640528075431939214468002319335937500e+05  -1.6267706361487582325935363769531250000000e+06  -9.8099663534961082041263580322265625000000e+05
-3.0769609528819555634981952607631683349609e+03  -5.3682236581822653533890843391418457031250e+04  +3.4679146757635076937731355428695678710938e+04
+1.2603287336709187002270482480525970458984e+04  -2.2755050023866183437348809093236923217773e+03  +1.9954243455920535780023783445358276367188e+04
+2.5448830120161586819449439644813537597656e+04  -4.1708074067007764824666082859039306640625e+03  -7.9785271636946333728701574727892875671387e+02
-2.8063558319232793110131751745939254760742e+03  +9.2420294198580304509960114955902099609375e+03  +7.8685056290724940481595695018768310546875e+04
-4.3699212590454611927270889282226562500000e+05  -8.6115512943156471010297536849975585937500e+04  -3.4478908523976610740646719932556152343750e+05
-1.2789550694579165792674757540225982666016e+04  +7.0912122316487170792242977768182754516602e+02  +4.3203317304519987374078482389450073242188e+04
+6.1739140173009174759499728679656982421875e+04  -7.7989267498474237072514370083808898925781e+03  -5.3789472155775192732107825577259063720703e+03
-2.5044953732157347985776141285896301269531e+04  +4.7375283776356111047789454460144042968750e+04  -5.2003649809896649003349011763930320739746e+02
-2.9071462851519958348944783210754394531250e+04  -1.0316589351146507169687538407742977142334e+02  +1.8106699322618456790223717689514160156250e+04
+8.4731988168446775944175897166132926940918e+02  -2.2006000075241399827064014971256256103516e+03  +9.7433315795491819244489306584000587463379e+02
+7.6215693657935560167970834299921989440918e+02  +2.7784972942096596852934453636407852172852e+03  +9.4374396362439420045120641589164733886719e+03
-2.3651128791380127950105816125869750976562e+04  +1.1160568805092791080824099481105804443359e+04  -3.9919838111098251829389482736587524414062e+03
+5.4488843365476732287788763642311096191406e+03  +1.4382621821777071090764366090297698974609e+04  -1.3617471508241305855335667729377746582031e+04
-1.7075413920737555599771440029144287109375e+04  -6.4315644381262673050514422357082366943359e+03  +8.9946083223913519759662449359893798828125e+03
-4.2096387043622944474918767809867858886719e+03  -1.1794676960287077235989272594451904296875e+04  -4.8841747621045724372379481792449951171875e+03
+1.9118872731307896901853382587432861328125e+05  -2.3081369804563245270401239395141601562500e+05  -1.4104360343220412232767557725310325622559e+03
-3.6212524903244062443263828754425048828125e+04  -3.3228385138335157535038888454437255859375e+04  -1.9534177245848339225631207227706909179688e+04
-4.8058262268267080798977985978126525878906e+03  -4.2676474252493891981430351734161376953125e+04  +7.5900053714680725533980876207351684570312e+03
+6.6518001648044810281135141849517822265625e+04  +3.4316500350850665199686773121356964111328e+03  +1.3831440240174988502985797822475433349609e+04
+2.6653707204797688063990790396928787231445e+03  +6.2402130889909460620401659980416297912598e+02  +1.1055829054055737287853844463825225830078e+04
-1.8263233465304241690319031476974487304688e+04  +2.0589903020688150718342512845993041992188e+04  +1.6913478292734398564789444208145141601562e+04
+5.4973713665595307247713208198547363281250e+04  -2.3430739898172552784672006964683532714844e+04  -2.3206601438075875194044783711433410644531e+04
-1.8486655408449940296122804284095764160156e+04  -6.9807828516833134926855564117431640625000e+04  +1.7361825716110423672944307327270507812500e+05
+8.9637057747685175854712724685668945312500e+04  +2.2500969919135721283964812755584716796875e+04  -1.0924902043196282465942203998565673828125e+05
-1.9922448283900937440193956717848777770996e+03  -1.0350655402042240893933922052383422851562e+04  -2.1707655210466077733144629746675491333008e+03
+1.0072690479593540658243000507354736328125e+04  -2.2210881895159458508715033531188964843750e+04  -5.9537280993993172160116955637931823730469e+03
-1.4993371685351556152454577386379241943359e+04  -3.4846923139696780708618462085723876953125e+04  +3.6108287951781435367593076080083847045898e+03
+9.4591465252850412070984020829200744628906e+02  -1.9900945764431510269787395372986793518066e+03  -3.0634948788296519524010363966226577758789e+03
-2.2414263087719507893780246376991271972656e+04  +1.2818587467196635770960710942745208740234e+04  -2.1717541723122876646812073886394500732422e+03
+1.3224655032506290808669291436672210693359e+04  +1.6733364331869870511582121253013610839844e+04  +3.3169269711515327799133956432342529296875e+04
-4.1480913777240118633926613256335258483887e+02  -7.1481886646632687188684940338134765625000e+04  +6.4853530724059538670189795084297657012939e+01
+3.0531764268050785915420419769361615180969e+01  +7.8992657982661175992689095437526702880859e+03  -2.1672088811271602025954052805900573730469e+04
+8.6985724224712932482361793518066406250000e+04  +4.5704425594303967955056577920913696289062e+04  +9.9085225087612907373113557696342468261719e+03
-1.7778949333169578039814950898289680480957e+03  +1.1915618836081497647683136165142059326172e+04  +2.6299327306670215875783469527959823608398e+03
+8.8938822429498432029504328966140747070312e+03  +1.2573673780405779325519688427448272705078e+04  +5.1636127271707609907025471329689025878906e+03
-1.7622478100204907241277396678924560546875e+05  -4.0733333603031409438699483871459960937500e+04  -1.2635926014835941896308213472366333007812e+05
+3.1623794988592753725242801010608673095703e+03  +4.6222534134670144112533307634294033050537e+02  +2.2584193370650737051619216799736022949219e+03
-2.4760146638752765284152701497077941894531e+04  +5.0682201661737351969350129365921020507812e+04  +1.5728222064355059046647511422634124755859e+03
-1.3950039555924144224263727664947509765625e+04  -1.3698567138940981749328784644603729248047e+04  +1.4466148857496489654295146465301513671875e+04
-4.4129862207591540936846286058425903320312e+03  +1.5733245833011640934273600578308105468750e+05  -7.9471984904456767253577709197998046875000e+03
-5.7302041301865001514670439064502716064453e+03  -3.2376360900813488115090876817703247070312e+04  -1.1213158555954915129859728040173649787903e+02
+2.8263809059864779555937275290489196777344e+04  +6.6102402686288478435017168521881103515625e+03  -9.9969161757122164999600499868392944335938e+03
-1.0739461585950086373486556112766265869141e+04  +1.1063192987357861056807450950145721435547e+04  +1.8723956165455331301927799358963966369629e+02
+1.9100839542394816817250102758407592773438e+04  +5.8625418130957732500974088907241821289062e+03  +1.5779644276547025583568029105663299560547e+04
-1.4520196106808078184258192777633666992188e+04  -2.5949637389372197503689676523208618164062e+04  -4.4442023531602826551534235477447509765625e+04
-1.8047788625347566267009824514389038085938e+04  +1.6957584880260459613054990768432617187500e+04  -1.3597637969318002433283254504203796386719e+04
-1.1818428061080983752617612481117248535156e+04  +1.8425176211518377385800704360008239746094e+04  +7.8371603941050416324287652969360351562500e+03
+6.9181523029359639622271060943603515625000e+04  -7.8536123582321146386675536632537841796875e+04  +6.5348099617218496860004961490631103515625e+04
+6.3794960081171717320103198289871215820312e+04  +3.5857446493757204734720289707183837890625e+04  +3.6459869519931977265514433383941650390625e+04
+2.3408885886446056247223168611526489257812e+04  -2.9827968704371742205694317817687988281250e+04  -9.9114245278797257924452424049377441406250e+04
+2.5403694656028774261358194053173065185547e+03  -4.7574017198363753777812235057353973388672e+03  +4.7158042711656016763299703598022460937500e+03
+2.5093417295920158949229517020285129547119e+02  -1.2667878944413750730291212676092982292175e+01  +2.4577250062060298319011053536087274551392e+02
-1.9881837662391876619949471205472946166992e+02  -1.2289927264807954543357482179999351501465e+03  +4.6837880895704074646346271038055419921875e+02
-1.3590117247123971537803299725055694580078e+03  -2.7269128924521959561388939619064331054688e+04  -8.2842060745724593289196491241455078125000e+03
+5.6171196081329908338375389575958251953125e+03  +9.1140310146407227875897660851478576660156e+02  +8.4684044569431134732440114021301269531250e+03
+1.4129988784142664371756836771965026855469e+04  +2.9074973272422936133807525038719177246094e+04  -7.5122364379401033147587440907955169677734e+03
+1.2129671912195235563558526337146759033203e+03  -2.4836910941624180850340053439140319824219e+04  -3.1955699985427010687999427318572998046875e+04
+3.6354416964574028270362759940326213836670e+01  +4.4257825093221044880920089781284332275391e+03  -1.5069804194554387777316151186823844909668e+02
-1.0967807354175451109767891466617584228516e+04  -1.1928519255929284554440528154373168945312e+04  +3.7655305007613096677232533693313598632812e+04
+5.1441266305548233503941446542739868164062e+03  +1.3646035056582297784188995137810707092285e+03  -3.9444823267923788989719469100236892700195e+02
-1.5016686669323008391074836254119873046875e+05  +7.1648662392336118500679731369018554687500e+04  +8.2500718026907328749075531959533691406250e+04
-3.8714371440442660059488844126462936401367e+03  +3.6002534556867096398491412401199340820312e+04  -2.4237859800323341914918273687362670898438e+04
+1.9063419347745766572188585996627807617188e+04  -1.3038919635925620241323485970497131347656e+04  -2.0088673528436913329642266035079956054688e+04
-6.5109516381293951781117357313632965087891e+03  -9.3010925166365686891367658972740173339844e+03  +2.3379720035521709178283344954252243041992e+03
+1.4603503216964507009834051132202148437500e+05  +3.6148924295965972123667597770690917968750e+05  +1.6114829176614587777294218540191650390625e+05
-1.7453002120770848705433309078216552734375e+04  -5.6401058445213880077062640339136123657227e+02  +6.0780949657748162280768156051635742187500e+04
-8.6609722904594139691880627651698887348175e+00  -3.8284034199508226947727962397038936614990e+01  -6.0129157510150132992521321284584701061249e-01
-7.6143479049839434082969091832637786865234e+03  -2.0243735316474947467213496565818786621094e+04  +3.4063119505798404134111478924751281738281e+03
+1.4386978998264870824641548097133636474609e+04  +2.4626823926503086113370954990386962890625e+04  -1.4702988464761574505246244370937347412109e+03
+3.1175478044994192714511882513761520385742e+03  +9.6497060644509125268086791038513183593750e+04  +3.5711566061434423318132758140563964843750e+04
-1.3027748205194481556645769160240888595581e+02  -2.8923597106330489623360335826873779296875e+03  -1.0308119772799116617534309625625610351562e+04
-1.5989868978809754480607807636260986328125e+04  +1.9845279814986773999407887458801269531250e+04  +3.0381389544801688316510990262031555175781e+04
+3.8196392404693965545448008924722671508789e+03  +3.1171755414420240413164719939231872558594e+03  -1.6039946291243202267651213333010673522949e+03
+5.5428962188380019142641685903072357177734e+03  -1.7325970846623231409466825425624847412109e+03  -8.5072780827524604774225736036896705627441e+02
-2.2494617399207956623286008834838867187500e+05  -2.6252846966032969066873192787170410156250e+05  +2.0468319850612521986477077007293701171875e+05
+1.6988720923647488234564661979675292968750e+04  +7.3918404987671337948995642364025115966797e+03  -1.2228107474489719606935977935791015625000e+04
-4.8899437927694407335366122424602508544922e+02  -5.0708610429258914109595934860408306121826e+02  +7.7204488958867591463786084204912185668945e+02
+1.4163039464915957069024443626403808593750e+05  -7.6083341277357940271031111478805541992188e+03  +1.7667479937597748357802629470825195312500e+05
-1.5909515235322542139329016208648681640625e+03  -4.2896398429290445619699312373995780944824e+02  +6.2068616242842460906103951856493949890137e+02
+6.0394425531502402009209617972373962402344e+03  +8.0576180771776807887363247573375701904297e+03  -6.5326524389976611928432248532772064208984e+03
-9.7930285726180983374433708377182483673096e+01  +5.4099662621140531371111137559637427330017e+01  -4.6210887674102477831183932721614837646484e+03
-6.9771590516282551106996834278106689453125e+04  -1.3214019115070684347301721572875976562500e+05  -6.9015713200909507577307522296905517578125e+04
+2.0826864445606395747745409607887268066406e+04  -8.7389021340459821658441796898841857910156e+03  -3.0182526567369197437074035406112670898438e+04
+1.7336984699956758413463830947875976562500e+05  -1.1830599830643278255593031644821166992188e+05  +1.8053949699194461572915315628051757812500e+05
-1.0532925660588091432146029546856880187988e+03  -4.0503804945518900240131188184022903442383e+03  -3.4330374418956239424005616456270217895508e+03
+4.8319656434857322892639786005020141601562e+04  -7.6822368349864394986070692539215087890625e+04  -6.9913473587871456402353942394256591796875e+04
+4.8913905231686054321471601724624633789062e+04  +8.0320582367268012603744864463806152343750e+04  -8.0000420238359540235251188278198242187500e+04
+9.0792347311441975762136280536651611328125e+04  -9.4394486787527930573560297489166259765625e+04  -4.4071028369069288601167500019073486328125e+04
-3.5762065225506303249858319759368896484375e+03  +2.7498110506370805524056777358055114746094e+04  -1.6729737830347054114099591970443725585938e+04
-2.3284608523978105949936434626579284667969e+04  -4.2729645937681569193955510854721069335938e+04  +1.6916937039325981459114700555801391601562e+04
+8.6601859180873943842016160488128662109375e+04  -3.9182856608094814873766154050827026367188e+04  -5.8761965661900430859532207250595092773438e+03
-1.0455118332707507943268865346908569335938e+05  +5.3755480315645778318867087364196777343750e+04  -7.0710638741401649895124137401580810546875e+04
+8.8475791273501436080550774931907653808594e+03  +1.1177076822287433969904668629169464111328e+04  -2.3340630557423478421696927398443222045898e+03
+1.1330508335549873663694597780704498291016e+04  -3.3531017150041792774572968482971191406250e+04  +2.3528266027950707211857661604881286621094e+04
-2.6635253599791540182195603847503662109375e+03  +3.4585707772800005841418169438838958740234e+03  +3.1022197275199400792189408093690872192383e+03
+5.1796380375488415666040964424610137939453e+03  -2.0168954589743207179708406329154968261719e+04  -7.4858779024878876953152939677238464355469e+03
-7.0106116030331279034726321697235107421875e+04  -5.8693919131902810477185994386672973632812e+04  +1.7226371238020063174189999699592590332031e+04
-2.4376534837968538340646773576736450195312e+04  +6.7215028512517565104644745588302612304688e+03  -5.7349384895531420625047758221626281738281e+02
-5.6398607062067003425909206271171569824219e+03  -2.4371310468545111689309123903512954711914e+03  +3.3564396735697337135206907987594604492188e+04
-2.3862665791655959765193983912467956542969e+04  -3.4072458509012969443574547767639160156250e+04  -7.9022950280274657416157424449920654296875e+04
-2.2760075917992955510271713137626647949219e+04  -2.4984006233320149476639926433563232421875e+04  -5.3518409027393736323574557900428771972656e+03
-4.9239814978330980466125765815377235412598e+02  +2.0987817040011123026488348841667175292969e+03  +2.8794143120070980330638121813535690307617e+03
-5.6049861973162314825458452105522155761719e+03  +2.0256235327321413933532312512397766113281e+04  -1.1267583749022898700786754488945007324219e+04
-3.1120561730884572170907631516456604003906e+04  -1.5598298844227433437481522560119628906250e+05  +3.6674099740432153339497745037078857421875e+04
+9.0678016551290147617692127823829650878906e+03  -4.4456239094469319752533920109272003173828e+03  +7.4222692234393733087927103042602539062500e+04
+3.9958226754721959878224879503250122070312e+04  -1.4013058525388446469150949269533157348633e+03  -3.0738505804760341561632230877876281738281e+04
+1.8648811445392624591477215290069580078125e+04  +1.5266211739808430138509720563888549804688e+04  +2.0538997806612929707625880837440490722656e+04
+8.2022388372547589824534952640533447265625e+04  +3.2121108362571183533873409032821655273438e+04  -4.6256973822901609310065396130084991455078e+03
+1.6655381509530372568406164646148681640625e+04  +1.0790376436913502402603626251220703125000e+05  -7.2475261212993791559711098670959472656250e+03
-2.1875756931975127372425049543380737304688e+04  +1.6263129567819178919307887554168701171875e+05  -3.2403650712860403473314363509416580200195e+03
+2.1207959260946666472591459751129150390625e+05  +1.2221946001149034418631345033645629882812e+05  +3.2737044703809497877955436706542968750000e+05
+1.8801628996883416675700573250651359558105e+03  -2.4616761924272832402493804693222045898438e+04  +1.1141509160912315564928576350212097167969e+04
+5.1043992679089707962702959775924682617188e+04  -5.6926157876771258088410831987857818603516e+03  +9.3611895658932524383999407291412353515625e+04
+1.8480308502179737843107432126998901367188e+04  +9.8863337073413946200162172317504882812500e+04  -5.9332194954700142261572182178497314453125e+04
-1.0807297147212637355551123619079589843750e+04  +1.2296876515342997663537971675395965576172e+04  -1.5370877018835975832189433276653289794922e+04
-9.4962426778440974885597825050354003906250e+04  +1.5949329267238077591173350811004638671875e+05  -5.0233668427354237064719200134277343750000e+05
+1.9789816704227618174627423286437988281250e+04  -2.3990876145374077168526127934455871582031e+04  +1.2584932950031886775832390412688255310059e+03
-1.3918888734012484201230108737945556640625e+05  -4.8432768004856610787101089954376220703125e+04  +2.7169355554906996985664591193199157714844e+04
+5.5279946520003948535304516553878784179688e+04  -9.0375197561640852654818445444107055664062e+03  -2.5089854550136344187194481492042541503906e+04
-4.1368409595129145600367337465286254882812e+04  +2.7993513660040192917222157120704650878906e+04  +1.2588143635824369994224980473518371582031e+04
+8.3010407656338281867647310718894004821777e+02  +1.0320340197518494278483558446168899536133e+03  +1.0477733800934755947764642769470810890198e+02
+3.3896829778853221796452999114990234375000e+04  +1.8581681192291880506672896444797515869141e+03  +5.4082610664017192902974784374237060546875e+04
-1.2267573574398444179678335785865783691406e+04  +3.9323735211127655929885804653167724609375e+04  -1.2547701425054019637173041701316833496094e+04
+3.2794155205760558601468801498413085937500e+04  -5.7143823568645027989987283945083618164062e+04  -5.7109132796305355441290885210037231445312e+04
-1.7531532230050866928650066256523132324219e+04  -3.0046749716889087721938267350196838378906e+04  +4.8214259644288373237941414117813110351562e+04
-1.9973995045518950064433738589286804199219e+04  +5.2413613396981068945024162530899047851562e+04  -3.3402716154113659285940229892730712890625e+04
-4.7675305292151031608227640390396118164062e+04  +1.1997635336383458707132376730442047119141e+04  -6.1023459549582301406189799308776855468750e+04
-2.1454587988169256277615204453468322753906e+04  -1.4703997253530465968651697039604187011719e+04  +6.8896777104270440759137272834777832031250e+03
+3.8016526307836041087284684181213378906250e+05  +1.8102845780877571087330579757690429687500e+05  +2.9685070673641032772138714790344238281250e+05
+5.6513760692348987504374235868453979492188e+04  +3.9126827979300200240686535835266113281250e+04  -1.8748055532813312311191111803054809570312e+04
-4.9377873084516329981852322816848754882812e+04  -1.0217487510141496386495418846607208251953e+04  +9.4849320472442384925670921802520751953125e+04
-3.3870437582618723126870463602244853973389e+02  +8.6525515009374100827699294313788414001465e+02  -4.9251655215823387834461755119264125823975e+02
-2.5333462301905938147683627903461456298828e+03  +5.0142660387390955293085426092147827148438e+04  -1.7295188241555086278822273015975952148438e+04
-4.0630284690587727709498722106218338012695e+03  +7.0243127699587594179320149123668670654297e+03  +9.3907331354794496292015537619590759277344e+03
-8.7879468600989930564537644386291503906250e+03  -1.0676833415995906761963851749897003173828e+04  -5.8872646886751062993425875902175903320312e+03
-4.4134838552374509163200855255126953125000e+04  +7.1514161538031999953091144561767578125000e+04  -5.7688897175711754243820905685424804687500e+04
-1.1310661766856385384016903117299079895020e+03  +1.1195102488985634408891201019287109375000e+04  +5.6290897413668717490509152412414550781250e+03
-7.3169654047150046949354873504489660263062e+01  +1.6716436319594031374435871839523315429688e+03  -4.6377438586533082798268878832459449768066e+02
-2.6998801761896465905010700225830078125000e+04  +1.4307071607985102673410438001155853271484e+04  +6.1496706649809657392324879765510559082031e+03
-4.2093031417936945217661559581756591796875e+03  -3.3242123684971047623548656702041625976562e+03  +3.0199034715895331828505732119083404541016e+03
+1.0465045743091712211025878787040710449219e+04  -1.2926406928594619785144459456205368041992e+03  +1.7847567135234887700789840891957283020020e+03
-1.1306604285179996622900944203138351440430e+03  -4.3537053862229487322110799141228199005127e+02  +5.5729902550446979603293584659695625305176e+02
-6.3029735892507433163700625300407409667969e+03  +3.8276866285001146934519056230783462524414e+03  -1.2448932969529671026975847780704498291016e+04
+4.3827324254346704037743620574474334716797e+03  +2.2202782480183195730205625295639038085938e+04  -8.9302717607513077382463961839675903320312e+03
+7.9648357738126025651581585407257080078125e+04  +2.8966236818508878059219568967819213867188e+04  -9.0293671028329335968010127544403076171875e+04
-8.3064684884485668590059503912925720214844e+03  -3.3806446212371515684935729950666427612305e+03  +1.4278087533686637470964342355728149414062e+04
-4.0110844956408000143710523843765258789062e+03  -1.5905360140349170251283794641494750976562e+04  +6.3807062254874999780440703034400939941406e+03
+6.6659923668421470210887491703033447265625e+04  -1.3015673614054077188484370708465576171875e+05  -1.2775130149332655491889454424381256103516e+04
-2.1459964408445426670368760824203491210938e+04  +2.5161742106952769972849637269973754882812e+04  -7.9341186085633798938943073153495788574219e+03
-2.8866412672076671151444315910339355468750e+05  +4.9675805357044147967826575040817260742188e+04  +1.0970258564006289816461503505706787109375e+05
+4.3852288415768322010990232229232788085938e+04  -3.6620100472091515257488936185836791992188e+04  +1.3870902699735985152074135839939117431641e+04
+2.0410954376729041541693732142448425292969e+04  -1.3800032416042042768822284415364265441895e+03  -7.0528013147488345566671341657638549804688e+03
+3.6134483985401684549287892878055572509766e+03  -1.0927557300364775073830969631671905517578e+04  +2.6289819570531202771235257387161254882812e+04
+3.6782462061122663499190821312367916107178e+02  -1.8538660941651701250521000474691390991211e+03  -5.1590137840591432905057445168495178222656e+02
+1.0067185463821947632823139429092407226562e+05  +1.6875347108551629935391247272491455078125e+05  -2.7994520640579419705318287014961242675781e+04
-1.9926121039337731781415641307830810546875e+05  +2.1533243227127633872441947460174560546875e+05  -6.1761639394431076652836054563522338867188e+04
+1.6310314243417706165928393602371215820312e+04  +2.1738963568774430314078927040100097656250e+04  +2.8042574500564260233659297227859497070312e+04
-3.4821870754353221855126321315765380859375e+04  +7.1138387980571615116787143051624298095703e+03  -2.8134383851696074998471885919570922851562e+04
+9.0785085213496386131737381219863891601562e+03  +2.0660121172853559983195737004280090332031e+03  -9.7191903701174908292159670963883399963379e+02
+9.0023087929295536468998761847615242004395e+02  +3.1777155903050248753061168827116489410400e+02  -8.1534945295330203407502267509698867797852e+02
