DirectForce: 61782; ParticleCell: 49561; NodesUsed: 466; NodesAvailable: 500; TimeLoad: 0.000125454; TimeUpward: 1.3061e-05; TimeForce: 0.00628364; TimeTotal: 0.00643261
1000

-3.2501365408674591890303418040275573730469e+03  -5.3272742903195548933581449091434478759766e+03  -1.9370299977673589637561235576868057250977e+03
-8.5971975670965328220063383923843502998352e+00  -2.0189021338092182134005270199850201606750e+01  +1.4165016096356561892122272183769382536411e+00
+3.5373895395041705569383339025080204010010e+02  -3.0814394956867892005902831442654132843018e+02  +2.8857173235083229201336507685482501983643e+02
+1.3907351350690726121683837845921516418457e+03  -8.4320147522195782130438601598143577575684e+02  +2.8948082792480358875764068216085433959961e+03
+2.1306641223737260588677600026130676269531e+03  -2.7651300805909922928549349308013916015625e+03  -1.2675644923519100757403066381812095642090e+03
+3.1478187691652838111622259020805358886719e+03  -2.3440864590186683926731348037719726562500e+03  -5.0231674728704929293598979711532592773438e+03
-8.4050883952897729614051058888435363769531e+03  -2.1349870855006085434979468118399381637573e+02  +5.5110882550027836259687319397926330566406e+03
-2.6130723066283767508366508991457521915436e+01  +7.8538024945135589405253995209932327270508e+01  +1.1024537493477419047849252820014953613281e+02
-6.2118320851256266905693337321281433105469e+03  -2.0835175470227823097957298159599304199219e+03  +3.9148304965295583315310068428516387939453e+03
+5.9789873033758695441974850837141275405884e+01  +5.8667396592099452234947420947719365358353e+00  -6.3106879627774198127099225530400872230530e+01
-3.3865934988081021401740144938230514526367e+03  +2.4570963790716680819059547502547502517700e+02  -1.9664660972367983049480244517326354980469e+03
+5.8002003906742529579787515103816986083984e+03  -1.3184512188227001843188190832734107971191e+03  -5.5904190920207861381641123443841934204102e+02
+2.6900202452620646909053903073072433471680e+03  -6.3196563125731436230125837028026580810547e+03  -3.2598201632090967905241996049880981445312e+03
-5.7727170704504544573865132406353950500488e+02  -3.2888475661456152465689228847622871398926e+02  -9.1670086637738256740703945979475975036621e+02
+3.8322221302480197664408478885889053344727e+03  -4.8177296966604717454174533486366271972656e+03  +1.8114418040881043907575076445937156677246e+03
-6.2717231099511957381764659658074378967285e+02  -1.2765702801088056617118127178400754928589e+02  +2.6366463664879574935184791684150695800781e+02
+2.7761038865256223289179615676403045654297e+03  +4.9690096061024141818052157759666442871094e+03  -5.4700636578627954804687760770320892333984e+03
-2.5673195872395169203628029208630323410034e+01  +4.3485263803787880476647842442616820335388e+01  +2.8692558401580466664881896576844155788422e+01
-5.8166122145580993674229830503463745117188e+03  +1.3287930230037457022262969985604286193848e+03  +3.6507921456449505058117210865020751953125e+04
-4.7438683350361048951526754535734653472900e+02  -1.9156972494652436580508947372436523437500e+03  +3.1596148728229236439801752567291259765625e+03
+2.8341772906000130660686409100890159606934e+02  +1.4894763884911587865644833073019981384277e+03  -2.1471131583830629097064957022666931152344e+03
-1.8678501302273730289016384631395339965820e+03  -1.7355656109779481539590051397681236267090e+03  -9.8518619094724192564171971753239631652832e+02
-1.2575184532248281357169616967439651489258e+03  +2.7154631149867992689905804581940174102783e+02  +6.4342378133583633825764991343021392822266e+03
+8.4674727925416175366990501061081886291504e+02  +1.4171319857952553888935653958469629287720e+02  -3.8345394322612588666743249632418155670166e+02
+3.7516695495817413075201329775154590606689e+02  +2.5207887205525594254140742123126983642578e+03  -1.9326466154001413997320923954248428344727e+03
-3.0029071481162268355546984821557998657227e+03  -8.8539001740569290177518269047141075134277e+02  +1.5003163784179830599896376952528953552246e+03
+1.4581427969048595514323096722364425659180e+03  -2.6935397312122981929860543459653854370117e+03  +2.3453687683446555638511199504137039184570e+03
+8.0587589989008838529116474092006683349609e+03  -3.1738354861873749541700817644596099853516e+03  -4.1227750245132565396488644182682037353516e+03
+5.7965807388193161386880092322826385498047e+02  -3.5384248965805595616984646767377853393555e+03  +6.6772811355379374731455754954367876052856e+01
+4.5924744507222749234642833471298217773438e+03  +7.3306853132572143749712267890572547912598e+02  +9.2711167640501753339776769280433654785156e+03
-7.8134404882432693284499691799283027648926e+02  +4.0716362671947026683483272790908813476562e+03  -2.3946614104813529593229759484529495239258e+03
-1.9008777670552987615337769966572523117065e+01  -1.3139289391066840835264883935451507568359e+03  +5.0696130351859022766802809201180934906006e+02
-3.7540128281569998591749026672914624214172e+01  +1.1213369959970023046480491757392883300781e+03  +1.3876459207455959585786331444978713989258e+03
+2.6906899444565107160087791271507740020752e+02  -6.6887754470896823022485477849841117858887e+01  -1.8040279233420329774162382818758487701416e+02
-9.9013754831189658034418243914842605590820e+02  -2.9921746689823789893125649541616439819336e+03  +4.1984395768486103861505398526787757873535e+02
+4.6022779762401150946971029043197631835938e+03  +7.3940784982546056198771111667156219482422e+03  +8.7963643601310268422821536660194396972656e+03
+7.6994875286802596292545786127448081970215e+02  -2.3036520344153136647946666926145553588867e+03  +7.4564036911313939981482690200209617614746e+02
-4.0540384731225772156903985887765884399414e+03  -3.8310082767085032173781655728816986083984e+02  +5.0663680853792675407021306455135345458984e+02
+5.0028245077705645371679565869271755218506e+02  +1.2616769321316673995170276612043380737305e+03  -1.3544418004641283914679661393165588378906e+03
-1.2691423125272111064987257122993469238281e+04  -2.1302468739151143381604924798011779785156e+04  +4.5309947651955271794577129185199737548828e+03
-6.3939054964548370207921834662556648254395e+02  -8.8213529255908269988140091300010681152344e+02  +3.7540464567622109370859107002615928649902e+02
+8.6160325743672558473917888477444648742676e+01  +3.3416686706425247166407643817365169525146e+02  +6.7411261980484596278984099626541137695312e+01
-3.5679420483750806170064606703817844390869e+02  -3.7863931827885903658170718699693679809570e+02  -1.4155365692877148831030353903770446777344e+03
+1.0563879900395209006092045456171035766602e+03  -2.5119644539754913239448796957731246948242e+03  +7.7893155973489802690323813294526189565659e+00
-1.3397181896354086347855627536773681640625e+04  +6.4360142760021299181971698999404907226562e+03  +1.6817918031394150602864101529121398925781e+04
+1.2735375429066201832029037177562713623047e+04  +4.3816853226687402639072388410568237304688e+04  -4.7074388458111214276868849992752075195312e+04
-3.2124605511624886275967583060264587402344e+03  -4.0796868193051631124035338871181011199951e+02  -8.7887443945062250350019894540309906005859e+02
+7.3051312404216014328994788229465484619141e+03  +1.4480007664316677619353868067264556884766e+04  +9.2044151124828076717676594853401184082031e+03
-8.9994095877209074387792497873306274414062e+03  +6.1529263658829921041615307331085205078125e+04  -4.5444539871693668828811496496200561523438e+03
-1.1016413467670367936079856008291244506836e+03  +8.7136684121258554114319849759340286254883e+00  +2.7894952151202592176559846848249435424805e+03
+6.8445598499563539007795043289661407470703e+03  +3.4225277981183961628630640916526317596436e+02  +4.0158127996348703163675963878631591796875e+03
+1.8736850270644310967327328398823738098145e+03  +3.5056735785437658705632202327251434326172e+03  -7.9293019333278652993612922728061676025391e+03
+3.8894494032309737008290539961308240890503e+01  -4.1429251522007807579939253628253936767578e+03  +8.5752696124251178844133391976356506347656e+02
-1.3052988391592117523032356984913349151611e+02  -1.9607016224657152747568034101277589797974e+02  -2.4341222805383310401339258532971143722534e+02
-2.9893332870542758428200613707304000854492e+02  -1.3634451147163986206578556448221206665039e+02  -8.3146657971216484384058276191353797912598e+02
+2.2949167444794766197446733713150024414062e+03  +3.0865695628112616759608499705791473388672e+03  +1.0421062795928494324471103027462959289551e+03
-8.7666171510988044701662147417664527893066e+02  +8.2209710755573553342401282861828804016113e+01  -7.2330566131033640431269304826855659484863e+02
-1.3383897857728948110889177769422531127930e+03  -5.2320186926076721647405065596103668212891e+03  -1.5525183833165467603976139798760414123535e+03
+3.8440476561518320522736757993698120117188e+04  +6.5980351374252302321110619232058525085449e+02  +2.2749491436524345999714569188654422760010e+02
-8.5252270511708738922607153654098510742188e+03  +5.8568504058220896695274859666824340820312e+03  -2.7612287563792022410780191421508789062500e+04
+4.1948080038810637404367298586294054985046e+01  -5.9288890829172362373356008902192115783691e+02  +1.4473352801267380982608301565051078796387e+03
+1.1708822578722706566622946411371231079102e+03  -2.2831942612917614496836904436349868774414e+03  +6.8967818639752476883586496114730834960938e+03
-6.0546613368165401425358140841126441955566e+02  -1.9008062530137698331600404344499111175537e+02  +3.7130529583666253756746300496160984039307e+02
+2.9148062151831862820472451858222484588623e+02  -5.0215563294383764514350332319736480712891e+02  -2.5736196976752285081602167338132858276367e+02
-4.3193533390912193681288044899702072143555e+02  -1.2882185423114356126461643725633621215820e+02  -1.7142355030246807956473276135511696338654e+01
+9.2695037477852620213525369763374328613281e+03  +2.7926335316883279347166535444557666778564e+02  +7.3991483067036688225925900042057037353516e+03
+1.7488977263415192282991483807563781738281e+04  +3.8302347726886506507071317173540592193604e+02  +5.4849136882835709911887533962726593017578e+03
-2.9266203175487703447288367897272109985352e+03  +3.9808065859267884434302686713635921478271e+02  +2.9483520601207083018380217254161834716797e+03
-1.9331030310433518025092780590057373046875e+05  +3.1668764289624278899282217025756835937500e+05  +1.3020312202925261226482689380645751953125e+05
+1.9366685779595649364637210965156555175781e+04  -1.6337843694253967896656831726431846618652e+03  -1.6803084606999153038486838340759277343750e+04
-8.4367854837577880289245513267815113067627e+01  -8.2969534155220262618968263268470764160156e+03  -4.1875867978873329775524325668811798095703e+03
+9.9751148436884432157967239618301391601562e+02  +1.9505849171640002168715000152587890625000e+03  -2.2468005925075278383928889525122940540314e+01
-6.7255288446922077127965167164802551269531e+03  -4.0434457186263858829988748766481876373291e+02  -5.0595564479240201762877404689788818359375e+03
-2.5997729962211592464882414788007736206055e+03  +4.1437279130013794201659038662910461425781e+03  +1.8103387448923811462009325623512268066406e+04
-4.8599150246516865081503055989742279052734e+02  +9.6828067315762055500272253993898630142212e+01  +4.0070143030931632210922543890774250030518e+02
+1.8008697150103034800849854946136474609375e+02  +2.0734612337826174552901647984981536865234e+03  +3.5615565349595558473083656281232833862305e+03
+6.4622299868334557686466723680496215820312e+03  -3.7640481944693233344878535717725753784180e+03  -4.0483204314034678645839449018239974975586e+03
+2.1178344901199393461865838617086410522461e+03  +1.5635100229913814473547972738742828369141e+03  -3.3394551695493514671397861093282699584961e+03
-1.4290683030053403967940539587289094924927e+02  -1.8356006012684915162935794796794652938843e+02  +7.5649872614548053206817712634801864624023e+02
+2.0084099562505537051038118079304695129395e+02  +5.7735007143985865241120336577296257019043e+02  -2.3153518987273969287343788892030715942383e+03
+2.7328885974741283462208230048418045043945e+03  -5.5838596714770746984868310391902923583984e+03  +4.7598566867677027403260581195354461669922e+03
-4.6132056488255075237248092889785766601562e+03  +1.2916907938074823505303356796503067016602e+03  -2.1160934858698655602893268223851919174194e+02
+3.8900698388904623925554915331304073333740e+02  -2.9447001383538713525922503322362899780273e+03  -4.7518095786870917436317540705204010009766e+03
-2.2185925015821853776287753134965896606445e+03  -5.7157430167905613416223786771297454833984e+03  +2.2555077547506043629255145788192749023438e+03
+1.6134481458945462151177707710303366184235e+01  +9.4419566665997393783982261084020137786865e+01  +8.8890512486157632565664243884384632110596e+01
-1.5605821834486088839355488744331523776054e+00  -2.2830374373474512594839325174689292907715e+01  -9.2943616977495906894546351395547389984131e+01
+4.5468359917126332447878667153418064117432e+02  +5.7471430554093224429834663169458508491516e+01  +9.1881423506872849316096107941120862960815e+01
-5.3400474986024182726396247744560241699219e+03  +2.6690068221819150494411587715148925781250e+04  -1.8178061273838073248043656349182128906250e+04
-8.6417461810952502787586126942187547683716e+01  -2.4218541019260629809650708921253681182861e+02  -2.6209796721385500859469175338745117187500e+03
-1.1049113410061430840869434177875518798828e+04  +8.3716896374843800003873184323310852050781e+03  +2.4414367190916666004341095685958862304688e+04
-6.7064161397464985725491715129464864730835e+01  -4.3859818876877088769106194376945495605469e+03  +1.7955020130460679865791462361812591552734e+03
+1.5366931441199035361933056265115737915039e+03  -2.7741996076453483510704245418310165405273e+02  -1.1184844681056363242532825097441673278809e+03
+5.9425873025453839204601536039263010025024e+01  -3.4868150936995380106964148581027984619141e+03  -2.3469777010187171981669962406158447265625e+03
+1.0969868289113892387831583619117736816406e+03  +4.6140842677886104183926363475620746612549e+02  +6.8470874043784779132693074643611907958984e+03
+3.5768232705631853605154901742935180664062e+03  -3.0248540399212060947320424020290374755859e+03  +5.8136358790207959827966988086700439453125e+03
-1.0787925197645344610464235302060842514038e+02  +7.6650759868595423895953899773303419351578e+00  +4.5498645909101031747923116199672222137451e+02
+9.7546790762535897556517738848924636840820e+02  +2.5262756525704062369186431169509887695312e+03  -2.7071245442786384955979883670806884765625e+03
-5.8614028148405715512581082293763756752014e+01  +1.7697540626393116980352715472690761089325e+01  +9.2923489869533156593206513207405805587769e+01
+2.4875445392037905548932030797004699707031e+04  -1.4302760946936956315767019987106323242188e+04  -6.1375808086507022380828857421875000000000e+04
-2.8063416424610029935138300061225891113281e+04  +5.4625804277180752251297235488891601562500e+04  -7.2764176965491147711873054504394531250000e+04
-2.5926236892151237043435685336589813232422e+03  +8.8488611509632141860492993146181106567383e+02  -4.1153969033790406228945357725024223327637e+02
-9.6039381346535890315863071009516716003418e+02  -4.8422302936866899472079239785671234130859e+03  -2.3198521162200909202510956674814224243164e+03
-6.9618473450584288002573885023593902587891e+03  -2.5362789040872262376069556921720504760742e+03  -1.0720759403155908273674867814406752586365e+02
-1.8101040522068769860197789967060089111328e+03  +1.6951104677544301466696197167038917541504e+03  +1.0787898996029589397949166595935821533203e+03
+1.4744568571989600513916229829192161560059e+03  -1.4909742058097108383662998676300048828125e+03  +2.2578471066630581844947300851345062255859e+03
-8.2423500101814477147854631766676902770996e+02  -1.9931520144440196418145205825567245483398e+03  -5.4933440079662852895125979557633399963379e+02
-3.2078603625798305074567906558513641357422e+03  +2.2866827327126316049543675035238265991211e+03  -6.5243659922641620596550637856125831604004e+02
+1.5456641100601093512523220852017402648926e+03  +7.6562063793770721531473100185394287109375e+02  -3.6732395838828533669584430754184722900391e+03
+7.9645808561643877965252613648772239685059e+02  +5.8864376100909123579185688868165016174316e+02  +5.9965777726738360797753557562828063964844e+02
-1.6426604253376706310518784448504447937012e+02  +2.3409797793661368814355228096246719360352e+02  -1.2542945240188743127873749472200870513916e+02
+1.6734926941636430797188950236886739730835e+02  +7.3786066626660428369177679996937513351440e+01  +1.5510178320649347938342543784528970718384e+02
+6.7411467654931184370070695877075195312500e+03  +2.9682544337773651932366192340850830078125e+03  -4.0911339166956204280722886323928833007812e+03
+3.5125092357106814233702607452869415283203e+03  +7.8428469395566535240504890680313110351562e+03  -3.3954242418099835276734665967524051666260e+02
-6.2108110922245477922842837870121002197266e+03  +9.1937501473404681746615096926689147949219e+03  -1.2510918062992448540171608328819274902344e+04
-1.0866878672851523788267513737082481384277e+03  +1.9522482279521166219637962058186531066895e+03  -3.3917045731319931292091496288776397705078e+03
-1.0658963076729638487449847161769866943359e+04  +3.3976582107077126693184254691004753112793e+02  -4.6172127835743913237820379436016082763672e+03
+1.6535425775397874531336128711700439453125e+04  +5.6670182308137418658589012920856475830078e+03  +1.0812960285574896261096000671386718750000e+04
-8.1112471344413120277749840170145034790039e+02  +5.2575278514828494280664017423987388610840e+02  -1.8215618596764807080035097897052764892578e+02
-1.4110621167431864364516513887792825698853e+02  -5.7821740254337885289714904502034187316895e+02  -5.2294371536943924638762837275862693786621e+02
+2.9115173765542213004664517939090728759766e+03  +4.8032153272418045162339694797992706298828e+03  +3.6792581164206085304613225162029266357422e+03
+7.6497094760504196528927423059940338134766e+03  -2.9207699805045112952939234673976898193359e+03  +3.4925465292510825747740454971790313720703e+03
+2.6996448668028297834098339080810546875000e+05  +7.4143390645952924387529492378234863281250e+04  +6.2539273784221244568470865488052368164062e+04
+5.1581738033377348529029404744505882263184e+02  -6.7100534638716790141188539564609527587891e+03  -3.4726335999484745116205886006355285644531e+03
-7.6904568553775447981024626642465591430664e+02  -2.7677482937929261197496089152991771697998e+02  +4.9646485122415879231994040310382843017578e+02
+2.4577312792092243398656137287616729736328e+03  -5.3003004299814765545306727290153503417969e+03  -2.1616255670413520419970154762268066406250e+03
+3.3822723141801310475784703157842159271240e+02  +6.5724673789630196552025154232978820800781e+02  -1.5644195029687830356124322861433029174805e+02
-1.5305869276587709464365616440773010253906e+04  -1.1707118838470843911636620759963989257812e+04  -4.0252506460168824560241773724555969238281e+03
+5.2064034911135668153292499482631683349609e+03  -4.8809849049482187410831102170050144195557e+02  +9.5399323051130595558788627386093139648438e+03
-9.6850305812589955166913568973541259765625e+04  +1.8500241882134851766750216484069824218750e+05  -6.3693260571332786639686673879623413085938e+04
-1.6872511690711963456124067306518554687500e+05  +8.9638753398846092750318348407745361328125e+03  -6.4121370483897866506595164537429809570312e+04
-2.5563635633970034177764318883419036865234e+03  -1.6814760976087086419283878058195114135742e+03  +2.8168850399753330293606268242001533508301e+02
+9.4399829467302133707562461495399475097656e+03  -1.5530777927452370931860059499740600585938e+04  +1.5698856290179558072850340977311134338379e+03
-2.8589961554932986473431810736656188964844e+04  +4.4787176765235977654810994863510131835938e+04  +6.7984749026940145995467901229858398437500e+04
-2.6044384037133920628548366948962211608887e+02  +8.4678680491332340807275613769888877868652e+02  -3.7252634583889010855273227207362651824951e+02
-1.0197530895980862624128349125385284423828e+04  +1.2549628093322253334918059408664703369141e+04  +1.5384131187515595229342579841613769531250e+04
-3.6405779424847951304400339722633361816406e+03  +1.4888055715338262530167412478476762771606e+02  -1.2678154009131435486779082566499710083008e+03
-4.1568412650373929864144884049892425537109e+03  -3.3885253989630036812741309404373168945312e+03  +2.0251898493492067245824728161096572875977e+03
-2.1824880382958584959851577877998352050781e+04  +5.3587663852898323966655880212783813476562e+04  +4.2537945860267049283720552921295166015625e+04
-8.1084815072112542111426591873168945312500e+02  +9.6372149503063121755985775962471961975098e+02  -2.5661573055227154327440075576305389404297e+03
-4.3772411512913174647110281512141227722168e+02  +1.5490161002001580072828801348805427551270e+03  -6.0025386339718997987802140414714813232422e+03
-1.1232475789612726657651364803314208984375e+03  +1.3330855873385021936883276794105768203735e+02  +8.0386207888941143551164714153856039047241e+01
-8.6803993044416693010134622454643249511719e+03  -5.5270768138569803795689949765801429748535e+02  -1.2729183319717336416942998766899108886719e+04
-1.9033273678690497035859152674674987792969e+04  -3.4478284348479370237328112125396728515625e+04  +5.8397414090908987418515607714653015136719e+03
-2.7906757879876959123066626489162445068359e+03  -1.3898565368615395527740474790334701538086e+03  -1.1737881932471793788863578811287879943848e+03
+1.7823549668498361597812618128955364227295e+02  +5.4650308120739273363142274320125579833984e+03  +1.0396719052816279145190492272377014160156e+03
-6.4672219034304389424505643546581268310547e+03  +1.1297579075008754443842917680740356445312e+04  +1.1325608422298955701990053057670593261719e+04
-5.6696472583484219285310246050357818603516e+03  -6.6165856546046761650359258055686950683594e+03  +8.4619041474113801086787134408950805664062e+03
-4.8440341869224494075751863420009613037109e+03  +3.8542638675304297066759318113327026367188e+03  -1.5711932150053760324226459488272666931152e+03
-1.0691263648674016621953342109918594360352e+03  +9.5477217412764923665235983207821846008301e+02  -1.2739604108891796840907773002982139587402e+03
-8.0389482754959021804097574204206466674805e+02  +2.8093918032559770381340058520436286926270e+02  +3.1725671810855322974020964466035366058350e+02
+8.8864112862463352939812466502189636230469e+03  -1.4045344301062532395008020102977752685547e+03  +6.3931785774883901467546820640563964843750e+03
-5.0741714524549761335947550833225250244141e+03  -6.1667230482829700122238136827945709228516e+03  +1.4999647416722602883965009823441505432129e+03
+3.7676819951781653799116611480712890625000e+04  -2.3672899193857065256452187895774841308594e+03  +1.2987011592380627917009405791759490966797e+04
+6.3627843928684023921960033476352691650391e+02  +1.1993720849748432044634682824835181236267e+02  +1.0209201941327673921477980911731719970703e+03
-1.7778162330261263690545092686079442501068e+01  -1.6745907010278858706442406401038169860840e+03  +2.4177186621214511319521989207714796066284e+02
-2.7682200861151005710780736990272998809814e+02  -4.2477752409758909379888791590929031372070e+02  +2.0683732812488443641996127553284168243408e+02
-4.3523582422361050703329965472221374511719e+03  +4.2616139930260897017433308064937591552734e+02  +7.7573897714589304541732417419552803039551e+02
+7.9677177472883772679779212921857833862305e+02  -2.4388871184325516878743655979633331298828e+03  -1.0023055730469157424522563815116882324219e+04
-5.6398520280203101151528244372457265853882e+01  -1.2332970431939212119232252007350325584412e+02  -8.9316619718229119939678639639168977737427e+01
-2.3405485909465010507801707717590034008026e+01  -2.4540760853831191212748308316804468631744e+01  +8.5040189305493356641818536445498466491699e+00
-1.2754250164513960896783828502520918846130e+02  -7.7273650333690932257013628259301185607910e+02  -5.1591668920192728364781942218542098999023e+02
-5.4681025898594152749865315854549407958984e+03  +3.3562653860799005087756086140871047973633e+03  +2.7486205090159846804453991353511810302734e+03
-4.6273904370262238217037520371377468109131e+02  -7.6890013901605777846270939335227012634277e+02  -7.2785835620328623463137773796916007995605e+02
+1.8143468392728607341268798336386680603027e+01  +9.1553214088393897185369496583007276058197e+00  -1.0949562113306157584702305030077695846558e+01
+4.8425394720997946933493949472904205322266e+03  +2.2728202658512223024445120245218276977539e+03  -6.2148007698773708398221060633659362792969e+03
+2.0726780314520910906139761209487915039062e+03  +7.6575524831024722516303882002830505371094e+02  -3.0948164831477179177454672753810882568359e+03
+1.6414175376560160657390952110290527343750e+03  +1.9841638077186462396639399230480194091797e+02  -3.4281141281120778785407310351729393005371e+02
-3.3402775997275366535177454352378845214844e+03  +1.2435906351966530110075837001204490661621e+03  +1.6305561024403409646765794605016708374023e+03
+2.3625217105016494656410941388458013534546e+02  +7.4198405011089914751210017129778861999512e+02  +2.2717700093190421739564044401049613952637e+02
-2.4315986224403116011671954765915870666504e+02  -2.0150476981992898117823642678558826446533e+02  -2.4922223596277245150076851132325828075409e+01
-1.0742675839778063107132766162976622581482e+02  +1.3809594239395025851990794762969017028809e+03  -2.8804826696206669112143572419881820678711e+02
-7.8568546805857533854577923193573951721191e+02  -1.0115572976882799594022799283266067504883e+02  +1.3292180463921252453474153298884630203247e+02
+2.1264676445519060621336393523961305618286e+02  +1.1911882261439095032073964830487966537476e+02  +2.6084140263894347810946783283725380897522e+01
-1.2513846937053642704995581880211830139160e+03  -7.0129377679355479813239071518182754516602e+02  -4.7101040570040163402154576033353805541992e+02
-1.9014238007419701261824229732155799865723e+03  +1.7369264993921115092234686017036437988281e+04  +1.1826198059252625171211548149585723876953e+04
+9.1952980297949015948688611388206481933594e+03  -1.3376161158008644633810035884380340576172e+03  -5.7996353798469190223840996623039245605469e+03
+1.7486629775929264951628283597528934478760e+02  -1.3283741088506924370449269190430641174316e+03  -9.1396992068009421927854418754577636718750e+02
+1.3234947828289425615366781130433082580566e+03  +4.2847551526309803193726111203432083129883e+02  -1.4125728027109553295304067432880401611328e+03
-1.1457882821320990842650644481182098388672e+03  +2.0620183024914362590607197489589452743530e+02  -3.0580691475882923668905277736485004425049e+02
+9.7704120241400232771411538124084472656250e+01  -1.0298642137904522542157792486250400543213e+02  -1.2397369383810890042241226183250546455383e+02
-1.7255823346458793565716405282728374004364e+01  -5.0440831200823410540579061489552259445190e+01  -1.1620894738482625996311980998143553733826e+02
-2.8459365866472426205291412770748138427734e+03  +3.8389969839696796043426729738712310791016e+03  -1.8052957934777246009616646915674209594727e+03
+1.5288463216669101711886469274759292602539e+03  +2.8019942922215420821885345503687858581543e+02  -1.1211790680802538190619088709354400634766e+04
-1.0231997154061891706078313291072845458984e+04  -1.0112868311383513173495884984731674194336e+03  -1.3969609282211664321948774158954620361328e+04
+1.0700737787301884964108467102050781250000e+04  +7.3685215852724222713732160627841949462891e+03  -8.9980173638141206993168452754616737365723e+02
+1.6956412476603025424992665648460388183594e+04  +2.5654987669190628366777673363685607910156e+04  +4.2126856094571448920760303735733032226562e+04
-1.0933229617841732306260382756590843200684e+03  +4.4625933851219226198736578226089477539062e+04  +9.8659708205121205537579953670501708984375e+03
+3.2092089109712355821102391928434371948242e+02  -2.2174181779258237838803324848413467407227e+03  +6.5843423808244824613211676478385925292969e+03
-5.1273770047025220719660865142941474914551e+02  -2.2438834038979471188213210552930831909180e+03  -4.7586067663498863566928775981068611145020e+02
+3.4832844377495464868843555450439453125000e+05  -4.4015717540277262742165476083755493164062e+04  -2.9588446346382486808579415082931518554688e+04
+2.2298499041536140907737717498093843460083e+02  +9.3276647387911748410260770469903945922852e+02  +1.7110216952943267187947640195488929748535e+03
+1.4217469839549091830122051760554313659668e+03  +4.0146124067024456962826661765575408935547e+03  +3.6133942378741248830920085310935974121094e+03
+1.0101603186435186216840520501136779785156e+04  -1.9568007780717573496076511219143867492676e+02  -1.0244253065433158553787507116794586181641e+04
-9.0814858975534461933420971035957336425781e+03  -2.0432142317767287750029936432838439941406e+04  -5.4553388792601454042596742510795593261719e+03
+1.0266657320699965930543839931488037109375e+05  +1.6617892364083669963292777538299560546875e+05  +2.1188495487889106152579188346862792968750e+05
+1.0081037268644691948793479241430759429932e+03  -1.3543975843476075624494114890694618225098e+03  -3.0812384599409547263348940759897232055664e+03
+3.0792022541001830404638894833624362945557e+02  +1.8562036575326892489101737737655639648438e+03  -3.2007395354677032628387678414583206176758e+02
-5.1176729803670340857024712022393941879272e+01  -1.6356818782985932614337798440828919410706e+01  -1.7889940789518595920526422560214996337891e+02
+3.9017044456687931415217462927103042602539e+03  +3.3683769113174294034251943230628967285156e+03  -1.1094866621655764902243390679359436035156e+03
+4.3673777486947787110693752765655517578125e+04  +8.1145193484057845125789754092693328857422e+03  -5.9260309916479112871456891298294067382812e+04
+6.0882947109148717572679743170738220214844e+03  -9.1618827757193648722022771835327148437500e+03  -4.5053037457558241385413566604256629943848e+02
-6.7107613152692772473528748378157615661621e+02  +3.6759255459543505821784492582082748413086e+03  -5.2871592145807562701520510017871856689453e+02
-4.7533320286788348312256857752799987792969e+03  -2.3678523186325883216341026127338409423828e+03  -1.2730422419427375189115991815924644470215e+03
+3.9807912975703493430046364665031433105469e+03  +1.4713469791192557750036939978599548339844e+04  -9.9881372256453178124502301216125488281250e+03
+1.1349648992982540676166536286473274230957e+03  +2.1287796372392954253882635384798049926758e+03  +5.1577286142700188520393567159771919250488e+02
+2.7452827554883356242498848587274551391602e+03  +1.7223603097557734145084396004676818847656e+03  +3.0124604380815429749418399296700954437256e+02
-1.7222871779224797137430869042873382568359e+03  +1.4533178497534603934582264628261327743530e+02  -2.3861369094945266624563373625278472900391e+03
-5.9589333530490664614376328245270997285843e+00  -4.9707598320702331307074928190559148788452e+01  +3.3927373540750579650193685665726661682129e+01
-6.8166798684344689718273002654314041137695e+02  +2.7424086995609877703827805817127227783203e+03  +8.3485060503189004066371126100420951843262e+02
-3.1618280542994398274458944797515869140625e+02  +4.2677625328362191794440150260925292968750e+03  +4.0008104799349889617587905377149581909180e+03
+3.8186049002556501363869756460189819335938e+02  -1.7609207980519406646635616198182106018066e+03  -8.2796781977561295207124203443527221679688e+02
+4.5157662230123116842150921002030372619629e+02  +9.1646489814602182377711869776248931884766e+02  -5.6377479916170830165356164798140525817871e+02
+2.7565160869678383193104309611953794956207e+01  -8.7102753527019075363568845205008983612061e+01  +1.5466918692076139230096032406436279416084e+00
+4.1630746470809699530946090817451477050781e+03  -5.7459972639956167768104933202266693115234e+03  +1.7361117399246081731689628213644027709961e+03
+4.6365346780342842976097017526626586914062e+03  -5.0242567870856993295092252083122730255127e+02  +1.1603034321198565521626733243465423583984e+03
-1.8089126122651069294988701585680246353149e+02  +1.8109531170021352863841457292437553405762e+02  -3.5303934108694363658287329599261283874512e+02
-1.6916268842768186004832386970520019531250e+04  +2.4909362905640928147477097809314727783203e+03  +9.4872458936164491660747444257140159606934e+02
-3.1310936032148074446013197302818298339844e+03  +1.4163036674089123607700457796454429626465e+03  -2.0877718166066579215112142264842987060547e+03
+7.3647019649008473152207443490624427795410e+02  +1.7086065189608191303705098107457160949707e+03  +9.8620243470720015466213226318359375000000e+02
+1.9279969466743904149552690796554088592529e+02  +1.2542743689180031196883646771311759948730e+02  +1.9252447796837920179768843809142708778381e+01
+4.8328868003011320979567244648933410644531e+03  -9.7015862363865453517064452171325683593750e+03  -1.3385365416849804205412510782480239868164e+03
+1.3098454492302666949399281293153762817383e+03  -4.2035645010497728435439057648181915283203e+03  +2.1742232086841354430362116545438766479492e+03
-9.8527199554832307626384135801345109939575e+00  +3.5331301912228596506793110165745019912720e+01  +1.1202423570156616605686394905205816030502e+01
+1.9954637374677884508855640888214111328125e+04  -2.3897568589907223213231191039085388183594e+03  +9.3291629132134621613658964633941650390625e+03
-1.0965753138828297960571944713592529296875e+05  -5.9348294523273056256584823131561279296875e+04  +4.1125482249001949094235897064208984375000e+05
-7.8173761627989040334796300157904624938965e+02  +5.0121046954431258200202137231826782226562e+03  -6.1031648066820898748119361698627471923828e+03
-6.1446230725096165770082734525203704833984e+03  +5.0353621633300497251184424385428428649902e+02  +8.2508545787846978782908990979194641113281e+03
-7.2518372763340181563762598671019077301025e+01  -2.1632512839430108897431637160480022430420e+02  +1.3759505123190473341310280375182628631592e+02
+1.1542523748676065953322478208065149374306e-01  -1.1285195139113989526435943844262510538101e+01  -4.4751841797448115300994686549529433250427e+01
+1.4883417076913658092962577939033508300781e+04  +5.0832548228717159872758202254772186279297e+03  -2.0536516473539275466464459896087646484375e+04
+1.2684120052628519260906614363193511962891e+04  -2.6187346359685429888486396521329879760742e+03  +3.7146580994450309844978619366884231567383e+03
+7.1804176301328652698430232703685760498047e+03  +1.0288097156740236641780938953161239624023e+03  +5.7529547378417855725274421274662017822266e+03
+1.4864434344508993035560706630349159240723e+03  +7.2100935805982062447583302855491638183594e+03  -4.2361428160496607233653776347637176513672e+03
-8.5730182069485692863963777199387550354004e+02  +2.5739266844046783262456301599740982055664e+03  +1.4115935213368640688713639974594116210938e+04
+1.0839490845711330621270462870597839355469e+04  +5.4951451993847713310969993472099304199219e+03  -2.3891691995612704886298161000013351440430e+03
+7.3699496076005038958101067692041397094727e+02  -6.6018114779781615197862265631556510925293e+02  +2.1119370157588996335107367485761642456055e+03
-1.6782272865056520458892919123172760009766e+03  -1.2197835044560153619386255741119384765625e+04  -7.0064835315646523667965084314346313476562e+03
+4.3821783159858154022003873251378536224365e+02  -3.2520905560897199393366463482379913330078e+02  -2.2285394556084752366587053984403610229492e+03
+7.8218384819561633776174858212471008300781e+03  -5.1331702311993994953809306025505065917969e+03  -9.8068017313209766143700107932090759277344e+03
+4.6543990407415549270808696746826171875000e+04  -1.2130778683033154811710119247436523437500e+05  +1.0968858435512401047162711620330810546875e+05
+2.9463402131425505103834439069032669067383e+02  +2.5744684882666120984140434302389621734619e+02  +1.0300354404953880305129132466390728950500e+02
+1.3409695056756048003876458096783608198166e+01  -1.1294436626109245480620302259922027587891e+02  -5.3188805334444545280803140485659241676331e+01
-6.9530647640298466285457834601402282714844e+03  -8.7257687369929353735642507672309875488281e+03  +4.6885045040508694000891409814357757568359e+03
+3.5146520354018452962918672710657119750977e+03  +1.0060631770731810320285148918628692626953e+04  -1.8690412920267963272635824978351593017578e+03
+1.5323348927729457500390708446502685546875e+03  -2.1094633315106980262498836964368820190430e+03  +2.8961246988158545718761160969734191894531e+03
-1.2220440328821680395776638761162757873535e+03  -4.2348801842603637624051771126687526702881e+02  -8.9667927489498197246575728058815002441406e+02
+1.9983832139611254206101875752210617065430e+03  -3.8698620080256523579009808599948883056641e+03  +1.2816354255706175990781048312783241271973e+03
-4.3055388190102776206913404166698455810547e+03  -1.8733674884300892244937131181359291076660e+03  +4.9979934390751041064504534006118774414062e+03
+6.3383682706337804120266810059547424316406e+03  +9.3153682862562563968822360038757324218750e+03  +4.2555232385964527566102333366870880126953e+03
-3.7465288197080284589901566505432128906250e+05  +5.2170877789749378280248492956161499023438e+04  +3.1254634377988790220115333795547485351562e+04
+3.8756207789019316578560392372310161590576e+02  +3.5821889955539671746009844355285167694092e+02  +5.3768780336423105836729519069194793701172e+02
-6.1734449334252235530584584921598434448242e+02  +1.4739368261276151628180741681717336177826e+01  +1.5446336552770658272493164986371994018555e+03
+6.1156472697025805018711253069341182708740e+01  -3.7253943411060184587313415249809622764587e+01  +1.8062646165793933050736086443066596984863e+02
-3.9847940317037154045465285889804363250732e+02  +1.1454759254884360416326671838760375976562e+04  +6.1282171176111487511661835014820098876953e+03
+3.3860941636145362281240522861480712890625e+03  +3.4103562375405488182877888903021812438965e+02  +1.3188741913618860053247772157192230224609e+03
-3.6586668709274381399154663085937500000000e+03  -3.2760162378136787992843892425298690795898e+03  -3.5949516854630460329644847661256790161133e+03
-5.5783014905396021276828832924365997314453e+02  -4.8981606975670392785104922950267791748047e+03  -1.3392864134900473800371401011943817138672e+03
-1.6092101578550809790613129734992980957031e+03  +9.2129572757009850647591520100831985473633e+02  -1.1065914933964611464034533128142356872559e+03
+1.0146279849168880900833755731582641601562e+04  -4.8299197585836800783454236807301640510559e+01  +7.0298501090014424335095100104808807373047e+03
+5.8251100250084718936705030500888824462891e+03  -2.3035626511551536168553866446018218994141e+03  -5.6783867380268657143460586667060852050781e+02
-5.1906796523326611350057646632194519042969e+03  -3.4840069255092188541311770677566528320312e+04  +2.8428200442048364493530243635177612304688e+03
-9.2173606401206313876173226162791252136230e+01  -1.3349174994894889323404640890657901763916e+02  -1.7209216612819429315095476340502500534058e+02
+2.0321772988495655454244115389883518218994e+02  +1.9000308636559668684640200808644294738770e+03  -8.5438188557820467394776642322540283203125e+02
+9.9668353372946944546129088848829269409180e+02  +3.5667766994274575154122430831193923950195e+02  +1.1806564906634844192012678831815719604492e+03
+1.6441107527402866253396496176719665527344e+04  +1.5525581396785984907182864844799041748047e+04  +1.9375134387689759023487567901611328125000e+04
+2.8877876462463450479845050722360610961914e+02  +7.2322292786840463918451860081404447555542e+01  +4.8015167362918037952113081701099872589111e+02
+1.2112301359592294147660140879452228546143e+02  +5.2860856564751725272799376398324966430664e+02  -3.7336424088592622183568892069160938262939e+02
+3.2946134879625242319889366626739501953125e+02  -1.7647566014944035828193591441959142684937e+02  -4.1659156582434593474317807704210281372070e+02
+8.9421156903006776701658964157104492187500e+03  +6.5215966782227824296569451689720153808594e+03  -8.1053641891392175011787912808358669281006e+01
-3.0161229724256577355845365673303604125977e+02  +1.2558576285046394332312047481536865234375e+04  -1.4722618362030434582266025245189666748047e+04
+2.3025703525598041778721380978822708129883e+03  -1.7885536771944077827356522902846336364746e+03  +3.0434056320494646570296026766300201416016e+03
-4.7772077315617474368991679511964321136475e+02  +1.3914657255916770850490138400346040725708e+02  -1.2424810754697953143477207049727439880371e+03
-9.8128938965193799504049820825457572937012e+02  -1.4175549103883983548257674556225538253784e+02  +7.9093466189560808743408415466547012329102e+02
+4.1036380629325276458985172212123870849609e+02  -1.3134232626228824756253743544220924377441e+03  +4.3208975625841376313474029302597045898438e+03
-1.3170732100269182410556823015213012695312e+04  +2.1921277371913249226054176688194274902344e+04  +3.8421429948713794146897271275520324707031e+03
-2.6497178009279559773858636617660522460938e+03  +4.3611725667378541402285918593406677246094e+03  -7.2832927399720153971429681405425071716309e+02
-3.5543135289010924680042080581188201904297e+03  +4.8672313015279278261004947125911712646484e+03  -2.3531893778099260998715180903673171997070e+03
+4.9997219195874422439374029636383056640625e+03  -3.0600566854915876319864764809608459472656e+04  -4.3786320024780245148576796054840087890625e+04
+1.5788679136748291966796386986970901489258e+03  +3.2742433013685072182852309197187423706055e+03  +2.1535060531327580974902957677841186523438e+03
-3.5530888460277446938562206923961639404297e+02  -7.0292758282764884825155604630708694458008e+02  +7.6042627035871518614840169902890920639038e+01
+1.0255635427784200430778582813218235969543e+02  -2.4514143346499795370618812739849090576172e+03  -3.6719375057385036598134320229291915893555e+03
-1.2141272728618067944239555799867957830429e+01  -8.8488010589511123527017844025976955890656e+00  -6.0998807861137080976732249837368726730347e+00
-2.8690936152172762376721948385238647460938e+03  +1.2585601661882849384710425511002540588379e+03  +3.7700978374210135370958596467971801757812e+03
+8.3618966745907766835443908348679542541504e+02  +1.2987457243513310913840541616082191467285e+03  -1.1974718893115430091711459681391716003418e+03
+2.3002544235319960534980054944753646850586e+03  -2.0862431259362303535453975200653076171875e+04  -6.0214442139490136469248682260513305664062e+04
+3.1008083993771373343406594358384609222412e+02  +1.4243281976665471120213624089956283569336e+03  +8.6573457014226596584194339811801910400391e+02
+1.8855060298441296708915615454316139221191e+03  +2.1489735256922831467818468809127807617188e+03  -1.6972713053073673563631018623709678649902e+03
-3.5867357403847904606664087623357772827148e+03  -1.4696331174637027743301587179303169250488e+03  -6.1959192954289369481557514518499374389648e+02
+4.3755701808839230579906143248081207275391e+03  +3.9604341334123391789034940302371978759766e+03  +4.0840170431484452819859143346548080444336e+03
+1.5157112796660485400934703648090362548828e+04  +2.4151582503790261398535221815109252929688e+04  -2.9847173312869961137039354071021080017090e+02
+9.0778119601017242530360817909240722656250e+03  +2.3653853532432400243123993277549743652344e+04  +1.3582361090720725769642740488052368164062e+04
-3.2293072122584748285589739680290222167969e+04  -2.6088376755591976689174771308898925781250e+04  -1.5590014093827649048762395977973937988281e+04
-3.2521934888595669690403155982494354248047e+03  +2.6404652929251287929446334601379930973053e+01  +3.0205064140076333387696649879217147827148e+03
+5.3907541228989093724521808326244354248047e+03  +4.5511758097324500340619124472141265869141e+03  -1.1571706278434783598640933632850646972656e+04
-2.9575585915848214426659978926181793212891e+03  +1.7835023464831047022016718983650207519531e+03  +5.8923961037576991657260805368423461914062e+03
-5.2458204202159695341833867132663726806641e+03  -1.4247333794694297921523684635758399963379e+03  +3.8580727121498483711548033170402050018311e+02
+2.9224994247204531347961165010929107666016e+03  +4.1110710428180036615231074392795562744141e+03  +1.3443458126367480076623905915766954421997e+02
+1.1911067463664377282839268445968627929688e+05  +7.9027956061240125563926994800567626953125e+04  -1.6835290566062860307283699512481689453125e+05
-1.8544685215291910935775376856327056884766e+03  +2.5809546970674450676597189158201217651367e+03  +1.5372006991829692879036883823573589324951e+02
-3.1983334395187907830404583364725112915039e+03  -7.8748884449914721699315123260021209716797e+03  -1.1176312987962335228075971826910972595215e+03
-6.9480445883440014043230803508777171373367e+00  -6.3592443444076653946694932528771460056305e+00  +5.9167369292123535018390612094663083553314e+00
+2.9256375134592872200300917029380798339844e+04  -1.0831190811322219815338030457496643066406e+04  +1.3156261685463954336228198371827602386475e+02
-4.2558440767306069574260618537664413452148e+02  +6.0830041651787155387864913791418075561523e+02  +1.1588862304592073826370324240997433662415e+02
-5.9300897249966310482705011963844299316406e+03  -8.0638695723584123697946779429912567138672e+03  -1.1479300023646983390790410339832305908203e+04
-2.5853554350798563973512500524520874023438e+04  +1.2266742293280232115648686885833740234375e+05  +4.0056946203772211447358131408691406250000e+04
-5.4794599714799494449835037812590599060059e+02  +9.2722855871144827233365504071116447448730e+02  -1.0855519959109325611734675476327538490295e+02
+5.4666285364196698992600431665778160095215e+02  +1.7477698307360381591024633962661027908325e+02  -1.6014304583843281193367147352546453475952e+02
-3.8583708674467049881684488354949280619621e+00  +5.3820107047334762029322519083507359027863e+00  -1.3270509388763886970963312705862335860729e+00
-2.3029080542560805042739957571029663085938e+04  -3.7030682878073057509027421474456787109375e+04  +1.2108874194677113337093032896518707275391e+04
+3.5889786948925319620684604160487651824951e+02  +5.9185873038044792338041588664054870605469e+02  +3.9883067518247918314955313690006732940674e+02
+1.3683007224258903988811653107404708862305e+03  -4.0817447995602827859329408966004848480225e+02  -2.0440705904707720037549734115600585937500e+03
-2.4377537975270143988382187671959400177002e+02  -1.0337140709687969319929834455251693725586e+03  +2.0915734491367405212258745450526475906372e+02
+5.2120907282464975196489831432700157165527e+02  +3.3675215073737726925173774361610412597656e+03  -1.5338208878895507041306700557470321655273e+03
+1.2985340510112691845279186964035034179688e+03  -3.5474782718867004405183251947164535522461e+03  +1.4098007128155850296025164425373077392578e+03
-1.9460163105918618384748697280883789062500e+04  -2.2755949837740343355108052492141723632812e+04  +1.4523867090069006735575385391712188720703e+04
-8.0399318147396030553863965906202793121338e+00  -6.2749462648111933305017373641021549701691e+00  -1.0029756418396935657710855593904852867126e+00
-1.3706658816178994584333850070834159851074e+03  -5.8286290626414177040715003386139869689941e+02  +5.2710383914308886232902295887470245361328e+02
+8.1967750276672717291148728691041469573975e+01  -4.1093703822195195130007050465792417526245e+01  -8.0086979270276913212001090869307518005371e+01
+3.9790870170475376653485000133514404296875e+04  -1.0337892897426863783039152622222900390625e+05  -3.5405875629993708571419119834899902343750e+04
-1.3765542519170123341609723865985870361328e+04  +1.5067228031816937800613231956958770751953e+04  +4.3062541627905657151131890714168548583984e+03
+8.0551380583541586020146496593952178955078e+03  +5.1964566891897793539101257920265197753906e+03  -5.0368952701894186247955076396465301513672e+03
+2.1349385059970796874040388502180576324463e+02  +2.0377726896869777561960290768183767795563e+01  -6.4303835574114805240242276340723037719727e+02
+5.6639886240102192971335171023383736610413e+00  -1.1452782813188957078409657697193324565887e+01  +2.0361476168076264592343704862287268042564e+00
+1.6172231368460443263757042586803436279297e+03  -7.6566056949806888951570726931095123291016e+03  +2.5336065296351089273230172693729400634766e+03
+1.8138069494909336754062678664922714233398e+02  +6.1860081126890702307719038799405097961426e+02  +6.6311630497133785411278950050473213195801e+02
+4.9696252300341200225375359877943992614746e+02  -1.5109025148508635538746602833271026611328e+02  -1.7024707810872157551784766837954521179199e+03
-3.9256162253911986681487178429961204528809e+02  +1.0502548942679850370041094720363616943359e+03  -1.7798642826641351000205304444534704089165e+00
-2.2005078880083936383016407489776611328125e+04  +1.4098939993819003575481474399566650390625e+04  +4.2167174683727389492560178041458129882812e+04
-6.6314326823920998776884516701102256774902e+02  -1.4124578962017517369531560689210891723633e+03  +1.0646778893497923945687944069504737854004e+03
+1.7286266651756120609206845983862876892090e+03  -1.6775903178384989587357267737388610839844e+04  -1.0743856182146211722283624112606048583984e+04
-7.6518332989709938374289777129888534545898e+02  -4.2263372535652695205499185249209403991699e+02  -5.1960118749015771300037158653140068054199e+02
-4.6438789040124675011611543595790863037109e+02  -2.7028632510618094784149434417486190795898e+03  +3.7054078096431480844330508261919021606445e+03
+8.7667998459757063756114803254604339599609e+02  -7.6403144391024204651330364868044853210449e+02  -8.0119662347736414176324615254998207092285e+02
-2.7359580165215895249275490641593933105469e+04  +1.9192440073342112009413540363311767578125e+05  -1.5696929019559727748855948448181152343750e+05
-7.1356222650018666172400116920471191406250e+04  -9.2747404698590951738879084587097167968750e+04  -1.1063723065808642786578275263309478759766e+04
-4.9554966882738292042631655931472778320312e+04  -2.8545759723822056912467814981937408447266e+03  +1.5355746108449333405587822198867797851562e+04
+4.4184294080162844693404622375965118408203e+03  +1.8544686346785324531083460897207260131836e+03  -7.3687880767744570675858994945883750915527e+02
-5.5771817779676666759769432246685028076172e+03  +1.7124379473270419111941009759902954101562e+03  -4.4401495692876551402150653302669525146484e+03
-7.1470971099930045511428033933043479919434e+02  -5.1200878571920122794836061075329780578613e+02  -1.4830615872063501115007966291159391403198e+02
+6.2959913990104701952077448368072509765625e+04  -1.5757899705680301849497482180595397949219e+04  -3.1791924368501051503699272871017456054688e+04
+2.2552378532735647240770049393177032470703e+03  +8.0431264647330681327730417251586914062500e+02  +8.9959865105795563522406155243515968322754e+02
-5.7015229157091323486383771523833274841309e+02  -8.6260952531360617285827174782752990722656e+03  +1.6066610121828518913389416411519050598145e+03
-1.1511474073836443494656123220920562744141e+03  -1.6727352166933105337420784053392708301544e+01  +3.1093880126811200170777738094329833984375e+02
-1.0473643737638226411945652216672897338867e+03  -1.1177848980591825238661840558052062988281e+03  +1.0760307361187936692203948041424155235291e+02
+2.7848426943646095423900987952947616577148e+03  -7.9229141496852444106480106711387634277344e+03  -1.5353252739180725257028825581073760986328e+03
-6.7380076633452165424387203529477119445801e+02  -1.9571315105568928629509173333644866943359e+03  +2.3276894119101402793603483587503433227539e+03
-3.4232684100874316754925530403852462768555e+03  -2.8443527844293348607607185840606689453125e+03  +2.8125645520539860626740846782922744750977e+03
+4.3728844525905415707711654249578714370728e+01  +2.6392178053427646773343440145254135131836e+03  +5.6268840351519911564537324011325836181641e+03
+1.8884107912856429720704909414052963256836e+03  +6.5340089975957753267721273005008697509766e+03  +2.0123066537906702251348178833723068237305e+03
+7.3588686812574987925472669303417205810547e+03  +9.1463063123754618573002517223358154296875e+03  -3.1078002451660427141177933663129806518555e+03
-2.9381419263119005336193367838859558105469e+03  +2.7806599373380174711201107129454612731934e+02  -5.4177126746147223457228392362594604492188e+02
-1.4352816679401537840021774172782897949219e+04  +7.0379159224233508211909793317317962646484e+03  -8.9345828864696504751918837428092956542969e+03
+3.1699056920061838127367082051932811737061e+02  +5.4779225059910254458372946828603744506836e+02  +1.0162763061364723853330360725522041320801e+03
+4.0539984234194776036019902676343917846680e+02  -1.7781930139941209745302330702543258666992e+03  -6.9284849185547125216544372960925102233887e+02
-1.1181012397870603308547288179397583007812e+05  +8.4209089504908901290036737918853759765625e+04  +1.8940006277570070233196020126342773437500e+05
-1.0953477805206558670647609687875956296921e+01  +1.1838694047226429972852201899513602256775e+02  +2.1793659364198902039788663387298583984375e+03
-8.3987438968952801587875001132488250732422e+02  +3.5650309232886672816675854846835136413574e+02  -1.1629660735198949623736552894115447998047e+03
+2.3852141902227567697991617023944854736328e+03  -5.1187202377333751428523100912570953369141e+03  -5.1791127083511828459450043737888336181641e+03
+9.3429617009108665115491021424531936645508e+02  +2.3746677261469367294921539723873138427734e+03  +4.9280409617715099557244684547185897827148e+02
-4.8263628113340899972172337584197521209717e+02  +8.5712874200127316726138815283775329589844e+03  +4.3592569421318432887346716597676277160645e+02
-5.0696328829219884937629103660583496093750e+04  -1.2665330401874223025515675544738769531250e+05  -9.8197126145781599916517734527587890625000e+04
+2.0119614960822689226915827021002769470215e+03  -1.1219003071016363719536457210779190063477e+03  +1.8693896622888773890736047178506851196289e+03
-4.9350743820476623113790992647409439086914e+02  -5.5220648395963792154361726716160774230957e+02  +3.0698222441541788612084928900003433227539e+03
+3.5074207366148606013211974641308188438416e+01  -2.4245528989582712711126077920198440551758e+03  +4.3090397520652250022976659238338470458984e+03
+3.9044465997527245235687587410211563110352e+03  +1.1459616860840276331146014854311943054199e+03  +9.8228901687450052122585475444793701171875e+03
+1.2227102095942643700254848226904869079590e+03  -2.3212439355210476605861913412809371948242e+03  +3.9273590855442994325130712240934371948242e+03
-1.7884875381873305286717368289828300476074e+03  -1.9585831882562013106507947668433189392090e+02  -6.8940059332882183298352174460887908935547e+03
-2.2841532386630833570961840450763702392578e+03  +2.3096708661027860216563567519187927246094e+03  -2.0547088451440495191491208970546722412109e+03
-2.1312812615443337449505634140223264694214e+02  -2.4157983537468706458639644552022218704224e+02  +2.1879342117844399240311759058386087417603e+02
+2.1633002794180147247971035540103912353516e+03  -7.0443845667215589401166653260588645935059e+02  +2.1665100452125302581407595425844192504883e+03
+3.7252405996606665894432808272540569305420e+02  -5.5686360152546967583475634455680847167969e+01  -3.8227831530033336093765683472156524658203e+02
-3.2628859377655300022524897940456867218018e+02  -2.9219296288126969329823623411357402801514e+02  +1.1850400900032454956090077757835388183594e+03
-2.0664660144863788993063735688338056206703e+00  +2.9089816238442459450652677332982420921326e+01  +9.0363141782496157361492805648595094680786e+01
-1.5557607452758156796335242688655853271484e+03  -1.4165943771017400649725459516048431396484e+03  +5.7081658506345809200865915045142173767090e+02
+3.2194390280429352060309611260890960693359e+03  +1.1188671027733350911148590967059135437012e+03  -1.5587938560889190284797223284840583801270e+03
-1.4648883669549220485350815579295158386230e+03  +4.8574725655365494958459748886525630950928e+02  -5.0605478687280765370815061032772064208984e+02
+3.1344600799969566651270724833011627197266e+03  -3.7045689189184886345174163579940795898438e+04  -1.1584379109813586183008737862110137939453e+04
+1.6306305268620842525706393644213676452637e+03  -1.7117128020700363322248449549078941345215e+03  -2.8156053313492901679637725464999675750732e+02
+3.8154990216618543854565359652042388916016e+03  +1.1224231819661181361880153417587280273438e+03  -2.3079397397793068194005172699689865112305e+03
+3.7265025814483152544198674149811267852783e+02  -2.7333290313158300932627753354609012603760e+02  -1.4114108158359601929987547919154167175293e+03
+9.6761759780254885754402494058012962341309e+02  +4.0160184533471424401795957237482070922852e+03  -3.0441459617017735581612214446067810058594e+03
+6.2129984055831419027526862919330596923828e+03  -2.3740074181828586006304249167442321777344e+04  -4.1061198021611498916172422468662261962891e+03
-1.8230699916391433362150564789772033691406e+04  -9.0870293073356060631340369582176208496094e+02  -3.3474009566876193275675177574157714843750e+04
+1.3363034293010122155465069226920604705811e+02  -1.4863371779902263369876891374588012695312e+04  +1.5918995477570497314445674419403076171875e+03
-2.6867292415110496222041547298431396484375e+03  -4.9178859306413187368889339268207550048828e+03  +7.2172586757121371192624792456626892089844e+03
+1.1155315226839475144515745341777801513672e+03  -1.0738272091384014856885187327861785888672e+03  +1.4514413886229767740587703883647918701172e+03
+3.7661581230936363340333628002554178237915e+01  +4.3868295789700539444311289116740226745605e+02  +1.3825654964840543925674865022301673889160e+02
-4.0726198285695181766641326248645782470703e+02  -2.0116918278732367753036669455468654632568e+02  +9.0914653157448231013404438272118568420410e+02
-6.2242309794157642954814946278929710388184e+02  -3.1686292129933813157549593597650527954102e+03  +2.5584276226957726976252160966396331787109e+03
-8.8643281064238341059535741806030273437500e+04  +6.0155601518316383589990437030792236328125e+04  +1.0371464582594711100682616233825683593750e+05
-1.1769468438417677589313825592398643493652e+03  +1.3750082281330458044976694509387016296387e+03  -2.3218554623513891783659346401691436767578e+03
-1.7535989590179135120706632733345031738281e+04  -2.7235752828978471370646730065345764160156e+04  -3.7741714544647982165770372375845909118652e+02
+2.9980522038140138647577259689569473266602e+03  +1.0761687448064010823145508766174316406250e+04  -5.1889583396545594951021485030651092529297e+02
-1.9102109112492422582363360561430454254150e+02  +1.5084786652918879212847969029098749160767e+02  -4.7031899751369458329008921282365918159485e+01
+2.2512769094398627203190699219703674316406e+03  +1.9745412623140634877927368506789207458496e+02  +5.7837911527849237245391122996807098388672e+03
+6.3070575015839704065001569688320159912109e+03  -7.7200985295667692298593465238809585571289e+02  +2.5617198854713433320284821093082427978516e+03
+2.3705036290403254497505258768796920776367e+03  -2.8247603273060867650201544165611267089844e+03  -4.8511833594486404308554483577609062194824e+02
+3.4389423782685325932106934487819671630859e+03  -2.7519031209419267725024838000535964965820e+03  -7.9014906978754731881053885444998741149902e+02
-1.2581374565619976237940136343240737915039e+03  +2.9564181914414994025719352066516876220703e+03  +1.0109355610064072834575199522078037261963e+03
-1.0638549864150325447553768754005432128906e+04  +5.7577312273280422232346609234809875488281e+03  -7.3969461002711541368626058101654052734375e+03
+5.2673765777658227307256311178207397460938e+04  +1.9907042122306756937177851796150207519531e+04  -3.0000180753033553628483787178993225097656e+04
+5.5969542500610423019224981544539332389832e+00  +6.2472074655592825820349389687180519104004e+02  +5.9857866477849120201426558196544647216797e+02
+2.0375158765456424703188531566411256790161e+02  -5.2085051268088966480718227103352546691895e+02  +9.9898489888449148565996438264846801757812e+02
+6.2890983028265545726753771305084228515625e+03  -1.2567198511825063178548589348793029785156e+03  -8.7414521591690536297392100095748901367188e+03
-3.5245953557268203439889475703239440917969e+03  -1.9308856771973316881485516205430030822754e+03  -2.6174204611177283368306234478950500488281e+03
-4.2412393414911298350489232689142227172852e+02  +6.6989838170939572137285722419619560241699e+02  +1.7585999155534404962963890284299850463867e+03
-2.3368286370438031553931068629026412963867e+03  -1.3649051813954412182283704169094562530518e+02  +1.2233083210373345082189189270138740539551e+03
+2.3292265352512826211750507354736328125000e+04  +3.1915613227412421110784634947776794433594e+04  -4.9179814407505327835679054260253906250000e+04
+2.2222484760540280035456817131489515304565e+02  +2.2214905583415682599479623604565858840942e+02  -3.0025912649036990842432714998722076416016e+02
+1.6231836229850159725174307823181152343750e+04  -1.1597466378620361865614540874958038330078e+04  +1.8061176419786695532820886000990867614746e+03
+2.0986552911373801180161535739898681640625e+03  -1.9021877467025653913879068568348884582520e+03  -1.0741914752601965119538363069295883178711e+03
+1.1130165163326703350321622565388679504395e+03  -2.4555444160673624764967826195061206817627e+02  -3.2595767332089885712775867432355880737305e+03
-2.5998355213084792922018095850944519042969e+04  -5.0622854364136786898598074913024902343750e+04  -9.5082487997297175752464681863784790039062e+03
+4.2937786054156849786522798240184783935547e+03  -3.1815043625985417747870087623596191406250e+03  -1.2330355890218118020129622891545295715332e+03
-5.8617771151807673959410749375820159912109e+03  -6.2904246373425235105969477444887161254883e+02  +3.4142536634699713431473355740308761596680e+03
+1.1440392833725000673439353704452514648438e+05  +1.0196007253901014337316155433654785156250e+05  +7.3782299751606813515536487102508544921875e+04
+4.1500949615333945530437631532549858093262e+02  +7.4845673181055929035210283473134040832520e+01  -1.4987081427625557239480258431285619735718e+02
+6.8092156730690305721509503200650215148926e+01  +5.0492534436714834100712323561310768127441e+02  -2.2671988602472615070837491657584905624390e+02
-1.1490201535783671715762466192245483398438e+03  -5.7143334873369246906804619356989860534668e+02  -1.6405094247458675909001613035798072814941e+03
+2.2630897052995223930338397622108459472656e+03  +2.4850627516197100703720934689044952392578e+03  +1.2210636563370842395670479163527488708496e+03
+7.0023151946874520490382565185427665710449e+02  -2.3603761633435269686742685735225677490234e+03  -6.6850803340405500421184115111827850341797e+03
-2.9119604228619414243439678102731704711914e+02  -2.4232797203361477045291394460946321487427e+02  +2.2130852423417522345516772475093603134155e+02
+1.6438573151231873907818226143717765808105e+03  +7.7677984237686296182801015675067901611328e+03  +1.2920564141073502923973137512803077697754e+03
+1.8975163124869857256271643564105033874512e+02  +2.0880539717345229178135923575609922409058e+01  -2.2332060763275930526106094475835561752319e+02
+3.6861159621195163538232009159401059150696e+01  +5.0246719888865722936088786809705197811127e+00  -7.1967634459847431571688503026962280273438e+00
-3.9130541484194787926753633655607700347900e+02  -2.5176381824885078231091029010713100433350e+02  -4.2972493222597671547191566787660121917725e+02
-2.9669231537200482762273168191313743591309e+02  -5.5857004109236495423829182982444763183594e+03  +3.1822089388423437412711791694164276123047e+03
-2.0518138198403748901910148561000823974609e+03  -3.3367498801375438688410213217139244079590e+02  -1.0304822045855216856580227613449096679688e+03
+1.4572055565668520102917682379484176635742e+03  -2.5146628199190499799442477524280548095703e+03  +8.7713393572238578599353786557912826538086e+02
+4.5057232364619653708359692245721817016602e+02  -1.5235288904370265754550928249955177307129e+03  +3.5094069868235965259373188018798828125000e+02
-2.4968452479357566335238516330718994140625e+05  +7.6643353112382479594089090824127197265625e+04  +6.7492620020732935518026351928710937500000e+05
-1.1515886853845315727085107937455177307129e+03  +6.5711554622832338168336718808859586715698e+01  -1.8086912080099191371118649840354919433594e+03
+1.9202467430526914995425613597035408020020e+03  +5.3069233759375019872095435857772827148438e+03  -4.9087687909882615713286213576793670654297e+03
+4.8794133423879588917770888656377792358398e+02  +7.2149590158947887630347395315766334533691e+02  -2.3531026159041571190755348652601242065430e+03
-4.7743968876207936773425899446010589599609e+03  -3.5614161714097876938467379659414291381836e+03  +1.2261512372725132081541232764720916748047e+04
+2.4009299837702487820934038609266281127930e+03  -1.4621854913877821218193275853991508483887e+03  -5.0464055042963027517544105648994445800781e+03
-3.4794260677332658815430477261543273925781e+01  +6.7179918417294288701668847352266311645508e+01  -8.7217388491492170032870490103960037231445e+02
+2.8057407042886866292974445968866348266602e+03  +1.3712496180231603375432314351201057434082e+03  -5.6842398946012763190083205699920654296875e+03
-4.3856871663139258998853620141744613647461e+02  +7.7064719215447767055593430995941162109375e+03  -3.0597359964891234085371252149343490600586e+03
+1.4094117702424594540389080066233873367310e+02  +5.1777546209582014924421855539549142122269e+00  +4.4427058423435687473102007061243057250977e+02
+4.6353604471674452724982984364032745361328e+03  +5.6951058790441631572321057319641113281250e+04  +2.6314588347741384495748206973075866699219e+04
+7.2940810913527529919520020484924316406250e+03  +1.7351123199523171933833509683609008789062e+03  -3.0643653845797020039753988385200500488281e+04
-1.6276518409739381240797229111194610595703e+04  +1.6996565009867888875305652618408203125000e+04  +3.4453238027667139249388128519058227539062e+04
+4.8917116128160278094583190977573394775391e+03  +2.8505379112792357773287221789360046386719e+04  +3.6527015811316538020037114620208740234375e+04
+6.7244945066495929495431482791900634765625e+03  -1.7746024233212996477959677577018737792969e+04  -1.5708236672461453053983859717845916748047e+04
-7.1621306419857728542410768568515777587891e+02  -1.0609993325658695084712235257029533386230e+03  +1.0518725944399645868543302640318870544434e+03
+3.8254329798963121902488637715578079223633e+03  -5.1257523824592203709471505135297775268555e+02  +1.3454640109304818906821310520172119140625e+03
+8.0568838138332750986592145636677742004395e+02  -1.5592791253794741805904777720570564270020e+03  -1.4646966402958876187767600640654563903809e+03
-1.5590846810241985167522216215729713439941e+03  +4.6863810298301109469321090728044509887695e+02  -1.8500884445927526940067764371633529663086e+03
-1.2882473887209687291033333167433738708496e+03  -3.9173680597285133444529492408037185668945e+03  +2.8096760992974136570410337299108505249023e+03
-3.3233815843537131513585336506366729736328e+03  -9.6979034397679868106934009119868278503418e+01  -1.8640592867555621978681301698088645935059e+03
+7.7547224843458263876527780666947364807129e+02  +2.4298540239496710455568972975015640258789e+03  +3.2112487672633739066441194154322147369385e+02
+1.3344019963028631536872126162052154541016e+03  +9.7316982613507991572987521067261695861816e+02  -1.5558524402480197750264778733253479003906e+03
+4.7215429821354973682900890707969665527344e+03  -1.0339576968253386439755558967590332031250e+03  -1.2367312324480337792920181527733802795410e+03
-4.6593180653982626608922146260738372802734e+03  +9.2838821338364159601042047142982482910156e+03  +4.4327738567986107227625325322151184082031e+03
-4.0145539660363084522032295353710651397705e+02  +2.8259787935566458827452152036130428314209e+02  -1.5272213686847217104514129459857940673828e+03
+3.8121182369940306671196594834327697753906e+03  +8.7802417476067075767787173390388488769531e+03  -8.2754954914051304513122886419296264648438e+03
+1.7619637245698959304718300700187683105469e+04  +2.2870453476735836011357605457305908203125e+05  -2.5265859477688348852097988128662109375000e+05
-4.2652653702368970698444172739982604980469e+03  -1.8914105316099648916861042380332946777344e+03  +5.2389493915100247249938547611236572265625e+03
+8.8440132294075418030843138694763183593750e+04  -7.7225125040974991861730813980102539062500e+04  -2.8494881029065520124277099967002868652344e+04
-2.4685758519958662873250432312488555908203e+03  -5.7090148212420281197410076856613159179688e+03  +3.0758701117814375720627140253782272338867e+03
-1.4599389119579176622210070490837097167969e+04  -2.1401272091403270678711123764514923095703e+03  +2.2652681520854948757914826273918151855469e+04
-1.3420823369498557440238073468208312988281e+03  +4.4032152982899407334116403944790363311768e+02  -7.6371292086910088983131572604179382324219e+03
+7.7858675161656094132922589778900146484375e+04  +8.5645970414408177020959556102752685546875e+04  +2.0166207393568960833363234996795654296875e+05
-1.1721785677986774771852651610970497131348e+03  -3.9352230659774263585859443992376327514648e+03  -3.1955636394261091481894254684448242187500e+03
+7.9654201517774609442312794271856546401978e+01  +6.6724221146353769995585025753825902938843e+01  +2.9574647916982996775914216414093971252441e+02
-6.1548067881169561132992384955286979675293e+02  +4.2464873675514345450210385024547576904297e+03  -5.8560441389244135734770679846405982971191e+02
-6.6218390639048993762116879224777221679688e+03  -1.8844470287263147838530130684375762939453e+03  +2.8211611251977228675968945026397705078125e+03
+4.9706532044523356717036222107708454132080e+02  -1.9074903362878492316667689010500907897949e+03  +1.5156520831031159559643128886818885803223e+03
-9.9629637730172034935094416141510009765625e+03  +2.9585660667475884110899642109870910644531e+04  +3.8075971762346693139988929033279418945312e+04
+3.3540796130891321809031069278717041015625e+03  -3.8951595099814467175747267901897430419922e+03  -7.7720717309728643158450722694396972656250e+03
+7.5196127932723004505533026531338691711426e+02  +2.6438060948419033593381755053997039794922e+03  +2.4658262890983033344127761665731668472290e+02
+7.0359629482488853682298213243484497070312e+03  -2.6230785051481827395036816596984863281250e+04  -4.9829706808697455926449038088321685791016e+03
-6.8669468793418309360276907682418823242188e+02  -2.9012759532201152978814207017421722412109e+02  -4.5831714683224099644576199352741241455078e+03
-7.6164183893253857604577206075191497802734e+03  -1.1774518533370905061019584536552429199219e+04  -4.1771111168928291590418666601181030273438e+03
+1.6779759651210006268229335546493530273438e+03  -1.6273284037738210372481262311339378356934e+03  +9.8620878916012532044987892732024192810059e+02
+5.4851100018544320846558548510074615478516e+03  -8.4486559752324355940800160169601440429688e+03  -4.0788414943568132002837955951690673828125e+03
+1.8869714683892153672672975517343729734421e+00  -1.2764725689904746985803285497240722179413e+01  +1.9069414168306819679088448538095690310001e+00
+1.1130159060196922382601769641041755676270e+02  +1.5285996704078513630520319566130638122559e+02  +7.7769765091208569174341391772031784057617e+01
-7.4969152386993812342552701011300086975098e+02  -2.6361403322852588644309435039758682250977e+03  -2.1165689197172741842223331332206726074219e+03
-6.6218941451268983655609190464019775390625e+02  +3.9794539821708497129293391481041908264160e+02  +1.2609989848020441058906726539134979248047e+03
+1.0590791868825082929106429219245910644531e+04  +6.9591979209171586262527853250503540039062e+03  +3.0277985737425515253562480211257934570312e+03
+4.2689385999382966474513523280620574951172e+02  -1.3843781290198846818384481593966484069824e+03  +6.5288136618080454809387447312474250793457e+02
+8.1564563599191899356810608878731727600098e+02  -3.5255782337403803694542148150503635406494e+02  -1.8366066624442578358866740018129348754883e+03
-5.0432321290419004071736708283424377441406e+03  -6.6886178187269183581520337611436843872070e+02  +1.4283209244266796304145827889442443847656e+04
+2.8686138713095397179131396114826202392578e+02  +1.3886522933342012038337998092174530029297e+03  +2.7610426330618493828694681724300608038902e+00
+2.0865103735006436181720346212387084960938e+04  +8.5721837996827707684133201837539672851562e+03  -1.6191887015157615223870379850268363952637e+03
-1.0638382756999328194069676101207733154297e+04  +1.7751017260297223401721566915512084960938e+04  +5.2629795077426124407793395221233367919922e+03
-3.2068759491759496995655354112386703491211e+03  +2.0291971825425938732223585247993469238281e+04  -3.4376252176315138058271259069442749023438e+03
-5.5536053579141207592329010367393493652344e+02  +1.6518533161841833134531043469905853271484e+03  -7.5063438586126721929758787155151367187500e+02
+6.3889977423969583014695672318339347839355e+02  -2.4187169001427932926162611693143844604492e+03  -1.2264793124388222622656030580401420593262e+03
+1.1950662729050661425844737095758318901062e+02  +7.9148089215369097360053274314850568771362e+01  -1.1040774160353199917494748660828918218613e+01
-2.7840059643157264872570522129535675048828e+03  -7.4345755678899911345069995149970054626465e+02  -3.4214402819972910947399213910102844238281e+03
+1.5953462848300946461677085608243942260742e+03  -6.2789942072475082568416837602853775024414e+02  +2.0972672217165211350220488384366035461426e+02
-3.3464914333288379566511139273643493652344e+03  +2.8735379542441302191946306265890598297119e+02  +5.0029945183918812290357891470193862915039e+02
+5.7335211270932461502525256946682929992676e+02  +1.7431298139201905996742425486445426940918e+03  +7.6787065617018026841833489015698432922363e+02
-9.1674269597195161622948944568634033203125e+04  +9.9059679305422789184376597404479980468750e+04  -6.8145515780156696564517915248870849609375e+04
+7.6090024700423271042382111772894859313965e+02  -1.8177272726329263150546466931700706481934e+03  -4.1606861626177283142169471830129623413086e+02
-2.3769068075485997724172193557024002075195e+03  +1.4751100327621654741960810497403144836426e+03  +1.9528534721714440820505842566490173339844e+04
-1.5861292369530340238270582631230354309082e+03  -1.8736549930231485294740423341863788664341e+00  +3.8101842371163393181632272899150848388672e+03
+2.6843011086781064022943610325455665588379e+02  -2.6803123975038947719440329819917678833008e+03  +6.2836888380754908212111331522464752197266e+03
-3.4635243798254964531224686652421951293945e+03  -1.7436112179347896017134189605712890625000e+04  +4.2879162653950506864930503070354461669922e+03
-4.7368331066877644843771122395992279052734e+03  +4.1228094319283827644539996981620788574219e+03  +1.3519164907706732265069149434566497802734e+04
+4.2490654062087642159895040094852447509766e+03  -5.2258146312836506695020943880081176757812e+03  -9.9015419076720609155017882585525512695312e+03
-7.1918161336659559310646727681159973144531e+03  +3.6393495827431806901586242020130157470703e+03  -8.6350334081402752417488954961299896240234e+02
+1.0638597831861591203050920739769935607910e+03  -3.9129743831854034397110808640718460083008e+02  -4.0492319183621060574296279810369014739990e+02
-5.0846881491510812338674440979957580566406e+03  -2.8792802363990580261088325642049312591553e+02  -2.3746153122972013989055994898080825805664e+03
+3.8080449010846546116226818412542343139648e+03  -1.6706467733991962631989736109972000122070e+03  -4.1599576454963689684518612921237945556641e+03
+2.0583103429718943516490980982780456542969e+04  -9.7787192065141334751388058066368103027344e+03  -1.7673666903777742845704779028892517089844e+04
+1.9211893174739605001377640292048454284668e+03  +3.1831699278021155805618036538362503051758e+03  -1.2787132243290138831071089953184127807617e+03
+5.3718228114082000956841511651873588562012e+02  -3.1119166411484998207015451043844223022461e+03  -8.7248335722968602112814551219344139099121e+02
+2.3236882385024678114859852939844131469727e+03  +3.6406838869405483194441330851987004280090e+01  -5.4478756109369342084391973912715911865234e+03
-4.6553357100758885280811227858066558837891e+03  +3.8943594100898495526053011417388916015625e+04  -2.9337313759998236491810530424118041992188e+04
-2.2501251615766585018718615174293518066406e+04  +3.1149798589519046799978241324424743652344e+04  -2.1179527997977414634078741073608398437500e+05
+3.3514559621705511744949035346508026123047e+03  -2.9096696286641065398725913837552070617676e+02  +1.5044405635343273388571105897426605224609e+03
-3.6506073679644305229885503649711608886719e+02  +1.5869831863317401712265564128756523132324e+03  -3.1219171325556794727162923663854598999023e+03
+1.3194364906107803108170628547668457031250e+03  -2.2883598584093888348434120416641235351562e+03  -1.3217502136536199941474478691816329956055e+03
+3.5882529814414425572977052070200443267822e+02  -2.1256117307006879855180159211158752441406e+03  -1.3116179835410007399332243949174880981445e+03
-6.0299149243629847205738769844174385070801e+02  +1.1978247848741561938368249684572219848633e+03  +2.1657274691251477634068578481674194335938e+03
+1.5836069994495463220118836034089326858521e+02  +2.6375038263636764668262912891805171966553e+02  +3.1901307583176202342656324617564678192139e+02
+5.1535903418830039299791678786277770996094e+03  +8.4772042330411738930706633254885673522949e+02  -1.6740988097349963936721906065940856933594e+03
+4.3384833012684139248449355363845825195312e+03  +2.2636704681211708702903706580400466918945e+03  -2.6397104684068023061627172864973545074463e+02
-2.8531488928557778308459091931581497192383e+03  -1.0856640359994908067164942622184753417969e+03  +3.8744615809820165850396733731031417846680e+03
-2.2498295667313665035180747509002685546875e+04  -2.0285916335694484587293118238449096679688e+04  -2.7327526104227166797500103712081909179688e+04
+8.0394212676733613989199511706829071044922e+03  -7.7052762197086485684849321842193603515625e+03  +1.1406061192222983663668856024742126464844e+04
-1.3232084130782453712527058087289333343506e+02  +1.3438870333153909086831845343112945556641e+02  +9.9412109739213440207095118239521980285645e+02
-2.8547628204505349458486307412385940551758e+03  +1.3339535518077711913065286353230476379395e+03  -7.5055173753594144727685488760471343994141e+03
-2.9157661827558349614264443516731262207031e+03  +9.8031092784693589692324167117476463317871e+02  +1.3545994819790771543921437114477157592773e+03
-1.0952540951811740796983940526843070983887e+03  +2.1724356097343265901145059615373611450195e+03  -1.3486972833311037902603857219219207763672e+03
-3.2943658551057105796644464135169982910156e+03  -5.9872806924248479845118708908557891845703e+03  -5.2333073811657513942918740212917327880859e+03
-6.1046307550484079911257140338420867919922e+03  +3.7617763479674550808340427465736865997314e+02  -3.9998377292380257586046354845166206359863e+02
-2.7387946725476086839989875443279743194580e+02  -2.0189777924077857278462033718824386596680e+03  +2.0263840947490748476411681622266769409180e+03
+8.3108294383858549281285377219319343566895e+01  -2.8465264458108310918760253116488456726074e+02  -3.6462256498126106407653423957526683807373e+02
+1.1761401503289386027972796000540256500244e+02  +2.5069508602214846177957952022552490234375e+03  -2.1728986608380532743467483669519424438477e+03
+1.6833980124822593982258922551409341394901e+00  +7.4169875609497168511552445124834775924683e+01  -1.6858528535355581823296233778819441795349e+01
+1.3116171073562362892062083119526505470276e+01  +4.0135402187239133109386557407560758292675e-01  -4.0296506462532704517798265442252159118652e+01
-1.1525156387995959903491893783211708068848e+03  -2.3167951918241219573246780782938003540039e+03  +1.6896303498184825002681463956832885742188e+03
+3.0622512176940977042249869555234909057617e+03  -7.6059946665137863419658970087766647338867e+02  -3.4303318528600898389413487166166305541992e+03
+1.9953367046134790143696591258049011230469e+03  +2.9318380409908648687178356340155005455017e+01  -2.7188287192253942521347198635339736938477e+03
+4.0252471361414050079474691301584243774414e+03  -1.5088539832332630794553551822900772094727e+03  -1.0712770329994815256213769316673278808594e+04
-3.0608601115824733085446496261283755302429e+01  +3.1757373775983744224049587501212954521179e+01  -8.7977571838562678152584339841268956661224e+00
+5.9588644768295944231795147061347961425781e+02  +2.1932374476821391908742953091859817504883e+03  -1.4716675884203925761539721861481666564941e+03
+2.5557902551167007914045825600624084472656e+03  -1.3783381974485773753258399665355682373047e+03  +8.4875228407399526986409910023212432861328e+02
+9.2941607469418759137624874711036682128906e+03  -2.4909222850497772014932706952095031738281e+03  +1.9264571625187542736057366710156202316284e+02
+1.9192152571044648066163063049316406250000e+06  +9.2242010253062198898987844586372375488281e+03  +6.3931092058914096560329198837280273437500e+05
+5.9050806987032729011843912303447723388672e+02  +1.3368502187358115406823344528675079345703e+04  +3.7083535495827386512246448546648025512695e+03
+2.0087538527054124415371916256844997406006e+02  +4.6316778806066628249027417041361331939697e+02  +7.7431470983988924672303255647420883178711e+02
+4.7494530701730373039026744663715362548828e+03  -3.6944295508383165724808350205421447753906e+03  +4.7865017230698877028771676123142242431641e+03
+3.0621866801916655731474747881293296813965e+02  -2.2406288365396367225912399590015411376953e+03  +1.7607478232807768563361605629324913024902e+03
+9.7720145976874318876070901751518249511719e+03  -1.0441048766970368887996301054954528808594e+04  -7.9144166365496485013864003121852874755859e+03
+9.7020379651911309338174760341644287109375e+04  -7.2788412950380225083790719509124755859375e+04  -1.0022209578874208091292530298233032226562e+05
+1.5954536334304597389177615696098655462265e+01  -2.3761674008334259156072221230715513229370e+02  -2.9390943056400915338599588721990585327148e+03
-3.9630697429621391165710519999265670776367e+03  -1.0356795874509396071516675874590873718262e+03  +4.4632971438853246581857092678546905517578e+03
-9.2877485345062250416958704590797424316406e+03  -8.3506459265704925201134756207466125488281e+03  +8.1586896038142583620356163010001182556152e+02
-7.0337263787738584142061881721019744873047e+03  +7.9970536769207783436286263167858123779297e+03  +9.7949123874294946290319785475730895996094e+03
-1.7251682638040779238508548587560653686523e+03  -1.1784373211658935360901523381471633911133e+03  -2.6105217645293862460675882175564765930176e+02
-1.8775224578005614262110611889511346817017e+02  +1.0113746804160047076948103494942188262939e+02  +6.8642694462817075873317662626504898071289e+01
+6.4490340958122924348572269082069396972656e+03  -1.3935037514904468025633832439780235290527e+03  +4.8923182358453641427331604063510894775391e+03
+3.7408602793020222634368110448122024536133e+03  +9.0422371588651867568842135369777679443359e+02  +7.3963915905675603426061570644378662109375e+03
+1.3015895825107116934304940514266490936279e+02  -9.0674124604991035880630079191178083419800e+01  -1.6156859103726182524951582308858633041382e+02
-1.5254835316797807536204345524311065673828e+04  +9.3258831922434419539058580994606018066406e+03  +1.2233012706539770078961737453937530517578e+04
-5.7921905101181425834511173889040946960449e+02  -1.6003189962513900468366045970469713211060e+02  +1.0665675014354110317071899771690368652344e+03
+8.7361776585271818476030603051185607910156e+03  -8.6542729715367822791449725627899169921875e+03  -6.9920488329416411943384446203708648681641e+03
+4.2465364602406589256133884191513061523438e+03  -2.5292514272540141973877325654029846191406e+04  +9.9395115350819687591865658760070800781250e+03
+5.3147698020867537707090377807617187500000e+04  -3.1370719877482735319063067436218261718750e+05  +3.4794552545367850689217448234558105468750e+05
+3.9782105623761697188456309959292411804199e+02  -1.5194402079486739239655435085296630859375e+04  -6.4538264789319619012530893087387084960938e+03
-8.4544044190197112698115233797580003738403e+01  -2.1876960211534014888457022607326507568359e+02  -6.5798628410212870676332386210560798645020e+01
+8.7158712587312595587718533352017402648926e+02  -3.7866547050735061930026859045028686523438e+02  -2.5439621106158861039148177951574325561523e+03
+7.0884649458091621454514097422361373901367e+02  -2.5739174848635416310571599751710891723633e+03  +9.3344917868299557994760107249021530151367e+02
+3.8453761966349667034137382870540022850037e+01  -1.4650725752036153153312625363469123840332e+03  +9.3066847937342445220565423369407653808594e+03
+7.4121353640069346511154435575008392333984e+03  +1.9977285378201215735316509380936622619629e+03  +1.2631394084996207311633042991161346435547e+04
-2.1691156294774755224352702498435974121094e+03  +4.5885399905062431571423076093196868896484e+03  +4.0834498281633650549338199198246002197266e+03
+3.8286278123755123488081153482198715209961e+03  -2.2912136711729808666859753429889678955078e+03  +4.0082238253669612504381802864372730255127e+02
+8.9827772592328346945578232407569885253906e+02  +5.8743369030781707351707154884934425354004e+02  +1.0099345872348643524674116633832454681396e+03
+2.6958390103697147424099966883659362792969e+04  -2.0178854500504683073813794180750846862793e+03  -2.0275140519949218287365511059761047363281e+04
-5.4089289903115404740674421191215515136719e+03  -1.6039682470805646516964770853519439697266e+03  +5.5508957481294987701403442770242691040039e+02
+9.4414880710808829462621361017227172851562e+03  -5.5245553800827046870836056768894195556641e+03  +5.0997434011570576330996118485927581787109e+03
-4.5913047062193891179049387574195861816406e+02  +3.5171576880882480509171728044748306274414e+03  +4.2819591116408801099169068038463592529297e+03
+6.6621264829306369392725173383951187133789e+01  -2.7821459243386011621623765677213668823242e+03  -1.6407200039065942291927058249711990356445e+03
+5.2700791774230592636740766465663909912109e+03  -3.5408223193083831574767827987670898437500e+03  -3.1624496620249283296288922429084777832031e+02
+3.2063884814278488192940130829811096191406e+04  +1.0626316256667667403235100209712982177734e+04  +1.1627949193364362145075574517250061035156e+04
-1.0020893829645573305242578499019145965576e+03  +2.3571142322999558018636889755725860595703e+03  +8.4997515869981714331515831872820854187012e+02
-2.0832131006991107824433129280805587768555e+03  -2.9368139353554875015106517821550369262695e+03  -3.6642643013794972830510232597589492797852e+03
-3.3803476636880432124598883092403411865234e+03  -6.2655314663628114431048743426799774169922e+03  +1.0363545554504788015037775039672851562500e+04
-1.1054620103166541866812622174620628356934e+03  -2.9058311582464907587564084678888320922852e+03  -1.6142612053390146229503443464636802673340e+03
+3.4721966706998182417009957134723663330078e+03  -4.2327404272165867951116524636745452880859e+03  -3.2296628175354908307781442999839782714844e+03
+8.9218905787426444931043079122900962829590e+02  +1.8784894551609812651804531924426555633545e+02  -1.9170548598264283555181464180350303649902e+03
-4.4195327631176096474518999457359313964844e+03  +8.4612952688468431006185710430145263671875e+03  -1.6123274214647281041834503412246704101562e+03
+1.3332358606954328479332616552710533142090e+03  +1.2646382918329334188456414267420768737793e+03  -1.6751389853863076950801769271492958068848e+03
-2.7471888200046187478164938511326909065247e+01  -1.5103615899273569311844767071306705474854e+02  +2.9114796603711641864720149897038936614990e+02
+3.0425641842640975482936482876539230346680e+03  -4.0532612263765900024736765772104263305664e+03  -1.4297281479411778946086997166275978088379e+03
-3.0941467304255696944892406463623046875000e+05  -1.6392300353454423020593822002410888671875e+05  -1.4390713883736095158383250236511230468750e+05
-5.4312806301695296440357196843251585960388e+01  -1.5478196671436658107268158346414566040039e+03  -1.6521529741197850853495765477418899536133e+03
+6.2713995941237180886673741042613983154297e+02  +6.8009734515014088174211792647838592529297e+03  +2.9760892066299561520281713455915451049805e+03
-6.1148576355180239261244423687458038330078e+03  -3.1715775605958751839352771639823913574219e+03  +3.6757388242469511396848247386515140533447e+02
-1.7210494784432157757692039012908935546875e+03  -2.3944675285272433029604144394397735595703e+03  -5.1208114816486731797340326011180877685547e+03
-8.4677499027240946816164068877696990966797e+02  +5.6183163971254492935258895158767700195312e+04  -1.5384623036139679243206046521663665771484e+04
-4.0035679043128288867592345923185348510742e+03  +6.8097666048326209420338273048400878906250e+02  +1.3596300980661401354154804721474647521973e+03
-2.1974626798798112758959177881479263305664e+03  -4.9637762767713542189085274003446102142334e+02  +1.8131849790352480340516194701194763183594e+03
-2.0742684509398370096278085839003324508667e+02  -3.5059236227592822388032800517976284027100e+02  +1.3430297487036714301211759448051452636719e+03
+5.0814444605809858330758288502693176269531e+03  -6.8796125519445295140030793845653533935547e+03  +1.0284719092960986017715185880661010742188e+03
-1.3599048887694326026576163712888956069946e+02  +7.3674018304429182535386644303798675537109e+02  +1.6353712382139229930544388480484485626221e+02
-3.2202569768965918228786904364824295043945e+03  +4.1247525035394346559769473969936370849609e+03  -3.4465298397215233308088500052690505981445e+03
-3.9565605141852888664288911968469619750977e+03  -1.1126174838431688840501010417938232421875e+03  -8.2635109245917992666363716125488281250000e+03
-1.5609517956615841285383794456720352172852e+03  +7.2769771364925611578655662015080451965332e+02  -9.0307417324065522734599653631448745727539e+02
+2.2291350250189105281606316566467285156250e+04  +1.7786113083671774802496656775474548339844e+04  +1.5432964781968805255019105970859527587891e+04
+9.7987280019487923709675669670104980468750e+04  +4.0650146256840289424872025847434997558594e+03  -1.0025035641724771994631737470626831054688e+05
-6.2200871963963118105311878025531768798828e+02  +7.8123189408783444420691921550314873456955e+00  +3.2944151046041446306844591163098812103271e+02
-1.0064586431479086168110370635986328125000e+06  +4.7450737610452657099813222885131835937500e+05  -1.1545645011398771312087774276733398437500e+06
+3.0702447610244707902893424034118652343750e+03  +1.6854986820396754865214461460709571838379e+03  +9.4598735517654404247878119349479675292969e+03
-4.4699582050039833802657085470855236053467e+02  +9.2619150358961888969133724458515644073486e+01  -2.4446120071426148001592082437127828598022e+02
-8.5282354909220327954244567081332206726074e+02  +7.2754136531020265010738512501120567321777e+02  -1.7864296808533492821879917755722999572754e+03
-4.2946912256469959174864925444126129150391e+03  +1.8246350190982286676444346085190773010254e+03  -2.0860941446766514673072379082441329956055e+03
+3.7299926458875177104346221312880516052246e+02  -1.9999933834448424931906629353761672973633e+03  -1.6580763318153469754179241135716438293457e+03
-4.2387252694170587119515403173863887786865e+02  +1.2648894062391310910697939107194542884827e+02  -2.9756010552206430475052911788225173950195e+02
-2.0072531033493071390694240108132362365723e+03  -4.1085555208800988111761398613452911376953e+03  -8.5924851053190525362879270687699317932129e+02
+3.5959313281941234663463546894490718841553e+02  -3.2837046773497672802477609366178512573242e+02  +5.2085064640650966794055420905351638793945e+02
-2.1658493396681174090190324932336807250977e+03  -4.6687469453912135577411390841007232666016e+03  +2.0316376498366896186098529142327606678009e+01
-6.7950884061068222763424273580312728881836e+02  +5.9109610159956891948240809142589569091797e+03  +3.0128071438047886658750940114259719848633e+03
-9.8399459535737987607717514038085937500000e+03  -1.4290627404495710379705997183918952941895e+03  +3.7246253991043355199508368968963623046875e+04
+9.3022799265304201981052756309509277343750e+03  -3.9369995297415836830623447895050048828125e+04  +2.1592491970005299663171172142028808593750e+04
+2.4763432094737559054919984191656112670898e+03  +2.6099595816996670691878534853458404541016e+03  -4.3283214143828123710022737213876098394394e+00
-2.1192065746795151426340453326702117919922e+03  -3.0304088089614342607092112302780151367188e+03  +7.3196106567895742500695632770657539367676e+02
-3.1687936045930956652227905578911304473877e+02  -1.5279682579614127462264150381088256835938e+03  +8.4994652254898755927570164203643798828125e+02
+1.6109749268429973199090454727411270141602e+03  -2.4356945050487324806454125791788101196289e+03  +2.0254011243417883747497398871928453445435e+02
+2.6625904819159279668383533135056495666504e+02  -7.2590623169045363738405285403132438659668e+02  +9.7137207830831482624489581212401390075684e+02
+2.0641956952605537480849307030439376831055e+03  -1.3261623461442943607835331931710243225098e+03  +6.6976393914434561338566709309816360473633e+02
-6.3808906108406333146376709919422864913940e+01  +5.3033544667034311359543607977684587240219e+00  -8.1987647861609829647022706922143697738647e+01
-5.7471655800240741882589645683765411376953e+03  -9.9858724734764342429116368293762207031250e+04  -3.6602088596756063634529709815979003906250e+05
-3.2349245508225085359299555420875549316406e+04  -3.4751418190367454371880739927291870117188e+04  +3.6984426194017534726299345493316650390625e+04
+1.6841728197727374208625406026840209960938e+04  -2.1115883052630746533395722508430480957031e+04  +1.7003098397698504413710907101631164550781e+04
+2.3379621055081197482650168240070343017578e+03  -1.3107149454185419017449021339416503906250e+03  -3.3084690040873840644053416326642036437988e+02
+1.8747206036075158408493734896183013916016e+03  +4.0948983884075050809769891202449798583984e+03  -3.0394568547234130164724774658679962158203e+03
+6.6069240997196711759897880256175994873047e+03  +1.4422087433485780820774380117654800415039e+03  +1.0720906957264442098676227033138275146484e+04
+5.0464230116618909960379824042320251464844e+03  -8.8698846246426239758875453844666481018066e+02  -6.6088364712516931831487454473972320556641e+03
-1.4134679884431452592252753674983978271484e+03  +1.5228686613769036739540752023458480834961e+02  -1.2069324064063787318445974960923194885254e+03
+3.5976878190169554727617651224136352539062e+03  -8.7192909994219080545008182525634765625000e+03  +3.4132176884948239603545516729354858398438e+03
+5.8550689316014810174237936735153198242188e+04  -1.9968467100222440785728394985198974609375e+05  +4.7827356852057659125421196222305297851562e+04
-3.4087905012352621270110830664634704589844e+03  +2.0293277782423949702206300571560859680176e+03  +2.5259455724855965854658279567956924438477e+03
+2.3352382034843049041228368878364562988281e+03  +2.0283989583581308124848874285817146301270e+03  +1.0162258385810363279233570210635662078857e+03
-2.0633489321495628246339038014411926269531e+04  -1.4900274746034445342957042157649993896484e+04  -4.1117784520675573730841279029846191406250e+04
-3.4331158903232553711859509348869323730469e+03  +4.7633971373141012009000405669212341308594e+03  +1.9543419875495565065648406744003295898438e+03
-3.5926467822265967697603628039360046386719e+03  -1.0966605614988025990896858274936676025391e+04  -1.1103635705192045861622318625450134277344e+03
+2.4085519843451522319810464978218078613281e+04  -3.7210745440101738495286554098129272460938e+04  +3.3747583097961542080156505107879638671875e+04
-2.8894924240305197599809616804122924804688e+04  -5.8033276670041041143122129142284393310547e+03  +1.8901738794757980940630659461021423339844e+04
-2.4152192049253885670623276382684707641602e+03  +1.9523261056708599880948895588517189025879e+03  -2.7393834728259043913567438721656799316406e+03
+2.0957048201975735537416767328977584838867e+03  -3.5611581135156252457818482071161270141602e+03  +3.5252180341722096912349115882534533739090e+00
+2.8573182936061112258130378904752433300018e+01  +1.1244388162413099507830338552594184875488e+02  -4.8574522294475839245819770439993590116501e+00
+1.0061428294738140039044083096086978912354e+03  -2.2567775809400845901109278202056884765625e+03  +4.4238626588421739143086597323417663574219e+03
-1.7345233669967370815356844104826450347900e+02  -2.9666956673059456761620822362601757049561e+02  -1.7464647831734559701999387471005320549011e+01
-9.7087812253622338687364390352740883827209e+00  -5.7333604228323838469805195927619934082031e+02  +3.2779364006226353467354783788323402404785e+02
-4.7147711359865006386371533153578639030457e+01  +3.9446641916860549770262878155335783958435e+01  -7.1283482940060931554171474999748170375824e+00
-9.7086290832702655251296164351515471935272e+00  -4.1873285268366043965215794742107391357422e+02  +1.8411042204623289109122197260148823261261e+01
+8.0404805698003328870981931686401367187500e+03  -5.5557480766378057523979805409908294677734e+03  +6.2060869029182811118516838178038597106934e+02
-2.2826491282667549853613309096544981002808e+02  +1.1865592878252593322940811049193143844604e+02  +1.1678133251102285612432751804590225219727e+03
+2.4015734813583836171346774790436029434204e+02  +1.9647784221052211250935215502977371215820e+03  +7.9197388111578050029493169859051704406738e+01
-1.6594744822038658185192616656422615051270e+03  +4.3332894928654723116778768599033355712891e+03  -9.1956879466248465178068727254867553710938e+03
+5.1769938505173704470507800579071044921875e+03  +2.0057064304328832804458215832710266113281e+04  +2.9866991359450989875767845660448074340820e+03
-1.8474027487549431043589720502495765686035e+03  +3.2815687549633921662461943924427032470703e+03  +2.2570855046902238427719566971063613891602e+03
+4.3402957290745933960351976566016674041748e+02  -1.0877053227946764764055842533707618713379e+03  -3.4329144243514492700342088937759399414062e+03
+1.1135571522425539114919956773519515991211e+03  -4.0835369087630865578830707818269729614258e+03  -6.0414724870092450146330520510673522949219e+03
+2.1457949549130235027405433356761932373047e+03  +5.8739109872993901717563858255743980407715e+02  -4.0362509237990570909460075199604034423828e+02
+3.5418242737632101579947629943490028381348e+02  +1.7866097928668077656766399741172790527344e+03  -2.5455312697818703782104421406984329223633e+03
+3.4854669449297957726230379194021224975586e+03  +1.2321353260136677363334456458687782287598e+03  -1.4500746815642703495541354641318321228027e+03
+1.5965250844221113766252528876066207885742e+03  -4.5184745677980135951656848192214965820312e+03  +4.5455535731050731556024402379989624023438e+03
-3.0286035432753134699623842607252299785614e+01  -6.3595824958385456682208314305171370506287e+01  +1.8569309416459660599940661995788104832172e+00
-1.1544894136287070978141855448484420776367e+03  -1.1229733396176920905418228358030319213867e+03  -6.4739856802725876150361727923154830932617e+02
-4.4860869658761430400772951543331146240234e+02  -1.4691234743821187294088304042816162109375e+03  -5.2825010297296762473706621676683425903320e+02
-4.8346714413427562249125912785530090332031e+03  -6.7396844148766058424371294677257537841797e+03  +7.8676228928023001572000794112682342529297e+03
-4.4603847052722676380653865635395050048828e+03  -1.0039520630867646104888990521430969238281e+03  -2.8554076543048317944339942187070846557617e+03
+5.9251144723106135643320158123970031738281e+03  +8.3900577254478051258956838864833116531372e+01  -2.7342077878252312075346708297729492187500e+03
+4.9823270178110660708625800907611846923828e+03  -2.8358146472347476674258359707891941070557e+02  +1.9612735099344538411969551816582679748535e+03
+3.7121173873826961653321632184088230133057e+02  +3.1505979468819768953835591673851013183594e+03  +1.2072869554570072523347334936261177062988e+03
+3.7996516280778263308093301020562648773193e+02  +5.1248522902727177097403910011053085327148e+02  -1.7831377950794822027091868221759796142578e+03
+3.0671867546727828448638319969177246093750e+05  +1.6065491945970660890452563762664794921875e+05  +1.3629944073032727465033531188964843750000e+05
+9.4122315697999079020519275218248367309570e+02  -1.4897659230434990149660734459757804870605e+03  +2.2766147687856496304448228329420089721680e+03
+2.9124764025131444213911890983581542968750e+03  +1.4103527459061585886956891044974327087402e+03  +5.2707352314561676394077949225902557373047e+03
-2.5197134206804994391859509050846099853516e+03  +1.3295215991484312212378426920622587203979e+02  +5.1020077950511722519877366721630096435547e+03
-9.6137915675403201021254062652587890625000e+02  +4.4186246906312107967096380889415740966797e+03  +1.9675056386601629583310568705201148986816e+03
+1.0417842585306420915003400295972824096680e+03  -4.3273520487240051579647115431725978851318e+02  -4.7212173036811987003602553158998489379883e+02
-9.0033318776791804793901974335312843322754e+02  +8.2858874314818820039363345131278038024902e+02  +1.7545572341822551720724732149392366409302e+02
+5.0304636420394290325930342078208923339844e+03  +3.8913752931386011368886101990938186645508e+02  +1.1513511175682290854638267774134874343872e+02
-2.3941899042574666964355856180191040039062e+04  -7.1850106655958225019276142120361328125000e+03  -9.1690878540919715305790305137634277343750e+04
-5.8060434675036447060847422108054161071777e+02  +9.2925965039147411062003811821341514587402e+02  -6.2938105389163035852106986567378044128418e+02
+1.1372780229286281610256992280483245849609e+03  +1.2387194173270597730152076110243797302246e+03  +1.5277520751401052621076814830303192138672e+03
+4.8239402990477805133195943199098110198975e+02  -3.8109402115266721011721529066562652587891e+03  -7.9240725376524187595350667834281921386719e+02
+2.6674383856922504492104053497314453125000e+03  +9.8522188710012630963319679722189903259277e+02  +9.0368330723659948944259667769074440002441e+02
-1.6855118172562017571181058883666992187500e+05  +1.0560095173967118898872286081314086914062e+05  -1.3846022432704767561517655849456787109375e+05
+8.9273081026135585602787614334374666213989e+01  +2.4954374049848686922814522404223680496216e+02  +7.9485324909506898620747961103916168212891e+03
+2.2144842599831968072976451367139816284180e+03  -2.9997365473985901189735159277915954589844e+03  -1.0450981687036546645686030387878417968750e+03
-1.3250300685569104643946047872304916381836e+03  +2.0555002815137279981172468978911638259888e+02  -3.1325093637308816596487304195761680603027e+02
+7.7276179909348604724073084071278572082520e+02  -4.7452348871325712025281973183155059814453e+03  +5.6870287244391456624725833535194396972656e+03
+7.1517984671534213703125715255737304687500e+02  +9.6378931112069972186873201280832290649414e+02  +2.6157540044051443146599922329187393188477e+03
+3.4133624410607865229394519701600074768066e+01  -1.0677402593744709236034395871683955192566e+01  -1.2830942915946377258507027363521046936512e+00
+3.7606055164320184758253162726759910583496e+02  +2.0838803821519885417501427582465112209320e+01  -1.9979953864283061193418689072132110595703e+02
+2.6174046573196062581700971350073814392090e+02  -7.4826587665377175540015741717070341110229e+01  +2.9422175455720343961729668080806732177734e+02
+9.9855266360244989698458084603771567344666e+00  -1.4171256179064364744135673390701413154602e+01  +2.7573973849500661437161852518329396843910e+00
-1.0502574071579197152459528297185897827148e+03  -6.8296721454099372294876957312226295471191e+02  -9.6146561051066521486063720658421516418457e+02
-4.1437151356980041327915387228131294250488e+02  -9.3195429461832122797204647213220596313477e+02  +2.7755728532679938780347583815455436706543e+02
+9.2473797547589434543624520301818847656250e+04  -1.1134048062119894893839955329895019531250e+05  +6.8658683519867699942551553249359130859375e+04
-1.1415029186593378653924446552991867065430e+03  -6.3923044845408992387092439457774162292480e+02  +8.7170372598672304320643888786435127258301e+02
+1.6936390752893023545766482129693031311035e+03  +1.2427192736550703102693660184741020202637e+03  -2.0854147965899537666700780391693115234375e+03
-2.5445982019781612848419172223657369613647e+02  -1.0011231561730947703381389146670699119568e+02  -1.9428015784753424100017582532018423080444e+02
+1.8972860358036498382716672495007514953613e+03  +5.4640857666934562075766734778881072998047e+02  -1.8237693390911717870039865374565124511719e+03
+7.9099165139622880360548151656985282897949e+02  -9.2729250301208121527452021837234497070312e+03  +1.2912106675045504289300879463553428649902e+03
-1.5386999203383172698522685095667839050293e+03  -2.3981563059721509034716291353106498718262e+02  -1.4820225901074138619151199236512184143066e+03
+4.2710060760403866879642009735107421875000e+03  +1.9800036927344667674333322793245315551758e+03  -5.0709955722523038275539875030517578125000e+04
-1.6190588134862109654932282865047454833984e+03  -1.0781409344460789725417271256446838378906e+03  -2.0812521873608520763809792697429656982422e+03
-5.3793549161761129653314128518104553222656e+03  +4.5508829888046338965068571269512176513672e+03  +7.6840400664694416263955645263195037841797e+03
-3.9085565302633776809670962393283843994141e+03  -8.0002363645247805834515020251274108886719e+02  +5.1452362764456233890086878091096878051758e+02
+2.6576036291277649326048049260862171649933e+01  +8.5072756900149428815893770661205053329468e+01  -3.3743427878827127130989538272842764854431e+01
-3.3024707578636271136929281055927276611328e+03  -7.5384850852965755620971322059631347656250e+03  +6.6456052797352494962979108095169067382812e+03
-8.6919401717182745414902456104755401611328e+02  -1.4993350016320487156917806714773178100586e+03  -7.2108974992903870315785752609372138977051e+02
-9.3770128380972630566247971728444099426270e+02  -1.8930001890880217274570895824581384658813e+02  -4.2747840659551300745988555718213319778442e+01
-2.0097274389648021042376058176159858703613e+03  -2.3983162825589847670926246792078018188477e+03  +1.1372881680269699700147612020373344421387e+03
-4.2949336609021502226823940873146057128906e+03  -2.2451185344087562043569050729274749755859e+03  -5.6499369958887364191468805074691772460938e+03
+9.1295800939249886596371652558445930480957e+02  -1.3518969412370790905697504058480262756348e+03  +8.0267586119218015028309309855103492736816e+02
+6.5831799889521505519951460883021354675293e+02  +1.4208364927679551783512579277157783508301e+03  +2.3952392814542913583863992244005203247070e+03
-8.1538008499537261286604916676878929138184e+02  -6.5115274800707118174614151939749717712402e+02  +1.2855909473335514121572487056255340576172e+03
+5.2694759673120170191396027803421020507812e+03  -1.2342511110429151813150383532047271728516e+04  -1.3597479403314446244621649384498596191406e+03
-2.0386680828038861363893374800682067871094e+03  +1.9838194949999078744440339505672454833984e+03  -7.4083379160715840043849311769008636474609e+03
+2.0318922455722599806904327124357223510742e+01  -6.2601429007734402887308533536270260810852e+01  -5.3552080885294216727743332739919424057007e+01
+3.6255500751668064367549959570169448852539e+03  -1.8844641174704789591487497091293334960938e+04  -3.7064243017182470794068649411201477050781e+03
+2.2729865265752296181744895875453948974609e+03  +8.2345025961086666939081624150276184082031e+03  +4.7325129551894842734327539801597595214844e+03
+2.8504972728018801717553287744522094726562e+03  +9.4141347852126600628253072500228881835938e+03  +1.2613675523862986665335483849048614501953e+04
+9.8033082806661093400180106982588768005371e+02  -1.7882444131923004988493630662560462951660e+03  -6.3111507408855572975880932062864303588867e+02
+1.5499963043958955495327245444059371948242e+03  -1.2486351281210042998282006010413169860840e+03  +1.1261314763336863506992813199758529663086e+03
-1.4555427786496304634056286886334419250488e+03  +4.6990586839050791923000360839068889617920e+01  -7.1089797215771886840229853987693786621094e+02
-4.4791618444383885844217729754745960235596e+02  -1.0175012292281445525077288039028644561768e+03  -4.5174412188642901355706271715462207794189e+02
-4.2090476599270618862647097557783126831055e+02  -5.3101465308045508209033869206905364990234e+03  -3.2014752111553257236664649099111557006836e+03
+1.3176610815068727333709830418229103088379e+03  -6.5950980032644440598232904449105262756348e+02  -4.3231996971303624377469532191753387451172e+02
+3.0444036778502445486083161085844039916992e+03  +2.8542647760525119338126387447118759155273e+03  +5.0950577640835153943044133484363555908203e+03
+5.3795440230465492277289740741252899169922e+03  -3.8677089018854832147553679533302783966064e+02  +2.9975779483046884706709533929824829101562e+04
-8.4230832706414298627350945025682449340820e+02  +2.8227110422579276018950622528791427612305e+03  +2.9532521411019051811308600008487701416016e+03
-1.1229437243196407507639378309249877929688e+03  +4.6083407282614774658213718794286251068115e+02  +4.3221787597395660895926994271576404571533e+01
+3.5132370132731803096248768270015716552734e+03  +2.5522302484491633549623657017946243286133e+03  -9.4189375544700760656269267201423645019531e+02
+7.3538031373711801279569044709205627441406e+03  +4.3328587391240180295426398515701293945312e+03  -4.2799243750811774589237757027149200439453e+03
-1.4989177785111124308059515897184610366821e+02  -1.3603606986753905516707163769751787185669e+02  +6.5483143187215702596404298674315214157104e+01
-1.3162510044959769857086939737200736999512e+03  +8.8769557308000969442218774929642677307129e+02  +6.1513481046254230477643432095646858215332e+02
-5.3155584622939932160079479217529296875000e+03  -4.8595100883831228202325291931629180908203e+03  -6.0917580786637217897805385291576385498047e+03
+4.2328403090073534258408471941947937011719e+03  +2.6713509812868069275282323360443115234375e+03  -1.5971541645294487352657597512006759643555e+03
-1.2655806070671278575900942087173461914062e+03  +2.9829370443771263126109261065721511840820e+03  -3.4772413364826552424347028136253356933594e+03
+1.2375480800457906127576279686763882637024e+02  -8.9005033725471628258674172684550285339355e+02  +5.9014504024535317512345500290393829345703e+03
-1.2251038289299713142099790275096893310547e+03  -1.3574068183089561898668762296438217163086e+03  +1.0225655311095077877325820736587047576904e+03
+5.6609759055078429810237139463424682617188e+03  -2.2295505173744791136414278298616409301758e+03  -4.3408953707280255684963776730000972747803e+02
+8.5762965207676024874672293663024902343750e+04  +1.9416678598130707541713491082191467285156e+04  -1.8424203030299213423859328031539916992188e+04
+8.2911244405929555796319618821144104003906e+03  -1.0085659481748967664316296577453613281250e+04  -2.1833698126854224028647877275943756103516e+03
+2.2128090242766666051466017961502075195312e+02  +1.1013862026274250638380181044340133666992e+02  -4.3832949664976359827051055617630481719971e+02
+4.6080118749570617708855024829972535371780e+00  +4.0720084512764227469006073079071938991547e+00  +2.2719789691270793063893052021740004420280e+00
+1.6161837461732293519389713765121996402740e+01  +3.0501649590457072918070480227470397949219e+03  +1.7207935640040177531773224472999572753906e+03
-9.5582605813865011441521346569061279296875e+03  +1.9448599102850337658310309052467346191406e+04  -1.2053620488066709981467283796519041061401e+02
+7.9782473618550802711979486048221588134766e+03  +4.6171305654801399214193224906921386718750e+03  +3.6517287343317416343779768794775009155273e+03
-1.7641026265224429607769707217812538146973e+03  +2.2109500123192970022500958293676376342773e+03  +6.8861698216297199905966408550739288330078e+03
-7.8118851653993533545872196555137634277344e+02  -1.1102047475743065660935826599597930908203e+03  -1.3792953921403877757256850600242614746094e+03
-1.9769251001381172727633384056389331817627e+02  +1.3327298249615473650919739156961441040039e+03  +3.3914004053404516980663174763321876525879e+02
-1.2275370306399895343929529190063476562500e+05  -3.7902181278832103998865932226181030273438e+04  +1.1179667473711915954481810331344604492188e+05
+5.1789609383887329840945312753319740295410e+02  +1.6276186461229835913400165736675262451172e+03  -7.6737056639354423168697394430637359619141e+03
-1.9040791080636540755222085863351821899414e+03  -3.5794505597802371994475834071636199951172e+03  -6.9675027539249676920007914304733276367188e+03
-1.0710459886434625786932883784174919128418e+03  +3.2702650071767419603929738514125347137451e+02  -9.4962804369163541196030564606189727783203e+02
+5.8061033858914515803917311131954193115234e+02  +6.6392566410225117579102516174316406250000e+02  -4.7287084560148565515191876329481601715088e+02
-5.7051621879458480179891921579837799072266e+03  -1.1382077205068308103363960981369018554688e+03  +6.8585496569476499644224531948566436767578e+03
+5.1700432308969266159692779183387756347656e+03  -3.8804973243412473493663128465414047241211e+03  -1.9128275363039895182737382128834724426270e+03
-5.0578430174274821240487653994932770729065e+01  -1.4018027853293608586682239547371864318848e+02  -3.3256219781946191460519912652671337127686e+02
+7.5987785649985994496091734617948532104492e+02  -1.1854681885382940436102217063307762145996e+03  -5.7513613726512915036437334492802619934082e+02
-1.1447296989013771963072940707206726074219e+04  +4.7843720113675823313315049745142459869385e+02  +2.3488171267774237094272393733263015747070e+03
-2.0687656458316014322917908430099487304688e+03  +2.9137915724870276790170464664697647094727e+02  -4.7596383220634430699647055007517337799072e+02
+5.0780883712190188816748559474945068359375e+02  -2.8757846116772140021566883660852909088135e+02  -9.4312793374520609290811989922076463699341e+01
+8.7860750152799198531283764168620109558105e+02  +8.1880679121811715504009043797850608825684e+02  -3.1806288725908400394359887286555022001266e+00
-3.9407086450340386818425031378865242004395e+02  +1.1173613294120900718553457409143447875977e+03  +2.1279110685252653638599440455436706542969e+03
-4.7373768239177410643847565552277956157923e-01  -1.8192798322776914687892713118344545364380e+02  +4.0621486613297378198694786988198757171631e+02
-9.2013864121304886793950572609901428222656e+03  +5.0825852555336914520012214779853820800781e+03  -5.3893762847371281168307177722454071044922e+03
+6.4268518491236636691610328853130340576172e+02  -1.0347453665733087291300762444734573364258e+03  +7.2308337346821815572184277698397636413574e+02
-2.3206687732607961152098141610622406005859e+03  +9.8539497669753563968697562813758850097656e+03  -2.7458866104932953930983785539865493774414e+03
-1.0215190957150245594675652682781219482422e+04  -1.5562079403202280900586629286408424377441e+03  -9.2730060157760999572928994894027709960938e+03
+1.0516148414920641585013072472065687179565e+02  +2.9663698909418609872545857797376811504364e+00  -5.9854913596395519448378763627260923385620e+01
-1.2557656016096385428681969642639160156250e+04  +1.0508660387719055506750009953975677490234e+03  -4.1744286295060774136800318956375122070312e+03
-1.0828613428140979522140696644783020019531e+03  +5.7272829946369859044352779164910316467285e+02  -2.1477001725444283692922908812761306762695e+03
+1.4714621893702269517234526574611663818359e+03  +3.4350521190755580391851253807544708251953e+03  -6.9951393072536238832981325685977935791016e+03
-4.6999433948012585915421368554234504699707e+02  -3.2841202850438926361675839871168136596680e+03  +1.0977070845324037691170815378427505493164e+03
+4.5546922842048679740400984883308410644531e+03  -4.2177425563185111968778073787689208984375e+04  -4.6256383521235562511719763278961181640625e+04
-1.5656918597372655312938150018453598022461e+03  +1.3369839420739904198853764683008193969727e+03  -2.0564093621048061777401017025113105773926e+02
-3.5162557548280137780238874256610870361328e+03  -3.7544977188383832071849610656499862670898e+03  -4.0876090915381587365118321031332015991211e+03
+9.5156723056683745198824908584356307983398e+02  +4.0734138666025086195077165029942989349365e+02  +1.2724575448013506502320524305105209350586e+03
+1.6474747994571821436693426221609115600586e+03  +1.8880497033762540013412944972515106201172e+03  -2.3616690544144557861727662384510040283203e+03
+3.3532782975501791042916011065244674682617e+03  +3.1854600503461188054643571376800537109375e+03  +2.1914900168642247990646865218877792358398e+03
-3.9775517694886144681731821037828922271729e+02  -5.8670457269475249972856545355170965194702e+01  +4.5284942560568623548533651046454906463623e+01
-5.4010964586427089670905843377113342285156e+03  -6.2424615838228783104568719863891601562500e+02  +5.7736259150812156804022379219532012939453e+03
+5.6750535864898438376258127391338348388672e+02  +4.3202006504908536044240463525056838989258e+02  +2.0890943705008371011899725999683141708374e+02
-1.2597702937145452324330108240246772766113e+03  -9.6678943991019036729994695633649826049805e+02  -7.5681397822575786449306178838014602661133e+02
-8.7894185682399620418436825275421142578125e+03  -9.7413667082141982973553240299224853515625e+03  -3.6063924597381724197475705295801162719727e+03
-2.4151271788570785048477773671038448810577e+00  +3.5300067259284872989155701361596584320068e+01  +2.5535753156948933906278398353606462478638e+02
+1.3365634330859078909270465373992919921875e+05  -8.0558116344780442886985838413238525390625e+04  -1.7783464420810187584720551967620849609375e+05
+7.7963642821474668380687944591045379638672e+03  +2.1870568309564582705206703394651412963867e+03  -3.3323134905823752660580794326961040496826e+02
-7.1651533092567196945310570299625396728516e+03  -9.2853566130213530414039269089698791503906e+03  +7.6019616869399692404840607196092605590820e+02
+9.9286406630447220322821522131562232971191e+02  +1.0432387688852495557512156665325164794922e+03  +3.5399645014631505546276457607746124267578e+02
+1.0306369814699515700340270996093750000000e+04  -9.8535563816027406573994085192680358886719e+03  -4.2579941453140345402061939239501953125000e+03
+3.2665510745827326388734945794567465782166e+01  +7.4284381391488281565216311719268560409546e+01  +1.0318637680975662362925504567101597785950e+01
+2.7596675419375305864377878606319427490234e+03  +4.9491247892560392074301489628851413726807e+02  +4.1888085677051021775696426630020141601562e+03
+5.7695150326507882709847763180732727050781e+03  -1.9451795244619363529636757448315620422363e+03  +1.7831683934792499712784774601459503173828e+03
+1.9097572345331411725055659189820289611816e+03  +2.0508117677368178988217550795525312423706e+02  +1.3339562379197705013211816549301147460938e+03
-1.6815162220039070234633982181549072265625e+04  -1.5473536991880086134187877178192138671875e+04  +5.1989465424770969548262655735015869140625e+04
-2.5906569283747211329682613722980022430420e+02  -2.8029764594915295674582011997699737548828e+03  -2.3553140421918969877879135310649871826172e+03
-7.1859703314202897672657854855060577392578e+02  +2.0374386488286827443516813218593597412109e+03  -2.8244157704430704143305774778127670288086e+03
-2.7344223387643673959246370941400527954102e+03  -6.3368705339259968241094611585140228271484e+03  +8.5276516880451936231111176311969757080078e+02
-1.6425622978969015548500465229153633117676e+03  +6.8760380542745278944494202733039855957031e+03  +1.1733004363719740013038972392678260803223e+03
-1.5039786192658998515980783849954605102539e+03  -3.8991901191428490847101784311234951019287e+02  +1.5533380623616546927223680540919303894043e+03
-4.0209068655977724120020866394042968750000e+04  -1.7672098591563408263027667999267578125000e+04  +5.6052718627651020142366178333759307861328e+03
-2.1903318762617582251550629734992980957031e+03  +3.2786894158984423484071157872676849365234e+03  +1.7874072381779227725928649306297302246094e+04
+1.9895359641945469775237143039703369140625e+03  -1.6221728052927389853721251711249351501465e+03  +3.8724154677058231754926964640617370605469e+02
-4.2765506179783347761258482933044433593750e+04  +7.6270491936368371170829050242900848388672e+03  +9.7264874132414952327962964773178100585938e+03
+7.5021141033505421091831522062420845031738e+02  -1.6317266742746235195227200165390968322754e+03  +5.1886082563314430444734171032905578613281e+03
-2.4825710369907174026593565940856933593750e+03  -3.7997208313983778680267278105020523071289e+03  -4.1846933810676739540213020518422126770020e+02
+3.3410313891311005818351986818015575408936e+02  +1.0398747077362344498396851122379302978516e+04  +7.5333266572379689023364335298538208007812e+03
-1.6885271182109272558591328561305999755859e+03  +1.1579909730934875824459595605731010437012e+03  -5.1768263652857511303295723337214440107346e+00
+3.7562151768220508074591634795069694519043e+02  -1.1598769502629120324854739010334014892578e+03  -6.4986363350439785335765918716788291931152e+02
+2.2598825023551000867882976308465003967285e+01  -1.7178635140732556152443066821433603763580e+01  +7.2285979501208874609119447995908558368683e+00
-1.2024124957924773582362831803038716316223e+02  +1.2155617236004420647077495232224464416504e+03  -6.0807336831178645297768525779247283935547e+02
+1.0253919737542203165503451600670814514160e+03  -1.9579701203903089208324672654271125793457e+03  -1.7359826822904483378806617110967636108398e+03
-9.4103005754155651629844214767217636108398e+02  +1.0665779689963380860717734321951866149902e+03  +4.1591629391552692140976432710886001586914e+02
+8.2029250889217166786693269386887550354004e+01  -3.2168417214023901351538370363414287567139e+02  +3.8839140764103279934715828858315944671631e+02
+1.0843592307785313550994032993912696838379e+03  +1.2549174923163106996071292087435722351074e+03  +6.2484261314348634641646640375256538391113e+02
-4.2546582229953337446204386651515960693359e+03  -4.3582858260002240058383904397487640380859e+03  +6.4956134872195607385947369039058685302734e+03
+2.9026148259629710082663223147392272949219e+04  -4.9496276568052207949222065508365631103516e+03  +1.3810746527065512054832652211189270019531e+04
-4.4176209118496790324570611119270324707031e+03  -2.6005615767262029294215608388185501098633e+03  -1.1670829902560822688428743276745080947876e+02
+3.0440751402609640763330389745533466339111e+02  +2.3080735622652086931338999420404434204102e+03  -2.3994930662422549971779517363756895065308e+02
-4.2719944034878417369327507913112640380859e+03  -8.8633848869275752804242074489593505859375e+03  +4.0661050398381407831038814038038253784180e+03
+1.9601679357280424937925999984145164489746e+03  +1.1470689558827869404922239482402801513672e+04  +1.0350179246735731794615276157855987548828e+04
-1.6356245670322159639908932149410247802734e+03  -1.9855025942288311853189952671527862548828e+03  -9.3648699741123687090293969959020614624023e+02
+1.0850544043568854704062687233090400695801e+03  -4.1967844934769145766040310263633728027344e+03  +2.4218602275489815838227514177560806274414e+03
-1.4553779072355860080278944224119186401367e+03  +3.3871869297175970814350876025855541229248e+02  +7.0367528981107602703559678047895431518555e+02
-6.6641153050727116351481527090072631835938e+03  -9.1109690627908330498030409216880798339844e+03  +5.4134901890095363796717720106244087219238e+02
+5.9785427703857851611246587708592414855957e+02  -3.2497852030546423520718235522508621215820e+03  -2.9870637278995682208915241062641143798828e+03
-1.1948969139664692193036898970603942871094e+04  -2.4887021440723865453037433326244354248047e+03  +2.8978374417239238027832470834255218505859e+03
-1.2783229515581190298689762130379676818848e+03  +2.3097094202310981927439570426940917968750e+03  -1.6167078554205679665756179019808769226074e+03
-8.5663166969295751187019050121307373046875e+04  -2.5817777137218854477396234869956970214844e+04  -1.4447252815890239435248076915740966796875e+05
-2.2689969215387031908903736621141433715820e+03  -1.1477836426694493638933636248111724853516e+03  +4.8248065396119142178577021695673465728760e+02
-2.8980570469110894009645562618970870971680e+03  -4.0265936142936989199370145797729492187500e+03  +2.3584653712843887660710606724023818969727e+03
+1.6288571167842551403737161308526992797852e+03  -6.5789085211478177370736375451087951660156e+03  -9.9124958824821976577368332073092460632324e+02
-2.2898385312400769180385395884513854980469e+03  -1.1280926397982484559179283678531646728516e+03  +1.5851128373835565525951096788048744201660e+03
+4.4876059284407958330120891332626342773438e+04  +1.2979779678972264809999614953994750976562e+05  +9.6417857985487236874178051948547363281250e+04
+1.1644563779048341984889702871441841125488e+03  -8.7516544424063249607570469379425048828125e+03  +3.9040229930614018485357519239187240600586e+03
+1.4071240898164801365055609494447708129883e+03  -2.5685678618950612417393131181597709655762e+02  +2.2336235739213848319195676594972610473633e+03
+3.0981220904264428099850192666053771972656e+03  -5.0724945219264083107191254384815692901611e+02  -1.1731581569030815614951279712840914726257e+02
-1.3768341030176270578522235155105590820312e+02  +1.6362900472794729012093739584088325500488e+03  +1.0159154631796420289902016520500183105469e+04
-1.8198123750259583175648003816604614257812e+04  +5.7931219763218878142652101814746856689453e+03  -2.7791922497657028725370764732360839843750e+05
-1.1962128522725093716871924698352813720703e+04  +1.3120406229032452756655402481555938720703e+04  +3.1747419791025124141015112400054931640625e+04
+1.2213468601838349059107713401317596435547e+04  +8.6005376869379688287153840065002441406250e+02  +8.2056257152476428018417209386825561523438e+02
-3.2426877527998635741823818534612655639648e+03  +5.9686975574692924055852927267551422119141e+03  -5.9311183412305311435375188011676073074341e+01
-3.2950968422321066100266762077808380126953e+03  -3.1328204756359006921684340341016650199890e+01  +2.0977714490651687810895964503288269042969e+03
+9.2970887642799496575207740534096956253052e+01  -2.4164751243344161935056035872548818588257e+02  +1.0701260440692551867414294974878430366516e+02
+8.6036951368919389437905920203775167465210e+01  +3.0495061038659656560412258841097354888916e+02  +1.0358395853156648627191316336393356323242e+03
-2.6223621338743582782626617699861526489258e+03  +1.2387297397809390986367361620068550109863e+03  -4.2623460456806714091726462356746196746826e+02
+6.0533687550192462367704138159751892089844e+02  +1.6128156995556416859471937641501426696777e+03  -1.5167914027211838856601389124989509582520e+03
-1.9677709154428628153254976496100425720215e+03  -7.2596894292716399377241032198071479797363e+02  +1.0545745506820735499786678701639175415039e+03
-4.4341352799106550719443475827574729919434e+02  -1.3878506423452772651216946542263031005859e+03  -5.4874921672326388488727388903498649597168e+02
+2.4319257980296584719326347112655639648438e+04  -1.4883758559612131648464128375053405761719e+04  -3.1178484177532202011207118630409240722656e+04
-4.1270354054255003575235605239868164062500e+03  -3.9484749115548593181301839649677276611328e+03  -2.5131588676324540756468195468187332153320e+03
-4.9998735745496139770693844184279441833496e+02  -5.2076887524392286650254391133785247802734e+03  +1.0766452719083720239723334088921546936035e+03
+7.8503001275500073461444117128849029541016e+03  +2.6372849536993845731558394618332386016846e+02  +1.2844905315543003325728932395577430725098e+03
+2.9599940077975384156161453574895858764648e+02  +6.8461606503326720485347323119640350341797e+01  +1.2135394042329271542257629334926605224609e+03
-2.0998315251256813098734710365533828735352e+03  +2.3733963806678248147363774478435516357422e+03  +1.9279615277522193537151906639337539672852e+03
+9.4607340089123026700690388679504394531250e+03  -3.4254165527966233639745041728019714355469e+03  -2.6438275282991990025038830935955047607422e+03
+4.6189991973381593197700567543506622314453e+03  +1.7364970389599911868572235107421875000000e+04  +1.0708718316810480246203951537609100341797e+04
+5.2577297179550323562580160796642303466797e+03  +1.5796380656578661728417500853538513183594e+04  -3.5458440355586375517304986715316772460938e+04
-2.2111700632379157127616053912788629531860e+02  -1.1400956037054991156765026971697807312012e+03  -2.3822376095517176963767269626259803771973e+02
+1.1282679715532478894601808860898017883301e+03  -2.4545626755905104801058769226074218750000e+03  -6.6134422268606078887387411668896675109863e+02
-1.7751551237226719877071445807814598083496e+03  -4.1535649881725294108036905527114868164062e+03  +3.9574120404974615894388989545404911041260e+02
+1.0531988484554257468062132829800248146057e+02  -2.1964965206432117383883451111614704132080e+02  -3.3858345759286640941354562528431415557861e+02
-2.0268571450973297487507807090878486633301e+03  +1.4748715382141581358155235648155212402344e+03  -3.6239830946915304821231984533369541168213e+02
+1.5540240521300388536474201828241348266602e+03  +1.9598509278756471303495345637202262878418e+03  +3.7683023183307841463829390704631805419922e+03
-1.7918685502666407955985050648450851440430e+03  -1.1262165616991867864271625876426696777344e+04  -4.5347739537888378436036873608827590942383e+02
+1.8897483516012112403359424206428229808807e+01  +8.9123608571314446180622326210141181945801e+02  -2.4940606915376556571573019027709960937500e+03
-3.0730148445731424544646870344877243041992e+03  +2.2892772219111416234227363020181655883789e+03  +5.7418189638484182069078087806701660156250e+03
-2.0026800938200318569215596653521060943604e+02  +1.3279857479573192904354073107242584228516e+03  +2.9876667174069348220655228942632675170898e+02
+1.0125683492283484383733593858778476715088e+03  +1.4149414798408688511699438095092773437500e+03  +5.9032491293596569903456838801503181457520e+02
-1.1890272218931934912689030170440673828125e+05  -1.0914139326223955140449106693267822265625e+05  -7.8725039806148590287193655967712402343750e+04
+3.4451767653635255328481434844434261322021e+02  +4.9832324205669898731230205157771706581116e+01  +2.4687076628203078598744468763470649719238e+02
-2.8248808332071585027733817696571350097656e+03  +5.9200233580374824668979272246360778808594e+03  +8.8255255242771241341870336327701807022095e+01
-1.5636245098778174451581435278058052062988e+03  -1.5258611285657032112794695422053337097168e+03  +1.6339483845002362158993491902947425842285e+03
+6.0826548768503672908991575241088867187500e+05  -7.3357911219520465238019824028015136718750e+04  -5.4082797009045968297868967056274414062500e+05
-6.3119129633158149772498290985822677612305e+02  -3.6882687180229186196811497211456298828125e+03  -2.2122161438563182400685036554932594299316e+01
+3.2863885789891924105177167803049087524414e+03  +7.7942106551846813999873120337724685668945e+02  -1.1494447452224728749570203945040702819824e+03
-1.2317014267923018451256211847066879272461e+03  +1.2507402138053171256615314632654190063477e+03  +1.8113105688793243785994491190649569034576e+01
+2.1646346437831107323290780186653137207031e+03  +8.2813995748902175364491995424032211303711e+02  +1.8117066408527634848724119365215301513672e+03
-1.7371557051030661114054964855313301086426e+03  -3.0243401484777491532440762966871261596680e+03  -5.1923886005192798620555549860000610351562e+03
-2.0198039719849891753256088122725486755371e+03  +1.7673011693207456573873059824109077453613e+03  -1.5551515154866963257518364116549491882324e+03
-1.1208875689151843744184589013457298278809e+03  +1.9651693549592046110774390399456024169922e+03  +5.2861201654425178730889456346631050109863e+02
-9.8282864058282328187488019466400146484375e+04  -2.1759603742059287469601258635520935058594e+04  +1.3010282700276694959029555320739746093750e+05
+8.8861460681334101536776870489120483398438e+03  +5.2006927149598577670985832810401916503906e+03  +4.0706829970550261350581422448158264160156e+03
+5.0105340074886526053887791931629180908203e+03  -4.2343636372679102350957691669464111328125e+03  -1.7020915145442962966626510024070739746094e+04
+2.8247775454309936549179838038980960845947e+02  -5.2618808245026332315319450572133064270020e+02  +5.2537391969028499261185061186552047729492e+02
+2.7353284368169710205620503984391689300537e+01  -1.3841640824527043918124036281369626522064e+00  +2.6752889707262827556633055792190134525299e+01
-2.1743330390296677023798110894858837127686e+01  -1.3364332038599033580794639419764280319214e+02  +5.1069620313613356188398029189556837081909e+01
-1.2751252175183053338969330070540308952332e+02  -3.0928876809043167668278329074382781982422e+03  -9.4679719811126676631829468533396720886230e+02
+6.2096813554409231983299832791090011596680e+02  +1.0651691318642122041637776419520378112793e+02  +9.3569908439757443829876137897372245788574e+02
+8.2703997140705396304838359355926513671875e+03  -1.0688853083178801171015948057174682617188e+04  -2.0168412447410486493026837706565856933594e+04
+1.5269511436508157231628501904197037220001e+01  -3.0471306612648722875746898353099822998047e+03  -3.9667943124030680337455123662948608398438e+03
+4.1947304142427386253189069975633174180984e+00  +4.8677244685103971733042271807789802551270e+02  -1.6379813853255527078545128460973501205444e+01
+8.8687196556558137672254815697669982910156e+03  -1.4571902440074780315626412630081176757812e+04  -2.1249592974178627628134563565254211425781e+04
+5.6527513123970811648177914321422576904297e+02  +1.4945801598764796835894230753183364868164e+02  -4.3619780432808020975699037080630660057068e+01
-9.7828763172096558264456689357757568359375e+04  -6.2758038470326428068801760673522949218750e+04  +5.5978195491812068212311714887619018554688e+04
-5.3122248723067104947404004633426666259766e+02  +4.1104457158234354210435412824153900146484e+03  -2.8163514832901091722305864095687866210938e+03
+2.2171771610097844131814781576395034790039e+03  -1.6798056649752329576585907489061355590820e+03  -2.4969965392606695786525961011648178100586e+03
-7.1983730407990890398650662973523139953613e+02  -1.0382438072494192056183237582445144653320e+03  +2.4898059365996147107580327428877353668213e+02
+3.9924263174843770684674382209777832031250e+04  -1.0645571338922269642353057861328125000000e+06  -1.4756256172784753143787384033203125000000e+06
+1.0934169109988968102697981521487236022949e+03  -1.8536666725901316112867789342999458312988e+03  +9.9798981445616245764540508389472961425781e+03
-9.4249940812276755686127671651775017380714e-01  -4.1695313517492262889163612271659076213837e+00  -6.6000184879383194669344447902403771877289e-02
-8.7392256914958340985322138294577598571777e+02  -2.3083757909685032245761249214410781860352e+03  +3.8361995804443319002530188299715518951416e+02
+1.6589125219098739307810319587588310241699e+03  +2.8445601810510161158163100481033325195312e+03  -2.0263844781142458373324188869446516036987e+02
+7.2625358898779631999786943197250366210938e+03  +2.4003856052486386033706367015838623046875e+04  -1.2697186509133352956268936395645141601562e+04
-1.4535454915608569947949035849887877702713e+01  -3.3022535999044026766569004394114017486572e+02  -1.1517609933191693016851786524057388305664e+03
-1.8276927083692889937083236873149871826172e+03  +2.2916281659273699915502220392227172851562e+03  +3.4628924605387355768471024930477142333984e+03
+4.2158885250643032804873655550181865692139e+02  +3.4424937810625084466664702631533145904541e+02  -1.7609938037100124574863002635538578033447e+02
+6.1363622180187053345434833317995071411133e+02  -1.9463249879109190487724845297634601593018e+02  -9.4927442600687982121598906815052032470703e+01
-1.2458362520189053611829876899719238281250e+05  +2.1980125806809657660778611898422241210938e+04  -6.6341413563999405596405267715454101562500e+04
+1.8809822242044285758311161771416664123535e+03  +8.1287356291826995402516331523656845092773e+02  -1.3341302673863406198506709188222885131836e+03
-5.3625327243699793200448766583576798439026e+01  -5.5561835023042021930450573563575744628906e+01  +8.4673817679671898872584279160946607589722e+01
-1.3439616626968719065189361572265625000000e+06  +2.8576544423333463782910257577896118164062e+04  +1.8863772996128564700484275817871093750000e+06
-1.7501129988406216853036312386393547058105e+02  -4.7243325228464229326164058875292539596558e+01  +6.8132389122375514034501975402235984802246e+01
+2.0940304302447327700065216049551963806152e+02  +8.3121698279121324048901442438364028930664e+02  -6.1892361909031569666694849729537963867188e+02
-1.1111636246424358986928382364567369222641e+01  +6.7064768451997807119369099382311105728149e+00  -5.0581562314108055034012068063020706176758e+02
-8.9142919094337612477829679846763610839844e+03  -2.1463573859444746631197631359100341796875e+04  -1.3957174475754201921517960727214813232422e+04
+2.4043300482940530855557881295680999755859e+03  -9.6555913429821544013975653797388076782227e+02  -3.4632549744656453185598365962505340576172e+03
-8.0162623830257080044248141348361968994141e+03  -1.4769248826934972385060973465442657470703e+04  -2.6440976454751646087970584630966186523438e+04
-1.1714939273035216160678828600794076919556e+02  -4.4918708605667171696040895767509937286377e+02  -3.8008152768061546566968900151550769805908e+02
+8.9895303329465732531389221549034118652344e+03  -1.2983462498119881274760700762271881103516e+04  -8.8473970053583889239234849810600280761719e+03
+7.5564182888769555574981495738029479980469e+03  +1.1400490423477553122211247682571411132812e+04  -1.2025362354022425279254093766212463378906e+04
+2.0666576619926301646046340465545654296875e+04  -2.0227710117488695686915889382362365722656e+04  -1.7507066988092119572684168815612792968750e+03
-1.0173529632873925265812431462109088897705e+03  +5.1491420401989762467565014958381652832031e+03  -2.0523086448483823005517479032278060913086e+03
-2.7668004948794414303847588598728179931641e+03  -4.9971375180003451532684266567230224609375e+03  +1.9466249615894291764561785385012626647949e+03
+1.4609946922911502042552456259727478027344e+04  -6.0424032837369150001904927194118499755859e+03  -2.9333358651990129146724939346313476562500e+03
-1.5426913006396573109668679535388946533203e+04  +9.0981551828457522788085043430328369140625e+03  -9.4215001065245160134509205818176269531250e+03
+5.9740236793139587234691134653985500335693e+01  +1.5820401844897971841419348493218421936035e+03  -1.1038489214573354857407139206770807504654e+01
+1.3586549589957951411633985117077827453613e+03  -3.7675179540991161957208532840013504028320e+03  +2.6686592925671611737925559282302856445312e+03
-2.9175867055699535512758302502334117889404e+02  +3.7727463533157356323499698191881179809570e+02  +3.3876285213813508789826300926506519317627e+02
+5.9881768829908276075002504512667655944824e+02  -2.3484844000647549364657606929540634155273e+03  -8.6110081778848496014688862487673759460449e+02
-9.3674743422319806995801627635955810546875e+03  -7.6291591995462549675721675157546997070312e+03  +1.9395106931781879211484920233488082885742e+03
-2.7306541569701985281426459550857543945312e+03  +7.3611219757886749448516638949513435363770e+02  -7.0255908798724078678787918761372566223145e+01
-7.5555791579219646791898412629961967468262e+02  -3.2296715231615860375313786789774894714355e+02  +4.0819341167793472777702845633029937744141e+03
-3.6811638761484864517115056514739990234375e+03  -3.7011098944215223127685021609067916870117e+03  -1.0638970772798378675361163914203643798828e+04
-2.6077285585967638326110318303108215332031e+03  -2.8200459438359821433550678193569183349609e+03  -6.4650518120222761808690847828984260559082e+02
-5.4067443966204315586310258368030190467834e+01  +2.3112333792969283763341081794351339340210e+02  +3.1712466413921396224395721219480037689209e+02
-6.4192647280102619333774782717227935791016e+02  +2.2570235100067156963632442057132720947266e+03  -1.2762669974818766149837756529450416564941e+03
-3.4293574413646042557957116514444351196289e+03  -2.9514162967227719491347670555114746093750e+04  +1.2923203027280890182737493887543678283691e+03
-4.1452117668918290291912853717803955078125e+03  +1.4367071442701273554121144115924835205078e+04  +1.6113751451509113394422456622123718261719e+04
+5.3792963747507756124832667410373687744141e+03  -5.6387165305965766037843422964215278625488e+02  -3.3658552684502537886146456003189086914062e+03
+2.1190338983616143195831682533025741577148e+03  +1.8053178407735435939684975892305374145508e+03  +2.3444535596857208474830258637666702270508e+03
+1.0220251238713362909038551151752471923828e+04  +3.9296038944475535572564695030450820922852e+03  -2.4953903557466017559818283189088106155396e+02
+1.2484005238716277744970284402370452880859e+04  +4.1499968129336069978307932615280151367188e+04  +2.1159298382554593445092905312776565551758e+03
-5.0585124917556568107102066278457641601562e+04  +2.4335122225357823481317609548568725585938e+04  -1.2750598057162365876138210296630859375000e+05
+1.0127842673861750517971813678741455078125e+05  +6.4351309085712055093608796596527099609375e+04  -3.8623346353393176286772359162569046020508e+03
+2.0090573907503105033356405328959226608276e+02  -2.7800203221354386187158524990081787109375e+03  +1.2485223654411443021672312170267105102539e+03
+4.4133262351015300737344659864902496337891e+03  -1.3471053552777455479372292757034301757812e+04  +4.2033109729926189174875617027282714843750e+04
+2.4046976310843006103823427110910415649414e+03  +2.2441324327148133306764066219329833984375e+04  -1.9919243398359838465694338083267211914062e+04
-1.2416371026284798517735907807946205139160e+03  +1.4460028761073228906752774491906166076660e+03  -1.7740992228394397898227907717227935791016e+03
+3.7494072304226334381382912397384643554688e+04  -1.8238172106322977924719452857971191406250e+04  -1.2308610877701579738641157746315002441406e+04
+2.1817652546935746613598894327878952026367e+03  -2.7194674828550923848524689674377441406250e+03  +1.4195263087132374835164227988570928573608e+02
+5.4640323238473050878383219242095947265625e+04  +8.3995993345767899882048368453979492187500e+04  -1.0977878407559634069912135601043701171875e+04
+6.3799350067549821687862277030944824218750e+03  -1.4223725937757624251389643177390098571777e+03  -3.3049213901310213259421288967132568359375e+03
-1.2980373335126108941040001809597015380859e+04  +8.6556248373030084621859714388847351074219e+03  -1.0084710928336515962655539624392986297607e+03
+9.0638110334463689810036157723516225814819e+01  +1.1284707680881405167383491061627864837646e+02  +1.1536379468342367715649743331596255302429e+01
+3.2342699260443455386848654597997665405273e+03  +1.3909460586188176876021316275000572204590e+03  +6.6343293171400327992159873247146606445312e+03
-1.3541249547435520526050822809338569641113e+03  +4.5454466082687558809993788599967956542969e+03  -1.4513215103444495071016717702150344848633e+03
+3.5853620086405348956759553402662277221680e+03  -9.6931221176837698294548317790031433105469e+03  -1.3922129440232254637521691620349884033203e+04
-1.9797963851876129410811699926853179931641e+03  -3.6294183963960967957973480224609375000000e+03  +5.6570854534615873490110971033573150634766e+03
-2.4276795848676424611767288297414779663086e+03  +6.1747315095293624835903756320476531982422e+03  -4.1550711095208107508369721472263336181641e+03
-6.8147883746829793381039053201675415039062e+03  +7.3198391262374536836432525888085365295410e+02  -7.9696873307884643509169109165668487548828e+03
-2.4168632377866451861336827278137207031250e+03  -1.6803098736713673133635893464088439941406e+03  +7.6499297041692011589475441724061965942383e+02
+1.0651148195297691927407868206501007080078e+04  +6.1438299311978653349797241389751434326172e+03  +2.7144363780024234438315033912658691406250e+05
+6.9151682126343075651675462722778320312500e+03  +4.7445824513627812848426401615142822265625e+03  -2.2549173383065954112680628895759582519531e+03
+1.9307437109056172630516812205314636230469e+04  -1.6109024800671486445935443043708801269531e+04  +4.4213295632363762706518173217773437500000e+04
-3.7191972814784925560616102302446961402893e+01  +9.4960436670660726576898014172911643981934e+01  -5.4043662241613787955429870635271072387695e+01
-4.2592852345588971729739569127559661865234e+02  +7.3931688562900981196435168385505676269531e+03  -2.9249354415759598850854672491550445556641e+03
-4.6219473381818812640631222166121006011963e+02  +7.9307429047161883772787405177950859069824e+02  +1.0517760626608687744010239839553833007812e+03
-9.6828994144514717845595441758632659912109e+02  -1.1806818212641821901343064382672309875488e+03  -6.5443987868147644348937319591641426086426e+02
-5.4079027422427379860891960561275482177734e+03  +9.8947113344991321355337277054786682128906e+03  -8.4533907713443040847778320312500000000000e+03
-1.2290340623744829429142555454745888710022e+02  +1.2399164492927002356736920773983001708984e+03  +6.2223106268223352799395797774195671081543e+02
-8.0149981639873928429551597218960523605347e+00  +1.8343166700465235408046282827854156494141e+02  -5.0941637419436361255975498352199792861938e+01
-3.1208474950103914125065784901380538940430e+03  +1.6609700670567006000055698677897453308105e+03  +6.9777246124046462227852316573262214660645e+02
-4.6796786439682637137593701481819152832031e+02  -3.6799115449674860656159580685198307037354e+02  +3.3638098801808831694870605133473873138428e+02
+1.1576485484710096898197662085294723510742e+03  -1.4265059926613923835247987881302833557129e+02  +1.9626337811222333584737498313188552856445e+02
-1.2397313054257021747162070823833346366882e+02  -4.7716635959594746907441731309518218040466e+01  +6.1106658384170948750124807702377438545227e+01
-6.9783001509135192463872954249382019042969e+02  +4.3114282476087743134485208429396152496338e+02  -1.4293240478230113694735337048768997192383e+03
+4.9978785483976150771923130378127098083496e+02  +2.5412435209876862245437223464250564575195e+03  -1.0270297360226936689286958426237106323242e+03
+1.1332099882024109319900162518024444580078e+04  +3.9905960426659148652106523513793945312500e+03  -1.1994987483310345851350575685501098632812e+04
-9.3718174281275730663764989003539085388184e+02  -3.5898760597047970577477826736867427825928e+02  +1.5821639391236979008681373670697212219238e+03
-4.3894450325704940496507333591580390930176e+02  -1.7523965947692618101427797228097915649414e+03  +7.0234478209143651383783435449004173278809e+02
+2.1921682331218489707680419087409973144531e+04  -3.5286257636310576344840228557586669921875e+04  +2.0478854048380278982222080230712890625000e+05
-2.4583173266818153024360071867704391479492e+03  +2.8077074821763358158932533115148544311523e+03  -8.8906879835878419271466555073857307434082e+02
-3.2597140377481435280060395598411560058594e+04  +1.5501173754810823083971627056598663330078e+04  +1.6833969766161557345185428857803344726562e+04
+5.1364687283994780955254100263118743896484e+03  -4.5327488269723407938727177679538726806641e+03  +1.5330366433793408305064076557755470275879e+03
+2.2815985964746723766438663005828857421875e+03  -1.5272455744746230266173370182514190673828e+02  -7.9509087378355684450070839375257492065430e+02
+2.1133845369563368876697495579719543457031e+02  -1.0904153488722965903434669598937034606934e+03  +3.1806324343183496239362284541130065917969e+03
+4.0484723856731015700916032074019312858582e+01  -2.0360046488193117397713649552315473556519e+02  -5.6677433030708712635714618954807519912720e+01
+2.9027613515165223361691460013389587402344e+04  +1.2890145525290559817221947014331817626953e+04  +9.6173463001096297375624999403953552246094e+03
+6.3402855156593541323672980070114135742188e+04  +4.9504187671128907823003828525543212890625e+04  -5.6563635386660653239232487976551055908203e+03
+2.0241838373143607441306812688708305358887e+03  +2.6235715586534906833549030125141143798828e+03  +3.4610508175885747732536401599645614624023e+03
-3.9985378465074622909014578908681869506836e+03  +7.8652843458080110394803341478109359741211e+02  -3.2131533877244819450424984097480773925781e+03
+1.0108095503806426904702675528824329376221e+03  +2.2825371634003099075016507413238286972046e+02  -1.1033545040931807079687132500112056732178e+02
+9.8674935875475640045806358102709054946899e+01  +3.4802253677580203827801597071811556816101e+01  -8.9382729726480874887784011662006378173828e+01
