DirectForce: 60774; ParticleCell: 49261; NodesUsed: 457; NodesAvailable: 500; TimeLoad: 0.000126776; TimeUpward: 1.2806e-05; TimeForce: 0.00616177; TimeTotal: 0.00630978
1000

-1.4827228350675552519533084705471992492676e+03  -2.4112098409219997847685590386390686035156e+03  -8.8147042444976489150576526299118995666504e+02
-3.8190381949944827155718485300894826650620e+00  -8.9680195384806733471805273438803851604462e+00  +6.2936875474411491104831384291173890233040e-01
+1.5709406613100262006810226012021303176880e+02  -1.3689396808896989909953845199197530746460e+02  +1.2808421927408079454835387878119945526123e+02
+6.1578097124049338617624016478657722473145e+02  -3.7746509212910524411199730820953845977783e+02  +1.2836963357944955532730091363191604614258e+03
+9.2644153949694839411677094176411628723145e+02  -1.2697252082149188936455175280570983886719e+03  -5.8175075537334328146243933588266372680664e+02
+1.2791911631504490287625230848789215087891e+03  -1.1779117031609912373824045062065124511719e+03  -2.2650887433715761289931833744049072265625e+03
-3.9370666057720964090549387037754058837891e+03  -5.2720427426452765473641193239018321037292e+01  +2.6024374377520575762900989502668380737305e+03
-1.1609179367698100548977890866808593273163e+01  +3.4886525458295253088181198108941316604614e+01  +4.8980334668608428216884931316599249839783e+01
-2.8035989429316528003255371004343032836914e+03  -9.4526741033746759512723656371235847473145e+02  +1.7676533731850172443955671042203903198242e+03
+2.6559650116711264189461871865205466747284e+01  +2.6047590682866874622902741975849494338036e+00  -2.8030238001615586540538060944527387619019e+01
-1.5279687461575554152659606188535690307617e+03  +1.6331424149695780556612589862197637557983e+02  -8.8689181508885883431503316387534141540527e+02
+2.9045577652088354625448118895292282104492e+03  -7.4245078705394905682624084874987602233887e+02  -2.2647294995991228461207356303930282592773e+02
+1.7196511992339937933138571679592132568359e+03  -3.9556055854778901448298711329698562622070e+03  -2.1656647685140751491417177021503448486328e+03
-2.5698651632608368799992604181170463562012e+02  -1.4627192542897196858575625810772180557251e+02  -4.0838915548439354097354225814342498779297e+02
+1.7305353122273854751256294548511505126953e+03  -2.1774779999170432347455061972141265869141e+03  +8.0796814373336201242636889219284057617188e+02
-2.7883528031690741499915020540356636047363e+02  -5.6830308878016808193933684378862380981445e+01  +1.1717692613961416725487652001902461051941e+02
+1.5323933777255556378804612904787063598633e+03  +2.2146966925978595099877566099166870117188e+03  -2.5812779885143309002160094678401947021484e+03
-1.1406884693504157013421718147583305835724e+01  +1.9317301789105673748281333246268332004547e+01  +1.2745883354561033939944536541588604450226e+01
+8.7614928724583605799125507473945617675781e+03  +1.6111170151952637752401642501354217529297e+04  +3.3644062072841021290514618158340454101562e+04
-2.1343358168841098176926607266068458557129e+02  -8.5976311934970169659209204837679862976074e+02  +1.4137660610448431270924629643559455871582e+03
+1.2563732874264340466652356553822755813599e+02  +6.6384127597204894755122950300574302673340e+02  -9.5664581162100682831805897876620292663574e+02
-8.5425854809827706048963591456413269042969e+02  -7.8135372372972915400168858468532562255859e+02  -4.4814358329056005914026172831654548645020e+02
-5.5783604368841895393416052684187889099121e+02  +1.1675263634965092762740823673084378242493e+02  +2.9015695819803477206733077764511108398438e+03
+3.7716729588913358384161256253719329833984e+02  +6.3138154159382601449124194914475083351135e+01  -1.7077469695651186043505731504410505294800e+02
+1.6833809969659674266040383372455835342407e+02  +1.1241204165807189383485820144414901733398e+03  -8.6186248978517392060894053429365158081055e+02
-1.3462212131912353925144998356699943542480e+03  -3.9589869008129306848786654882133007049561e+02  +6.7698633839868227823899360373616218566895e+02
+6.6589319194915037769533228129148483276367e+02  -1.2353327600801230801152996718883514404297e+03  +1.0575691830666748955991351976990699768066e+03
+3.8141777319313723637606017291545867919922e+03  -1.5696536661680113411421189084649085998535e+03  -2.0026645923679036513931350782513618469238e+03
+2.7304093646405937079180148430168628692627e+02  -1.5706857267211400994710857048630714416504e+03  +2.4459305812273335334339208202436566352844e+01
+2.2467612077148855860286857932806015014648e+03  +2.1694246254228653469908749684691429138184e+02  +4.6651400447416972383507527410984039306641e+03
-3.3576727932109037055852240882813930511475e+02  +1.8204631451097848184872418642044067382812e+03  -1.0833657990014899041852913796901702880859e+03
-7.0082857512127603172302769962698221206665e+00  -5.8436767335349315999337704852223396301270e+02  +2.2829010030647012285953678656369447708130e+02
-1.7278014318576424557249993085861206054688e+01  +5.0167197970923803040932398289442062377930e+02  +6.1820535671941240707383258268237113952637e+02
+1.1959418245979625794461753685027360916138e+02  -2.9662983620940540419042008579708635807037e+01  -8.0140832022247536770009901374578475952148e+01
-4.3086362646463123837747843936085700988770e+02  -1.3455528591563659119856311008334159851074e+03  +1.9627225492890352143149357289075851440430e+02
+2.1665608228308110483339987695217132568359e+03  +3.3241695842655985870806034654378890991211e+03  +4.0413230565263934295217040926218032836914e+03
+3.4194063461507624879232025705277919769287e+02  -1.0297218268461533625668380409479141235352e+03  +3.3274616827885847669676877558231353759766e+02
-1.8149712219303789879631949588656425476074e+03  -1.6853191526341981898440280929207801818848e+02  +2.2459462274755929911407292820513248443604e+02
+2.2210963615934409176588815171271562576294e+02  +5.6524512506290432156674796715378761291504e+02  -6.0928177160868710871000075712800025939941e+02
-6.2555554694051270416821353137493133544922e+03  -1.0510681188620919783716090023517608642578e+04  +2.4308466712013791948265861719846725463867e+03
-2.8501782220879675833202782087028026580811e+02  -3.9285096432106985275822808034718036651611e+02  +1.6728711700705599696448189206421375274658e+02
+3.8296910622746814567562978481873869895935e+01  +1.4848746703699720228541991673409938812256e+02  +2.9950337839427437103267948259599506855011e+01
-1.5893406403810561755562957841902971267700e+02  -1.6880505509403545261193357873708009719849e+02  -6.3080781205840776237891986966133117675781e+02
+4.7155519375658786884741857647895812988281e+02  -1.1191042529263581855047959834337234497070e+03  +6.5888672075987626541859754070173949003220e+00
-7.4562947904936199847725220024585723876953e+03  +4.0489410789296680377447046339511871337891e+03  +9.6764333720053364231716841459274291992188e+03
-1.1391546194230763831001240760087966918945e+03  +2.8195342870272164873313158750534057617188e+04  -2.0014381166048221984965493902564048767090e+03
-1.4362572130292628571623936295509338378906e+03  -1.8143614328883862185648467857390642166138e+02  -3.9389371572546980360129964537918567657471e+02
+8.8580828124988220224622637033462524414062e+03  +1.4286397122063577626249752938747406005859e+04  +4.4284455185588021777221001684665679931641e+03
+3.5739685980802087215124629437923431396484e+03  +5.1743902268314086541067808866500854492188e+04  +9.3565478523833662620745599269866943359375e+03
-4.9768544473019773022315348498523235321045e+02  -1.1470160986769801780837951810099184513092e+01  +1.2423604902838992529723327606916427612305e+03
+3.7724036222724766957981046289205551147461e+03  +7.4360675679805024174129357561469078063965e+02  +7.9737217264999674171122023835778236389160e+02
+1.0548369087477719858725322410464286804199e+03  +2.1176013048530244304856751114130020141602e+03  -4.1272934326669710571877658367156982421875e+03
+1.3990092342971628625036828452721238136292e+01  -1.8501280172855056207481538876891136169434e+03  +3.8155947967985133573165512643754482269287e+02
-5.8058713901879713148446171544492244720459e+01  -8.7153395100930012517892464529722929000854e+01  -1.0819116360453290326404385268688201904297e+02
-1.3289380253895387795637361705303192138672e+02  -6.0522240775460552697495586471632122993469e+01  -3.6947781039681859738266211934387683868408e+02
+1.0326616491577303804660914465785026550293e+03  +1.3875727041944537631934508681297302246094e+03  +4.6669964716892229716904694214463233947754e+02
-3.8982654613283193612005561590194702148438e+02  +3.7155510085575791379142174264416098594666e+01  -3.2173327163423908814365859143435955047607e+02
-6.0977931554174892880837433040142059326172e+02  -2.3846755492357342518516816198825836181641e+03  -6.9600895610591362583363661542534828186035e+02
+2.1009406785350773134268820285797119140625e+04  -4.8906806336493690423594671301543712615967e+02  +1.4588410704490962643831153400242328643799e+02
-5.7404310843426274004741571843624114990234e+03  +5.2973782139167869900120422244071960449219e+03  -1.7429396467286722327116876840591430664062e+04
+2.0357484549760695102804675116203725337982e+01  -2.6362324521975165225740056484937667846680e+02  +6.4327400954308643576950998976826667785645e+02
+6.3081077524726163119339616969227790832520e+02  -1.0318190596191238910250831395387649536133e+03  +3.1050002506829696358181536197662353515625e+03
-2.6887239548397730004580807872116565704346e+02  -8.4411887897965428351199079770594835281372e+01  +1.6492073696040080221791868098080158233643e+02
+1.2973260555894282219924207311123609542847e+02  -2.2341649123600265625100291799753904342651e+02  -1.1446649934102295276261429535225033760071e+02
-1.9195572187328471613909641746431589126587e+02  -5.7270411208333769081946229562163352966309e+01  -7.6211484702993317341679357923567295074463e+00
+4.3138879201130703222588635981082916259766e+03  +7.1811485355307254963008745107799768447876e+01  +3.3604546047487392570474185049533843994141e+03
+8.4049363399372268759179860353469848632812e+03  -7.5823078477991043655492831021547317504883e+02  +2.5841412022073373009334318339824676513672e+03
-1.3187451099676698049734113737940788269043e+03  +1.8273792624162163633627642411738634109497e+02  +1.3300856124324861866625724360346794128418e+03
+1.3692450416595171554945409297943115234375e+05  -4.7279764078496758884284645318984985351562e+04  -3.5024501864326222857926040887832641601562e+04
+1.1869976932987250620499253273010253906250e+04  -2.7378160955733744685858255252242088317871e+02  -8.4984256157280760817229747772216796875000e+03
+6.1247627846556746078476862749084830284119e+01  -3.8711769894131784894852899014949798583984e+03  -1.9745274131711939844535663723945617675781e+03
+4.4429188648539445694041205570101737976074e+02  +8.6759035727428806694661034271121025085449e+02  -9.9719013689567645997158251702785491943359e+00
-3.1538022340425882248382549732923507690430e+03  -2.2195435053976893868821207433938980102539e+02  -2.4287140250786228534707333892583847045898e+03
-1.9426756658191782207723008468747138977051e+03  +1.5415860006169750704430043697357177734375e+03  +9.4699407855053523235255852341651916503906e+03
-2.1603096885460729481565067544579505920410e+02  +4.2908442306356818107815342955291271209717e+01  +1.7812543548506181423363159410655498504639e+02
+8.7857355424975452251601382158696651458740e+01  +9.3914467682892666289262706413865089416504e+02  +1.6102471085011268314701737836003303527832e+03
+2.8962110685656421082967426627874374389648e+03  -1.6566698112427677642699563875794410705566e+03  -1.8298460435891483939485624432563781738281e+03
+9.5383256738639613558916607871651649475098e+02  +7.0902474834015526994335232302546501159668e+02  -1.5204310851230784464860334992408752441406e+03
-6.3593010507554495802651217672973871231079e+01  -8.1631643630719111115467967465519905090332e+01  +3.3604543135650374097167514264583587646484e+02
+8.5293200396658519935044751036912202835083e+01  +2.5888830796923065236114780418574810028076e+02  -1.0360788031675913316576043143868446350098e+03
+1.2511468968526112348627066239714622497559e+03  -2.5297397185613253896008245646953582763672e+03  +2.1823704465216947028238791972398757934570e+03
-2.0773750598493111283460166305303573608398e+03  +5.7387258914488415939558763056993484497070e+02  -9.3095597057853666456139762885868549346924e+01
+1.9106018995621525391470640897750854492188e+02  -1.3697550684952373103442369028925895690918e+03  -2.2136124024710638877877499908208847045898e+03
-1.0714585464962294736324110999703407287598e+03  -2.7303671849018228385830298066139221191406e+03  +1.0733893012412104326358530670404434204102e+03
+7.1709045764360315189378525246866047382355e+00  +4.1947998550938564221723936498165130615234e+01  +3.9490159392489751155608246335759758949280e+01
-6.9236328203444197360028056209557689726353e-01  -1.0137808887764352405724821437615901231766e+01  -4.1252553977440676646892825374379754066467e+01
+2.0197122694652495056288898922502994537354e+02  +2.5512933353867939700876377173699438571930e+01  +4.0790799330481512185997416963800787925720e+01
-2.8085812137134175827668514102697372436523e+03  +1.5086542723382512122043408453464508056641e+04  -1.0443316883542405776097439229488372802734e+04
-3.7543157852397321505577565403655171394348e+01  -1.0631324831639602734867366962134838104248e+02  -1.1770926522076672426919685676693916320801e+03
+1.5486457745028353656380204483866691589355e+03  +3.0774986231440216215560212731361389160156e+04  +1.3853834297847983179963193833827972412109e+04
-3.6452824519719079887636326020583510398865e+01  -1.9805394451233973995840642601251602172852e+03  +8.0837287205637949227821081876754760742188e+02
+6.9770888865084339158784132450819015502930e+02  -1.1224252422567664666530617978423833847046e+02  -5.0986886102800821163327782414853572845459e+02
+5.9310579988977663035143450542818754911423e+00  -1.4697580218452158078434877097606658935547e+03  -1.0654880618873203275143168866634368896484e+03
+5.6659795530424582921114051714539527893066e+02  +2.0348534079188226542100892402231693267822e+02  +3.1210751670183972237282432615756988525391e+03
+1.6257757839204900847107637673616409301758e+03  -1.4861348310210150884813629090785980224609e+03  +2.6673477020700984212453477084636688232422e+03
-4.7921183552784896164666861295700073242188e+01  +3.3485107486746454874548817315371707081795e+00  +2.0214244293463085000439605209976434707642e+02
+4.3585115435621372625973890535533428192139e+02  +1.1316431361555544299335451796650886535645e+03  -1.2141655966715593422122765332460403442383e+03
-2.6041059762491798323935654480010271072388e+01  +7.8580670377505219548197601397987455129623e+00  +4.1281530650479915323103341506794095039368e+01
+3.3755033262000908143818378448486328125000e+05  +7.4050061445480794645845890045166015625000e+04  -2.6770989278607134474441409111022949218750e+05
-7.1957803937200869768275879323482513427734e+03  -1.1804844646173205546801909804344177246094e+04  -3.3557449017462116898968815803527832031250e+04
-1.1657836326917363294342067092657089233398e+03  +4.0196610738455035516381030902266502380371e+02  -1.8583945183307218940171878784894943237305e+02
-4.3358704059955908860501949675381183624268e+02  -2.1876380648260628731804899871349334716797e+03  -1.0446864849388498441840056329965591430664e+03
-3.1321620573767163477896247059106826782227e+03  -1.1360983285364341099921148270368576049805e+03  -5.3813345144504751260683406144380569458008e+01
-8.0903477428710050389781827107071876525879e+02  +7.5325600092157492326805368065834045410156e+02  +4.8091072311245920900546479970216751098633e+02
+6.6407476690639543903671437874436378479004e+02  -6.6720392095875376980984583497047424316406e+02  +1.0134534857132373417698545381426811218262e+03
-3.6786008584494783235641079954802989959717e+02  -8.9067968748381770183186745271086692810059e+02  -2.4642846589205325358307163696736097335815e+02
-1.4608056171952571276051457971334457397461e+03  +1.0365304460512559217022499069571495056152e+03  -3.0865140555171529967992682941257953643799e+02
+7.0274711245824880734289763495326042175293e+02  +3.4466051893774880454657250083982944488525e+02  -1.6569574425513876576587790623307228088379e+03
+3.5526563596024897151437471620738506317139e+02  +2.6264320691559532860992476344108581542969e+02  +2.6727258512237784771059523336589336395264e+02
-7.2986882720995993167889537289738655090332e+01  +1.0400655994085042266306118108332157135010e+02  -5.5735345867220537741104635642841458320618e+01
+7.4234642808604249353265913669019937515259e+01  +3.2744646329633553705207305029034614562988e+01  +6.8885228528003608516883105039596557617188e+01
+3.1161137704147326985548716038465499877930e+03  +1.3632669602267546906659845262765884399414e+03  -1.7635342951268605702352942898869514465332e+03
+1.6236290617477691284875618293881416320801e+03  +3.5550857544274108477111440151929855346680e+03  -1.5396200902594165427217376418411731719971e+02
-3.0218068174107779668702278286218643188477e+03  +4.4454330432770930201513692736625671386719e+03  -5.7914529097396089127869345247745513916016e+03
-4.8522161394409755530432448722422122955322e+02  +8.8322603151316423009120626375079154968262e+02  -1.5163074193411714531976031139492988586426e+03
-4.8782327355235047434689477086067199707031e+03  +2.2240280929027520073759660590440034866333e+02  -2.0856640230371999678027350455522537231445e+03
+7.7779321821975172497332096099853515625000e+03  +4.9670386091306909293052740395069122314453e+03  +6.4382976228215975424973294138908386230469e+03
-3.6119257633184292899386491626501083374023e+02  +2.3392889967671678164151671808212995529175e+02  -8.0877785054661003982801048550754785537720e+01
-6.2817193822989118245914141880348324775696e+01  -2.5707036647095003445429028943181037902832e+02  -2.3238057463812847913686709944158792495728e+02
+1.3537188301203912033088272437453269958496e+03  +2.2020025732550043358060065656900405883789e+03  +1.6775677163458619816083228215575218200684e+03
+3.5387858012203132602735422551631927490234e+03  -1.3598894661770814309420529752969741821289e+03  +1.6335819396311774198693456128239631652832e+03
-2.5994073082863682066090404987335205078125e+05  -3.7930599819702253444120287895202636718750e+05  -3.2767110385916072118561714887619018554688e+04
+2.0437349919034687673047301359474658966064e+02  -3.1235382034306285277125425636768341064453e+03  -1.5865179927737965499545680359005928039551e+03
-3.4232172822695383729296736419200897216797e+02  -1.2326222631892541414799779886379837989807e+02  +2.2123963569472783774472190998494625091553e+02
+1.1254406903507958759291796013712882995605e+03  -2.4080522148053605633322149515151977539062e+03  -9.3681777750705055041180457919836044311523e+02
+1.5037245319933853693328273948282003402710e+02  +2.9215455483007332304623560048639774322510e+02  -6.9590117926244644763755786698311567306519e+01
-7.4120787243610975565388798713684082031250e+03  -5.5891443926271867894683964550495147705078e+03  -1.8512742427402354223886504769325256347656e+03
+2.1524440659921851874969433993101119995117e+03  -3.6119867758577510130635346285998821258545e+02  +5.0001498450653189138392917811870574951172e+03
+4.8325356968352090916596353054046630859375e+04  +1.2421530295104878314305096864700317382812e+05  -5.6694511306869113468565046787261962890625e+04
-1.0570410008417284188908524811267852783203e+04  +3.5431080309070835937745869159698486328125e+04  -3.7095467314579934736684663221240043640137e+02
-1.1622997467806069380458211526274681091309e+03  -7.5113191516739811959268990904092788696289e+02  +1.2485045494714188407670008018612861633301e+02
+4.7773382913813948107417672872543334960938e+03  -7.6812895901682059047743678092956542968750e+03  +8.3077336993177061685855733230710029602051e+02
-2.7045828222653206466929987072944641113281e+04  -1.0730987235990780391148291528224945068359e+04  +1.8167642046381723048398271203041076660156e+04
-1.1621496056721441902936931001022458076477e+02  +3.7642474405175613583196536637842655181885e+02  -1.6640867318329227941831049975007772445679e+02
-3.2908566802993536839494481682777404785156e+03  +8.1526997012859037567977793514728546142578e+03  +1.1215306635426288266899064183235168457031e+04
-1.6348734570051162791060050949454307556152e+03  +5.9704711919137892550679680425673723220825e+01  -5.8243249289827599568525329232215881347656e+02
-1.8864315629369084490463137626647949218750e+03  -1.5253883435730015207809628918766975402832e+03  +9.2961709826781759602454258129000663757324e+02
-1.4598610447617606041603721678256988525391e+04  +2.8321209193346829124493524432182312011719e+04  +2.5821682269197492132661864161491394042969e+04
-3.5963326697408206200634595006704330444336e+02  +4.3186528698788401925412472337484359741211e+02  -1.1468071577774039724317844957113265991211e+03
-2.0598268847177294560424343217164278030396e+02  +6.9856864418265320182399591431021690368652e+02  -2.7128643173194145674642641097307205200195e+03
-4.9989928836374326692748581990599632263184e+02  +5.9216718785600356511622521793469786643982e+01  +3.5854098694707069228115869918838143348694e+01
-4.1138312062053473709966056048870086669922e+03  -2.8627796754700113979197340086102485656738e+02  -6.1112058095916227102861739695072174072266e+03
-1.8180429881496529560536146163940429687500e+04  -2.0713762786489573045400902628898620605469e+04  -8.4058454911167900718282908201217651367188e+03
-1.2496686466497915262152673676609992980957e+03  -6.1960706820459290611324831843376159667969e+02  -5.2444072059663824347808258607983589172363e+02
+8.3964346403349537695248727686703205108643e+01  +2.4604045504293617341318167746067047119141e+03  +4.8017263098102620233476045541465282440186e+02
-3.0860854817953763813420664519071578979492e+03  +4.7454396041793788754148408770561218261719e+03  +5.5712004639523838704917579889297485351562e+03
-2.5416552679405740491347387433052062988281e+03  -3.0514235675123959481425117701292037963867e+03  +3.9999320128442700479354243725538253784180e+03
-2.1814556449500810231256764382123947143555e+03  +1.7255228369823978482600068673491477966309e+03  -7.0255211133819420865620486438274383544922e+02
-4.7595178923138439586182357743382453918457e+02  +4.2495505322992704577700351364910602569580e+02  -5.6607120192170327754865866154432296752930e+02
-3.5790616077787387894204584881663322448730e+02  +1.2521449783702051661293808137997984886169e+02  +1.4139336001843633994212723337113857269287e+02
+1.2886010784596595840412192046642303466797e+04  -5.7543497027832181629491969943046569824219e+03  +5.0530183779843446245649829506874084472656e+03
-2.3396648621158560672483872622251510620117e+03  -2.8422420536627632827730849385261535644531e+03  +6.7422435294022932339430553838610649108887e+02
+1.2630073407745290751336142420768737792969e+04  +4.8755054367407292374991811811923980712891e+03  +6.0103091143252031542942859232425689697266e+03
+2.8348258368288173869586898945271968841553e+02  +5.3077844679777243186435953248292207717896e+01  +4.5521170791137831201922381296753883361816e+02
-7.5962366915204793116345172165893018245697e+00  -7.4437480179052920448157237842679023742676e+02  +1.0726305398350129394202667754143476486206e+02
-1.2317041227809397696546511724591255187988e+02  -1.8891782292290275790946907363831996917725e+02  +9.2041013129912599310955556575208902359009e+01
-1.9624632687399757742241490632295608520508e+03  +1.8786322153916381694216397590935230255127e+02  +3.3993384804971373114312882535159587860107e+02
+3.3721370162868379338760860264301300048828e+02  -1.1435897201412817594246007502079010009766e+03  -4.6499714094857381496694870293140411376953e+03
-2.5055583676997937203623223467729985713959e+01  -5.4795028231303575694255414418876171112061e+01  -3.9690258246134547448491503018885850906372e+01
-1.0396717972291181553146088845096528530121e+01  -1.0900758213869011115093599073588848114014e+01  +3.7778466100130319027528003061888739466667e+00
-5.6624900338316827230755734490230679512024e+01  -3.4436256368483930145885096862912178039551e+02  -2.2985333203306430505108437500894069671631e+02
-2.5249037396278290543705224990844726562500e+03  +1.5370972862283397262217476963996887207031e+03  +1.2682051690623677586700068786740303039551e+03
-2.0679131858526790210817125625908374786377e+02  -3.4223908829069307557801948860287666320801e+02  -3.2377099751386765547067625448107719421387e+02
+8.0509420260762105669982702238485217094421e+00  +4.0622063128148901967051642714068293571472e+00  -4.8587005088343877545753457525279372930527e+00
+2.1916587175568347447551786899566650390625e+03  +1.0478047210131185238424222916364669799805e+03  -2.8765077546782740682829171419143676757812e+03
+9.3703451506834653628175146877765655517578e+02  +3.4108159143039603122815606184303760528564e+02  -1.4066572780226663326175184920430183410645e+03
+7.3211718651730143392342142760753631591797e+02  +8.9731388643310424413357395678758621215820e+01  -1.5265403796970861094450810924172401428223e+02
-1.5131514243905069179163547232747077941895e+03  +5.6731078727746489676064811646938323974609e+02  +7.3783949777758800792071269825100898742676e+02
+1.0512513641380873252728633815422654151917e+02  +3.3022511231661627562061767093837261199951e+02  +1.0120882878815153560481121530756354331970e+02
-1.0803707938072896865833172341808676719666e+02  -8.9509486393332821307922131381928920745850e+01  -1.1050238346383405740880334633402526378632e+01
-4.7633240995232810632842301856726408004761e+01  +6.1447553781464739586226642131805419921875e+02  -1.2820314846904412320327537599951028823853e+02
-3.4993115109600802270506392233073711395264e+02  -4.4881483085731893822867277776822447776794e+01  +5.9361854224956402958923717960715293884277e+01
+9.4425415407349589713703608140349388122559e+01  +5.2882267034301527530715247849002480506897e+01  +1.1587374968592778046172497852239757776260e+01
-5.5782162365775855050742393359541893005371e+02  -3.1186918942564454937382834032177925109863e+02  -2.1016185696020110640347411390393972396851e+02
-1.1722353022038571452867472544312477111816e+03  +9.2212423481984296813607215881347656250000e+03  +5.9085881073359932997846044600009918212891e+03
+4.2517306768222997561679221689701080322266e+03  -6.2272166463512360223830910399556159973145e+02  -2.8057089985255151987075805664062500000000e+03
+7.8758026849329866081461659632623195648193e+01  -5.9319021560116073032986605539917945861816e+02  -4.0768884529291176477272529155015945434570e+02
+5.9053608523224534110340755432844161987305e+02  +1.9167443988944322086354077327996492385864e+02  -6.3063773680021768086589872837066650390625e+02
-5.1119844298441591945447726175189018249512e+02  +9.2354404172445285325920849572867155075073e+01  -1.3625519925550929656310472637414932250977e+02
+4.3366400832749881999461649684235453605652e+01  -4.5732099152576125788982608355581760406494e+01  -5.5010430301650309559136076131835579872131e+01
-7.6641353954284880956038250587880611419678e+00  -2.2404724002553990658270777203142642974854e+01  -5.1624393350683732251127366907894611358643e+01
-1.3151097970815701501123839989304542541504e+03  +1.7401397768231347527034813538193702697754e+03  -7.9142083957556167206348618492484092712402e+02
+7.7415124462785502146289218217134475708008e+02  +3.1631197599561721744976239278912544250488e+02  -5.3056401377894171673688106238842010498047e+03
-5.5020529182238160501583479344844818115234e+03  -4.7889605291741872861166484653949737548828e+02  -7.6440499290611451215227134525775909423828e+03
+5.1162700780953000503359362483024597167969e+03  +3.5432907269173188069544266909360885620117e+03  -5.0235223860507068138758768327534198760986e+02
+1.9391287240498786559328436851501464843750e+04  -1.0629032534138474375140503980219364166260e+02  -6.9251866866772379580652341246604919433594e+03
-1.5231350615684309741482138633728027343750e+05  +8.5251288237688582739792764186859130859375e+04  -1.4914822426746020209975540637969970703125e+05
+1.5441919880835732215018651913851499557495e+02  -9.8654930351408381739020114764571189880371e+02  +2.9865008130779451676062308251857757568359e+03
-2.3300374532578138087046681903302669525146e+02  -1.0030776607296222664444940164685249328613e+03  -2.1063426536944899680747766979038715362549e+02
+1.2731779483300755600794218480587005615234e+04  -2.2324013626759064209181815385818481445312e+04  +3.6357661271532961109187453985214233398438e+04
+1.0601348467597360070158174494281411170959e+02  +4.3056745486174747838958865031599998474121e+02  +7.6817623897898249651916557922959327697754e+02
+6.3879711970374205520784016698598861694336e+02  +1.8070412629771635693032294511795043945312e+03  +1.6312459913249094825005158782005310058594e+03
+4.8378480118513689376413822174072265625000e+03  -2.2435936803147208706832316238433122634888e+02  -4.8093425084941118257120251655578613281250e+03
-4.0534095672607113556296098977327346801758e+03  -1.0144000119413178254035301506519317626953e+04  -2.2404088083500550965254660695791244506836e+03
+1.9157230613926803926005959510803222656250e+05  -1.5652804191176083986647427082061767578125e+05  -1.6909937742299615638330578804016113281250e+05
+4.8388804899577809237598557956516742706299e+02  -6.2868672127308207109308568760752677917480e+02  -1.3948694091122276859096018597483634948730e+03
+1.3739897361816463217110140249133110046387e+02  +8.2685030664269095268537057563662528991699e+02  -1.4216249033414558766708069015294313430786e+02
-2.2736633088698731341992242960259318351746e+01  -7.2661909408422058476162419538013637065887e+00  -7.9476765380288696860588970594108104705811e+01
+1.7504123556987219672009814530611038208008e+03  +1.5103657775559697711287299171090126037598e+03  -4.9554931249671494697395246475934982299805e+02
-3.4737764165778105962090194225311279296875e+04  -1.3416387031117885271669365465641021728516e+04  +6.2090294225692232430446892976760864257812e+03
+2.8003116664660669812292326241731643676758e+03  -4.3049372095629569230368360877037048339844e+03  -2.8556970135410318789581651799380779266357e+02
-2.9967153814292635161109501495957374572754e+02  +1.6465652932601146858360152691602706909180e+03  -2.3624417612778236730264325160533189773560e+02
-2.2014630091789076686836779117584228515625e+03  -1.0655973713541461620479822158813476562500e+03  -5.7832762172350010132504394277930259704590e+02
+1.9985452267786533866456011310219764709473e+03  +6.9903929028100592404371127486228942871094e+03  -4.7102329365080186107661575078964233398438e+03
+5.1273078452143772665294818580150604248047e+02  +9.5632402270125351151364156976342201232910e+02  +2.2971085744365538516831293236464262008667e+02
+1.2262614962932896105485269799828529357910e+03  +7.7040604005631269046716624870896339416504e+02  +1.3356888037877459396440826822072267532349e+02
-7.6887833461733771400758996605873107910156e+02  +6.5944586804286217329718056134879589080811e+01  -1.0658299796039734701480483636260032653809e+03
-2.6469720423772731265898983110673725605011e+00  -2.2079257775303620547902028192766010761261e+01  +1.5070985991124468128532498667482286691666e+01
-3.0728213358393151111158658750355243682861e+02  +1.2262447082542676071170717477798461914062e+03  +3.7552081866447116453855414874851703643799e+02
-1.5394963232592036206369812134653329849243e+02  +1.9195247903937558930920204147696495056152e+03  +1.8039020115361656735331052914261817932129e+03
+1.7415057505620700339932227507233619689941e+02  -7.8903522682757261463848408311605453491211e+02  -3.6995372787621215593389933928847312927246e+02
+2.0093638447125525203773577231913805007935e+02  +4.0797504706217517878030776046216487884521e+02  -2.5105934082234992388293903786689043045044e+02
+1.2247406009019661254910715797450393438339e+01  -3.8693902614803562300949124619364738464355e+01  +6.8650134641695004233952204231172800064087e-01
+1.9475894862246761931601213291287422180176e+03  -2.6449830439292131813999731093645095825195e+03  +8.0548152069704917721537640318274497985840e+02
+2.1878211363137647822441067546606063842773e+03  -8.0197486806495604128031118307262659072876e+01  +5.8044835231136880793201271444559097290039e+02
-8.0378248708915620568404847290366888046265e+01  +8.0465419907601173576949804555624723434448e+01  -1.5685975863302823540834651794284582138062e+02
-8.0228138128279224474681541323661804199219e+03  +1.2773389236812220133288064971566200256348e+03  +1.8472680736816030844238412100821733474731e+02
-1.4098804731668590193294221535325050354004e+03  +6.3757016919333034365990897640585899353027e+02  -9.4514815407870207764062797650694847106934e+02
+3.2927385760062600184028269723057746887207e+02  +7.6541783646541171037824824452400207519531e+02  +4.4008220036649584017141023650765419006348e+02
+8.5652807986103681514578056521713733673096e+01  +5.5706237661885218415136478142812848091125e+01  +8.5479455545467502020073879975825548171997e+00
+2.3825693708481840076274238526821136474609e+03  -4.4731273837177777750184759497642517089844e+03  -6.3591254854102760418754769489169120788574e+02
+5.9575246423288547248375834897160530090332e+02  -1.9182018056776503271976253017783164978027e+03  +9.7038956201630844589089974761009216308594e+02
-4.3771053389649470233280226239003241062164e+00  +1.5694629859002894534114602720364928245544e+01  +4.9767674537978567883556024753488600254059e+00
+1.3009328963324898722930811345577239990234e+04  -1.1977841636232280961849028244614601135254e+03  +6.3122954284885790912085212767124176025391e+03
-1.4932016139214872964657843112945556640625e+05  -4.9356718782485759584233164787292480468750e+05  +2.0413579945383835001848638057708740234375e+05
-3.8961503053677432717449846677482128143311e+02  +2.3697389526017473144747782498598098754883e+03  -2.9529800058120649737247731536626815795898e+03
-2.7624091930636741381022147834300994873047e+03  +2.3433319062148009948032267857342958450317e+02  +3.7396122199999431359174195677042007446289e+03
-3.2223968039298071630582853686064481735229e+01  -9.6109897878412269278669555205851793289185e+01  +6.1136781120623609808717446867376565933228e+01
+5.1857057201114067912506300217501120641828e-02  -5.0118474474934835427575308131054043769836e+00  -1.9878349148810130486708658281713724136353e+01
-2.2263034119425232347566634416580200195312e+04  +1.2498597636247907303186366334557533264160e+03  -3.8207187609945489384699612855911254882812e+04
+6.1315602678936347729177214205265045166016e+03  -1.3009970642019945898937294259667396545410e+03  +1.7598991242105464607448084279894828796387e+03
+3.2462467684363209627917967736721038818359e+03  +4.2730192100530877041819621808826923370361e+02  +2.6468769594145110204408410936594009399414e+03
+6.8164341785863928180333459749817848205566e+02  +3.3702564849661866901442408561706542968750e+03  -2.0034090010667182468750979751348495483398e+03
-3.4556659875853125640787766315042972564697e+02  +1.0294151292735550669021904468536376953125e+03  +6.6310250129131445646635256707668304443359e+03
+5.0734381834803753008600324392318725585938e+03  +2.8977983331643185920256655663251876831055e+03  -1.0656293233482049345184350386261940002441e+03
+3.2867575125263283553067594766616821289062e+02  -2.9361074250594839440964278765022754669189e+02  +9.4025624827206627287523588165640830993652e+02
-6.9347683830961511830537347123026847839355e+02  -5.8637815452044396806741133332252502441406e+03  -3.2321265502224869123892858624458312988281e+03
+2.0111584301848350264663167763501405715942e+02  -1.5072481369955605146060406696051359176636e+02  -9.9935422417493043667491292580962181091309e+02
+3.5173521025606846706068608909845352172852e+03  -2.8640240381508829159429296851158142089844e+03  -5.1694914098437138818553648889064788818359e+03
-2.0146325067358973319642245769500732421875e+05  +4.2964124971012417518068104982376098632812e+04  -2.2116698158600218448555096983909606933594e+04
+1.3090676315349429614798282273113727569580e+02  +1.1438492707055166874852147884666919708252e+02  +4.5764857344464509480985725531354546546936e+01
+5.9582878731993833554270167951472103595734e+00  -5.0185208402340116151663096388801932334900e+01  -2.3633136705655115150648271082900464534760e+01
-3.3265749490219959625392220914363861083984e+03  -4.2378463107250108805601485073566436767578e+03  +2.0612152302083918584685306996107101440430e+03
+1.5704584632375003820925485342741012573242e+03  +4.5603532642245891111087985336780548095703e+03  -8.1201263065510340766195440664887428283691e+02
+6.8886466531268138169252779334783554077148e+02  -9.4298860406181393045699223875999450683594e+02  +1.3019615108103998863953165709972381591797e+03
-5.4614129391467406549054430797696113586426e+02  -1.8909609395655783714573772158473730087280e+02  -4.0084398722430796624394133687019348144531e+02
+8.9357539421710271199117414653301239013672e+02  -1.7378770084003574538655811920762062072754e+03  +5.7247749478640139386698137968778610229492e+02
-2.0078631987580101849744096398353576660156e+03  -8.5948308303730232182715553790330886840820e+02  +2.2620828919545874668983742594718933105469e+03
+3.1483495920072200533468276262283325195312e+03  +4.5045915048780880169942975044250488281250e+03  +2.0715422037692815138143487274646759033203e+03
-2.5025157635705691063776612281799316406250e+04  +2.6093034563383913337020203471183776855469e+04  -3.5623479915418400196358561515808105468750e+04
+1.7229561807211084101254527922719717025757e+02  +1.5951972943114557779153983574360609054565e+02  +2.3930219628815396504251111764460802078247e+02
-2.7713907562421780994554865173995494842529e+02  +6.7636955466034329731428442755714058876038e+00  +6.8795064711144311786483740434050559997559e+02
+2.7123064736114045558679208625108003616333e+01  -1.6514390321459902821743526146747171878815e+01  +8.0147521959462764584714022930711507797241e+01
-2.7897425773919565017422428354620933532715e+02  +5.4574321236534888157621026039123535156250e+03  +2.9153509219344514349359087646007537841797e+03
+1.5127784658473760828201193362474441528320e+03  +1.5184872246427451614181336481124162673950e+02  +5.8801569211166724926442839205265045166016e+02
-1.6471690480764527819701470434665679931641e+03  -1.4679363600099916311592096462845802307129e+03  -1.6201806777292636070342268794775009155273e+03
-2.2392197443490977093460969626903533935547e+02  -2.2053327300926680436532478779554367065430e+03  -6.2750288243138982124946778640151023864746e+02
-7.1729880552734982757101533934473991394043e+02  +4.0883575966443436300323810428380966186523e+02  -4.9286415938754004173460998572409152984619e+02
+4.8587274324932513991370797157287597656250e+03  -1.9064395752661096139490837231278419494629e+02  +3.1515554897370798244082834571599960327148e+03
+2.6186542790174339643272105604410171508789e+03  -1.0338313837600398983340710401535034179688e+03  -2.6117728698570840606407728046178817749023e+02
-5.7971285728434331758762709796428680419922e+03  -1.5578585826481530602904967963695526123047e+04  +4.8905244683038872608449310064315795898438e+03
-4.0959277219201297270956274587661027908325e+01  -5.9295517256013702933614695211872458457947e+01  -7.6458509501065293534338707104325294494629e+01
+8.4070520826174075068593083415180444717407e+01  +8.5130448143376008829363854601979255676270e+02  -3.6802826469871098424846422858536243438721e+02
+4.4504209990337983526842435821890830993652e+02  +1.5854583301044763743448129389435052871704e+02  +5.2761913191838482362072682008147239685059e+02
+8.0037503553677934178267605602741241455078e+03  +8.2723912238433822494698688387870788574219e+03  +1.0329970115284239000175148248672485351562e+04
+1.2856410541972906003138632513582706451416e+02  +3.2103945283937598276224889559671282768250e+01  +2.1369540009165447713712637778371572494507e+02
+5.3868535244863146260740904835984110832214e+01  +2.3528269619395780409831786528229713439941e+02  -1.6624387516486851268382451962679624557495e+02
+1.4642572007984816195858002174645662307739e+02  -7.8400426846657907731241721194237470626831e+01  -1.8512477756717447618939331732690334320068e+02
+4.0670790347608703996229451149702072143555e+03  +3.0181255311574063853186089545488357543945e+03  -6.5119352550395220191603584680706262588501e+01
-7.4492653598769118161726510152220726013184e+02  +7.0382588211217871503322385251522064208984e+03  -6.5363035780489744865917600691318511962891e+03
+1.0415175212661663408653112128376960754395e+03  -7.7429542270201386600092519074678421020508e+02  +1.3713412262126182667998364195227622985840e+03
-2.1269015639316012311610393226146697998047e+02  +6.2310270000009872148893919074907898902893e+01  -5.5265613841059291644342010840773582458496e+02
-4.3679399363557155311355018056929111480713e+02  -6.3187352613697512992985139135271310806274e+01  +3.5220381836556833832219126634299755096436e+02
-3.5807183270247044504230871098116040229797e+01  -4.7219341802934047791495686396956443786621e+02  +2.0357102956010855905333301052451133728027e+03
-6.5564044878853228510706685483455657958984e+03  +1.0834316712061410726164467632770538330078e+04  +2.3093621926050659567408729344606399536133e+03
-1.2069401631492457909189397469162940979004e+03  +1.9765154501373983748635509982705116271973e+03  -3.3108366217230019401540630497038364410400e+02
-1.6106756454890910390531644225120544433594e+03  +2.1990784322314989367441739886999130249023e+03  -1.0650327335088143172470154240727424621582e+03
-1.6309115461723215048550628125667572021484e+04  -3.9768150807715443079359829425811767578125e+04  +8.9049598145647265482693910598754882812500e+04
+7.1206300262062222827808000147342681884766e+02  +1.4698239229705461639241548255085945129395e+03  +9.7042773506329717747576069086790084838867e+02
-1.5818408506001173918775748461484909057617e+02  -3.1269912434854398952666088007390499114990e+02  +3.4021804972986757320541073568165302276611e+01
+5.3800199242036903513053403003141283988953e+01  -1.0913949003771347179281292483210563659668e+03  -1.6456160765351330610428703948855400085449e+03
-5.3869413964818395612610402167774736881256e+00  -3.9265250932432524955117969511775299906731e+00  -2.7063156198752151837538804102223366498947e+00
-1.2932368541482339878712082281708717346191e+03  +5.5724032296015889187401626259088516235352e+02  +1.6991364316572708048624917864799499511719e+03
+3.6808046408448598185714217834174633026123e+02  +6.0110084818998006994661409407854080200195e+02  -5.2836518616118962654581991955637931823730e+02
-3.8502801466561050619930028915405273437500e+05  +1.0378309189884684747084975242614746093750e+05  -1.0607042633116828801576048135757446289062e+05
+1.3740060979109568961575860157608985900879e+02  +6.3286631033437220139603596180677413940430e+02  +3.8453446264597954495911835692822933197021e+02
+8.4270373857752463209180859848856925964355e+02  +9.5915452545727293909294530749320983886719e+02  -7.5797553664756833313731476664543151855469e+02
-1.6367202611252641872852109372615814208984e+03  -6.7096891213847823109972523525357246398926e+02  -2.7058519385611464258545311167836189270020e+02
+2.0080647594031256630842108279466629028320e+03  +1.8177368182276413790532387793064117431641e+03  +1.8356663641427026050223503261804580688477e+03
+6.5465249810183877343661151826381683349609e+03  +1.5583891944561130003421567380428314208984e+04  -9.0621459978306893390254117548465728759766e+02
+8.1924509209804364218143746256828308105469e+02  +1.3308928412496899909456260502338409423828e+04  +9.0748647739570551493670791387557983398438e+03
-1.7039079408955039980355650186538696289062e+04  -1.5224808586927258147625252604484558105469e+04  -8.0858553975705353877856396138668060302734e+03
-1.4953466741534980428696144372224807739258e+03  +8.5762186849923587317334749968722462654114e+00  +1.3770793409177008470578584820032119750977e+03
+2.5158572046752510686928872019052505493164e+03  +2.0553614093232258710486348718404769897461e+03  -5.3664967439058700620080344378948211669922e+03
-1.3585138118538372964394511654973030090332e+03  +8.1080607565416835313953924924135208129883e+02  +2.6999090554729564246372319757938385009766e+03
-2.3917076752048214984824880957603454589844e+03  -6.7422387296575152504374273121356964111328e+02  +1.7008309918686609307769685983657836914062e+02
+1.3186887540706425170355942100286483764648e+03  +1.8461287970501464315020712092518806457520e+03  +5.7573145928108296232039720052853226661682e+01
-1.4779490982035413617268204689025878906250e+05  +1.0139123669930920004844665527343750000000e+05  -8.5073794220085546839982271194458007812500e+04
-8.3091094150117191929894033819437026977539e+02  +1.1592486341352669114712625741958618164062e+03  +6.7728368916047784864531422499567270278931e+01
-1.4629570694876465495326556265354156494141e+03  -3.5716412789361238537821918725967407226562e+03  -5.6852622137801643020793562754988670349121e+02
-3.0827986944990057871507360687246546149254e+00  -2.8214735763545211177927285461919382214546e+00  +2.6251817652838322914021773613058030605316e+00
+1.7233907181267590203788131475448608398438e+04  -1.2243345556918782222055597230792045593262e+03  +9.8117402808746337541379034519195556640625e+03
-1.8931331786186362364787783008068799972534e+02  +2.7064148050692881497525377199053764343262e+02  +5.1481958455971962962394172791391611099243e+01
-2.8355118772125561008579097688198089599609e+03  -3.6684066879048318696732167154550552368164e+03  -5.4781641914289684791583567857742309570312e+03
-1.1584680286081362282857298851013183593750e+05  -2.6297986778920429060235619544982910156250e+04  -2.7599222536260360357118770480155944824219e+04
-2.1834870236054936754044319968670606613159e+02  +5.0116029065415347076850594021379947662354e+02  +1.0747681049248202000967467029113322496414e+01
+2.4306210142072171720428741537034511566162e+02  +7.7729697319148087331086571794003248214722e+01  -7.1139694932687547179739340208470821380615e+01
-1.7120222856546583045656007016077637672424e+00  +2.3880800436762288363468087482033297419548e+00  -5.8870950944770583657117413167725317180157e-01
-3.5106047189819757477380335330963134765625e+04  -2.1830909878441685577854514122009277343750e+04  +9.2377067083677757182158529758453369140625e+03
+1.5953687487102527597926382441073656082153e+02  +2.6283002513438242431220714934170246124268e+02  +1.7709469363757369819722953252494335174561e+02
+6.1038978245043767856259364634752273559570e+02  -1.8160018405847355893456551712006330490112e+02  -9.0650821718607119237276492640376091003418e+02
-1.1120981620660595012850535567849874496460e+02  -4.6201540017598341592020005919039249420166e+02  +9.1742872493165052105723589193075895309448e+01
+2.3771996155708242781656736042350530624390e+02  +1.5093078662808891294844215735793113708496e+03  -6.9008583791833234499790705740451812744141e+02
+6.1322368524985392923554172739386558532715e+02  -1.6003394390594326068821828812360763549805e+03  +6.3286789447597379876242484897375106811523e+02
-1.2965710062797552382107824087142944335938e+04  -2.2692309961403370834887027740478515625000e+04  +9.8873752705033184611238539218902587890625e+03
-3.5711209659864264764905783522408455610275e+00  -2.7870761188930162077781460538972169160843e+00  -4.4543272338264588983136604838364291936159e-01
-6.1058404001671135574724758043885231018066e+02  -2.5940759009490233211181475780904293060303e+02  +2.3440509202132619748226716183125972747803e+02
+3.6413831168652443182054412318393588066101e+01  -1.8247529238815150876007464830763638019562e+01  -3.5575399923082507314120448427274823188782e+01
+1.2230998117964927223511040210723876953125e+05  +3.5301257147906078898813575506210327148438e+04  +2.9881076614291931036859750747680664062500e+04
-6.9718571851734031952219083905220031738281e+03  +7.0610928862424752878723666071891784667969e+03  +1.4831646222287724867783254012465476989746e+03
+3.8242675316332251895801164209842681884766e+03  +2.5101443047973889406421221792697906494141e+03  -2.2944704617741076617676299065351486206055e+03
+9.4971610323480518900396418757736682891846e+01  +9.1542675994123055005502465064637362957001e+00  -2.8594148086261446906064520590007305145264e+02
+2.5161160712064774003238198929466307163239e+00  -5.0871296373977763494167447788640856742859e+00  +9.0450267563175956730958660045871511101723e-01
+7.7744575494517300739971688017249107360840e+02  -3.5167979674822431661596056073904037475586e+03  +1.1870526979717026279104175046086311340332e+03
+8.0446638974389045984025869984179735183716e+01  +2.7609157524977428010970470495522022247314e+02  +2.9537376747592651327067869715392589569092e+02
+2.2485151002232896644272841513156890869141e+02  -6.9754651736759896607509290333837270736694e+01  -7.5962826232282077398849651217460632324219e+02
-1.7465914101288012716395314782857894897461e+02  +4.6751346361304103993461467325687408447266e+02  -7.7686666861964071006951826348085887730122e-01
-1.9092941412325203600630629807710647583008e+03  +1.0323325550133087745052762329578399658203e+04  +1.2202098947871598284109495580196380615234e+04
-2.9589655177519824746923404745757579803467e+02  -6.2865497822460952193068806082010269165039e+02  +4.7295205542957239686074899509549140930176e+02
-2.0396712468686730517219984903931617736816e+03  -1.1727995474725858002784661948680877685547e+04  -8.5115689944724272208986803889274597167969e+03
-3.4050817630989519102513440884649753570557e+02  -1.8808218919267187629884574562311172485352e+02  -2.3116722968542276817061065230518579483032e+02
-1.9690928192999757584402686916291713714600e+02  -1.2212536580045275513839442282915115356445e+03  +1.6760296397864408390887547284364700317383e+03
+3.8845344894479251252050744369626045227051e+02  -3.3876204616754023390967631712555885314941e+02  -3.5531981163675379775668261572718620300293e+02
+2.6257818501691758865490555763244628906250e+05  +1.4992617554123536683619022369384765625000e+05  -7.3678979873890697490423917770385742187500e+04
+1.1266633646067856170702725648880004882812e+05  +3.6494911616984015563502907752990722656250e+05  -5.2270555470244671596447005867958068847656e+03
+1.3425708407284959685057401657104492187500e+05  -1.3799954955601491747074760496616363525391e+04  -5.6505553556932034553028643131256103515625e+04
+1.9826989538959244327998021617531776428223e+03  +8.2786884344721363504504552111029624938965e+02  -3.3536595967312871380272554233670234680176e+02
-2.5332655459511474873579572886228561401367e+03  +7.7189826515798279160662787035107612609863e+02  -2.0033458761884362502314615994691848754883e+03
-3.1797925322708044859609799459576606750488e+02  -2.2758416525675730213151837233453989028931e+02  -6.5851973145683160737462458200752735137939e+01
-1.2812859198375676351133733987808227539062e+05  +5.0831996244003039464587345719337463378906e+03  +4.7811722205407037108670920133590698242188e+04
+1.0076953075438842688527074642479419708252e+03  +3.5832924869473237095007789321243762969971e+02  +4.0024735719566228908661287277936935424805e+02
-4.2128218329190372060111258178949356079102e+02  -4.2587670229210989418788813054561614990234e+03  +7.6035373738584894454106688499450683593750e+02
-5.1230698001092309823434334248304367065430e+02  -7.4852139432190112344756016682367771863937e+00  +1.3865164247703626188013004139065742492676e+02
-4.6583575068840372068734723143279552459717e+02  -4.9722496249422204073198372498154640197754e+02  +4.8035120292825112642276508267968893051147e+01
+1.2437689297693059415905736386775970458984e+03  -3.6399970955753701673529576510190963745117e+03  -6.9550779822113884165446506813168525695801e+02
-3.0009220251928718425915576517581939697266e+02  -8.7626033600702646708668908104300498962402e+02  +1.0392265524047736562351929023861885070801e+03
-1.5554888317751197064353618770837783813477e+03  -1.2733046656544270263111684471368789672852e+03  +1.2595032080811761261429637670516967773438e+03
+2.4816767550998644509263613144867122173309e+01  +1.1970593877438025174342328682541847229004e+03  +2.5743919292842892900807783007621765136719e+03
+8.8961417125414027395891025662422180175781e+02  +2.9728419026851197486394084990024566650391e+03  +9.2717381397252472652326105162501335144043e+02
+3.3816286826699579250998795032501220703125e+03  +4.1814218889569719976861961185932159423828e+03  -1.4114491265745548389531904831528663635254e+03
-1.3140904445946439409453887492418289184570e+03  +1.2285847368671622348301752936094999313354e+02  -2.4321075824867889991764968726783990859985e+02
-6.7309428390990224215784110128879547119141e+03  +3.8883346121206891439214814454317092895508e+03  -4.4433354775007192074554041028022766113281e+03
+1.4108880879938720909194671548902988433838e+02  +2.4389359039569481524267757777124643325806e+02  +4.5199253626667587013798765838146209716797e+02
+1.8066214377059495177491044159978628158569e+02  -7.9373420166350570070790126919746398925781e+02  -3.1145936633658652681333478540182113647461e+02
+3.6688814775817096233367919921875000000000e+04  +1.5404565400164697166474070399999618530273e+03  +5.7780789038764021825045347213745117187500e+04
-6.3572687545580528478694759542122483253479e+00  +4.9129456775722914585458056535571813583374e+01  +9.7741078436317422983847791329026222229004e+02
-3.7683767053581743766699219122529029846191e+02  +1.5949051989904234005734906531870365142822e+02  -5.2014166656997701920772669836878776550293e+02
+1.0944380728476687636430142447352409362793e+03  -2.3562757204639347037300467491149902343750e+03  -2.3840742553769296137033961713314056396484e+03
+4.1730354970380676604690961539745330810547e+02  +1.0610171014072370780922938138246536254883e+03  +2.1967671645709509675725712440907955169678e+02
-2.3325610034365166711722849868237972259521e+02  +3.9094813344980284455232322216033935546875e+03  +1.9119531399964674278635357040911912918091e+02
-1.2899071468158574134577065706253051757812e+04  -4.5207093773966116714291274547576904296875e+04  -1.2555776732198116951622068881988525390625e+05
+8.9668179723670300518278963863849639892578e+02  -5.0096085180360989852488273754715919494629e+02  +8.3735648329232196829252643510699272155762e+02
-2.2764289786822027394919132348150014877319e+02  -2.4826671842596519468315818812698125839233e+02  +1.3884747274075755285593913868069648742676e+03
+2.7579503950427106673259913804940879344940e+01  -1.0967219920301697584363864734768867492676e+03  +1.9446617430026853980962187051773071289062e+03
+1.2705258201116037071187747642397880554199e+03  +6.9245399408317280176561325788497924804688e+02  +4.4028127301929634995758533477783203125000e+03
+5.7373172637514801408542552962899208068848e+02  -1.0018389803899575554169132374227046966553e+03  +1.7875181844167232156905811280012130737305e+03
-8.5665074926731335835938807576894760131836e+02  -4.1646095875913886175112565979361534118652e+01  -3.2315210205430075802723877131938934326172e+03
-1.0224581081984035790810594335198402404785e+03  +1.0337001292041643409902462735772132873535e+03  -9.1758755947469410330086247995495796203613e+02
-9.4701547853189936176931951195001602172852e+01  -1.0734474127352395100842841202393174171448e+02  +9.7221726982304559783187869470566511154175e+01
+9.6427432179831669145642081275582313537598e+02  -3.1456701004733241688882117159664630889893e+02  +9.6755712023986359326954698190093040466309e+02
+1.6580583642624776530283270403742790222168e+02  -2.4788272311585860308014162001200020313263e+01  -1.7014542975268921054521342739462852478027e+02
-1.4487976390883608246440417133271694183350e+02  -1.3041356481015316148841520771384239196777e+02  +5.2917113762684437006100779399275779724121e+02
-9.2014888571084552104650811088504269719124e-01  +1.2918943696182465075139589316677302122116e+01  +4.0140871187935331931839755270630121231079e+01
-6.9187662975338866999663878232240676879883e+02  -6.2969076891381541827286127954721450805664e+02  +2.5490128947690777749812696129083633422852e+02
+1.4734977683129502565861912444233894348145e+03  +5.0042298577486025124017032794654369354248e+02  -6.9301742999085013252624776214361190795898e+02
-6.5155820953054671917925588786602020263672e+02  +2.1723300063885073996061692014336585998535e+02  -2.2389212560926799255867081228643655776978e+02
+6.1743814767541261971928179264068603515625e+03  -2.7620041012810143001843243837356567382812e+04  -1.0002658071296771595370955765247344970703e+04
+7.2610743910439998671790817752480506896973e+02  -7.6178040611506946788722416386008262634277e+02  -1.2505405727347395838933152845129370689392e+02
+1.7188932485239827201439766213297843933105e+03  +5.0254188260443930857945815660059452056885e+02  -1.0475007416754333462449721992015838623047e+03
+1.6680918982611373735380766447633504867554e+02  -1.2200863454446627542893111240118741989136e+02  -6.3001100408567560862138634547591209411621e+02
+4.0929477890312921317672589793801307678223e+02  +1.8134690402503497352881822735071182250977e+03  -1.4875124340013567234564106911420822143555e+03
+2.4247620185413093167881015688180923461914e+03  -1.1228598238241507715429179370403289794922e+04  -2.3835849781007000274257734417915344238281e+03
-9.7089282897687488002702593803405761718750e+04  +6.9007700726886294432915747165679931640625e+04  +2.2723614314147045661229640245437622070312e+04
+1.1545892387216061081289808498695492744446e+02  -7.2699627078955290926387533545494079589844e+03  +8.8546042351641403911344241350889205932617e+02
-2.4661333817470713256625458598136901855469e+03  -2.6713603342953888386546168476343154907227e+03  +2.7823778902988087793346494436264038085938e+03
+4.9785392563320368708446039818227291107178e+02  -4.7796669996322805218369467183947563171387e+02  +6.4666632591464724555407883599400520324707e+02
+1.6764414010235494600919992080889642238617e+01  +1.9505157417008666698166052810847759246826e+02  +6.1443697693158391359702363843098282814026e+01
-1.8174313351490329182524874340742826461792e+02  -8.9835967184910330729508132208138704299927e+01  +4.0450906594252103332109982147812843322754e+02
-2.8654359962491338364998227916657924652100e+02  -1.4273407145314761237386846914887428283691e+03  +1.1570287063036323615961009636521339416504e+03
-7.3777286968868560506962239742279052734375e+04  -2.4616434925768931861966848373413085937500e+04  -7.5536716461814476133440621197223663330078e+03
-5.2620751236808621342788683250546455383301e+02  +6.1501613075351860970840789377689361572266e+02  -1.0385712809701335572754032909870147705078e+03
-1.0387027949918567173881456255912780761719e+04  -1.6214540605625972602865658700466156005859e+04  +1.3673028163776322685407649260014295578003e+02
+1.3948797770100763955269940197467803955078e+03  +5.0735368296091255615465342998504638671875e+03  -2.4510575372565685370318533387035131454468e+02
-8.4869454834399235210184997413307428359985e+01  +6.7014087835943030313501367345452308654785e+01  -2.0900593732489969767129878164269030094147e+01
+1.0246744959335635485331295058131217956543e+03  +8.8518643181474203629477415233850479125977e+01  +2.5872152400976005992561113089323043823242e+03
+2.8760676295733032930002082139253616333008e+03  -3.0655127700385014577477704733610153198242e+02  +1.1774944612163403689919505268335342407227e+03
+1.0633698274937310088716913014650344848633e+03  -1.2702019453549100944655947387218475341797e+03  -2.2008860914729129376610217150300741195679e+02
+1.5469371527381035775761120021343231201172e+03  -1.2461252340880432711855974048376083374023e+03  -3.5098310404476728763256687670946121215820e+02
-5.5707528039147132403741125017404556274414e+02  +1.3321574903409859871317166835069656372070e+03  +4.6289509298436684048283495940268039703369e+02
-5.0199630774205779744079336524009704589844e+03  +2.7278069876589752311701886355876922607422e+03  -3.4040032426140219286025967448949813842773e+03
+2.5738928492127419303869828581809997558594e+04  -4.3493579252394811192061752080917358398438e+03  -1.5806299626796866505173966288566589355469e+04
+2.5366813411067825612121851008851081132889e+00  +2.7789629093815727856053854338824748992920e+02  +2.6626422690076702792794094420969486236572e+02
+9.0956172391421290512880659662187099456787e+01  -2.3141817516484144334754091687500476837158e+02  +4.4550770140452380019269185140728950500488e+02
+2.9720536536460845127294305711984634399414e+03  -6.8973511991593102266051573678851127624512e+02  -4.0245673034770652520819567143917083740234e+03
-1.6295809138951060504041379317641258239746e+03  -8.7303871309301086967025185003876686096191e+02  -1.2090071965704398735397262498736381530762e+03
-1.8874604421261719267022272106260061264038e+02  +3.0084458287521738384384661912918090820312e+02  +7.8935519427100109624007018283009529113770e+02
-1.0447952061007563315797597169876098632812e+03  -6.2413095970672351597841043258085846900940e+01  +5.4473767914316840688115917146205902099609e+02
-1.2402350227071381141286110505461692810059e+03  +6.2010192466953240000293590128421783447266e+03  -1.2221678247192321578040719032287597656250e+04
+9.8704091307510353203724662307649850845337e+01  +9.8674636361702710019017104059457778930664e+01  -1.3335193641328510238963644951581954956055e+02
+7.2578244808298613861552439630031585693359e+03  -7.3349215474092161457519978284835815429688e+03  +1.0935435302941921236197231337428092956543e+03
+9.3781793938551754763466306030750274658203e+02  -8.5231395690863303116202587261795997619629e+02  -4.8393550237676322467450518161058425903320e+02
+5.0647342405513762741975369863212108612061e+02  -1.2287135951569194958210573531687259674072e+02  -1.4746544373079550496186129748821258544922e+03
+1.3978202693219346110709011554718017578125e+05  -8.8023651985744640114717185497283935546875e+04  +1.4931623625239712418988347053527832031250e+05
+1.9340220194559669835143722593784332275391e+03  -1.4364400091878321745753055438399314880371e+03  -5.6154020094006955332588404417037963867188e+02
-2.7239115547326414343842770904302597045898e+03  -3.4741951119404359360487433150410652160645e+02  +1.5587352657875287604838376864790916442871e+03
+6.4233860718578311207238584756851196289062e+04  -9.1893138558985767303965985774993896484375e+04  +4.8536997738384066906291991472244262695312e+04
+1.8421025432423104462031915318220853805542e+02  +3.3254187950759316549920185934752225875854e+01  -6.6633629102221632933833461720496416091919e+01
+3.0172006184714042831274127820506691932678e+01  +2.2416642830516357776104996446520090103149e+02  -1.0074245121826959348254604265093803405762e+02
-5.1323572832798367926443461328744888305664e+02  -2.5432504281504006371505965944379568099976e+02  -7.3300441832423348387237638235092163085938e+02
+1.0130933831070955193354166112840175628662e+03  +1.1117889599831567011278821155428886413574e+03  +5.4352907530011418657522881403565406799316e+02
+3.4127195481974808899394702166318893432617e+02  -1.0708543088687781619228189811110496520996e+03  -3.0304273788233431332628242671489715576172e+03
-1.2941043055787343973861425183713436126709e+02  -1.0764258474132176957027695607393980026245e+02  +9.8386636245662074884421599563211202621460e+01
+6.4131620156415215205925051122903823852539e+02  +3.7530948878964604773500468581914901733398e+03  +5.6277576647345608762407209724187850952148e+02
+8.4231438851352336882882809732109308242798e+01  +9.3098346359122405857533522066660225391388e+00  -9.9084378775359596147609408944845199584961e+01
+1.6373859459271198346641540410928428173065e+01  +2.2315856645684184478284350916510447859764e+00  -3.1965356760644114686442662787158042192459e+00
-1.7402828809142238242202438414096832275391e+02  -1.1190710392020139352098340168595314025879e+02  -1.9123204803094370163307758048176765441895e+02
-8.2711534883876822732418077066540718078613e+01  -2.6418541107434980403922963887453079223633e+03  +1.5165209864834916970721678808331489562988e+03
-9.1667178049949859541811747476458549499512e+02  -1.4742050799441088315688830334693193435669e+02  -4.5850192975178458709706319496035575866699e+02
+6.5113360015899900190561311319470405578613e+02  -1.1203395617385112927877344191074371337891e+03  +3.8912961257231307854453916661441326141357e+02
+1.9906358079010249184648273512721061706543e+02  -6.7793806342498942285601515322923660278320e+02  +1.5642519645630821401027787942439317703247e+02
-1.0874186224611468787770718336105346679688e+05  -7.0932873635677184211090207099914550781250e+04  -1.0639494068054307717829942703247070312500e+05
-5.1337038254677202075981767848134040832520e+02  +3.0405218688772418289545385050587356090546e+01  -8.0602944776356082456914009526371955871582e+02
+8.7331013025191032284055836498737335205078e+02  +2.4344936465224204766855109483003616333008e+03  -2.2534796120310215883364435285329818725586e+03
+2.1654454045279658203071448951959609985352e+02  +3.2181093426746559771345346234738826751709e+02  -1.0497549392625262498768279328942298889160e+03
-2.1828769908838548872154206037521362304688e+03  -1.7584517206756902396591613069176673889160e+03  +5.8130721835270496740122325718402862548828e+03
+1.0884729718447708819439867511391639709473e+03  -6.5174941063703931831696536391973495483398e+02  -2.2892964237826681710430420935153961181641e+03
-1.5435647922128003628472470154520124197006e+01  +2.9882390648165507940348106785677373409271e+01  -3.8765315604034009311362751759588718414307e+02
+1.2564257381559266377735184505581855773926e+03  +6.2525431464051746388577157631516456604004e+02  -2.5624222840599113624193705618381500244141e+03
-2.0892206897107661234258557669818401336670e+02  +3.5180189107878677532426081597805023193359e+03  -1.3935646335948956675565568730235099792480e+03
+6.2659797956089477111163432709872722625732e+01  +2.1430209841319061148112723458325490355492e+00  +1.9746254593305170033090689685195684432983e+02
+2.9391538477065828374179545789957046508789e+03  +4.1962837939003067731391638517379760742188e+04  +9.5900943166216311510652303695678710937500e+03
+9.0945440020786190871149301528930664062500e+03  -8.7531662723071042364608729258179664611816e+02  -1.8234866548541260272031649947166442871094e+04
-8.1635377663931888037041062489151954650879e+02  +9.4260808971542028302792459726333618164062e+03  +1.4403343846258538178517483174800872802734e+04
+3.8844710047639958793297410011291503906250e+05  -1.0021102383438841206952929496765136718750e+05  +9.4903487623126828111708164215087890625000e+04
-2.2789364728498396289069205522537231445312e+04  -2.3127976196229010383831337094306945800781e+04  -8.7989544836492441390873864293098449707031e+03
-3.2054976769426036753429798409342765808105e+02  -4.7559703356564938303563394583761692047119e+02  +4.6573658226521001779474318027496337890625e+02
+1.7717050664068492551450617611408233642578e+03  -6.0134670792815359163796529173851013183594e+02  +5.8709706869637113868520827963948249816895e+02
+3.6768147265737150064524030312895774841309e+02  -6.9487775061012655442027607932686805725098e+02  -6.5038713709650232885906007140874862670898e+02
-6.9440769615555450400279369205236434936523e+02  +2.1007210892080982489460438955575227737427e+02  -8.2573702289285608912905445322394371032715e+02
-5.6969914655700040384544990956783294677734e+02  -1.8007466880476661117427283897995948791504e+03  +1.3818453683207844733260571956634521484375e+03
-1.4963977951589754411543253809213638305664e+03  -3.5805442297760677661244699265807867050171e+01  -8.3337784621309049271076219156384468078613e+02
+3.5145578427190429238180513493716716766357e+02  +1.0947509849112645952118327841162681579590e+03  +1.4253918625541953701940656173974275588989e+02
+5.9493919345248002628068206831812858581543e+02  +4.3522670594762956852719071321189403533936e+02  -6.9657792811573551716719521209597587585449e+02
+2.1268040104865613102447241544723510742188e+03  -4.7176832296817758560791844502091407775879e+02  -5.4957749678331947507103905081748962402344e+02
-2.2087008740156034036772325634956359863281e+03  +4.2919750285474065094604156911373138427734e+03  +2.0517834195146006095455959439277648925781e+03
-1.7829637726894651450493256561458110809326e+02  +1.2573028956540895251237088814377784729004e+02  -6.8122849601635311955760698765516281127930e+02
+2.0364028616329139822482829913496971130371e+03  +4.0656160605424292953102849423885345458984e+03  -3.7335745478482485850690864026546478271484e+03
+1.7239922199752315646037459373474121093750e+05  -3.4695100791383979412785265594720840454102e+03  +2.7140407666352851083502173423767089843750e+05
-1.9207681989460402292024809867143630981445e+03  -7.0213380965622832263761665672063827514648e+02  +2.5580504042659135848225560039281845092773e+03
-2.9348999011337297270074486732482910156250e+05  -1.3529887752465863013640046119689941406250e+05  +1.3247836571433022618293762207031250000000e+05
-1.1146472865201899367093574255704879760742e+03  -2.5902595415969294663227628916501998901367e+03  +1.4045837490173200876597547903656959533691e+03
-6.2096111496840985637390986084938049316406e+03  -7.9415927386590749392780708149075508117676e+02  +1.0496477212027322821086272597312927246094e+04
-6.0089815938515664583974285051226615905762e+02  +1.9724099264968202760428539477288722991943e+02  -3.4889260917569790763081982731819152832031e+03
-9.4972579092991683864966034889221191406250e+04  -2.5467054680724584613926708698272705078125e+05  +1.6281361109439807478338479995727539062500e+05
-5.2648870313552981770044425502419471740723e+02  -1.7656266265655542611057171598076820373535e+03  -1.4399616914671553331572795286774635314941e+03
+3.5347310883256199076640768907964229583740e+01  +2.9553209797050392637629556702449917793274e+01  +1.3127707075852276830119080841541290283203e+02
-2.7990810768451069634465966373682022094727e+02  +1.9114839299846198628074489533901214599609e+03  -2.6451536571257355490160989575088024139404e+02
-3.0661958997378083040530327707529067993164e+03  -7.9581583716736713540740311145782470703125e+02  +1.3388252287764651100587798282504081726074e+03
+2.2407284538807982698926934972405433654785e+02  -8.5362713525040658169018570333719253540039e+02  +6.7305286898142981044657062739133834838867e+02
+1.4081719846385210985317826271057128906250e+04  +3.9392589106354105751961469650268554687500e+04  -9.1670229870449518784880638122558593750000e+04
+1.5488670940353458718163892626762390136719e+03  -1.7607786214337545516173122450709342956543e+03  -3.5385356419615868617256637662649154663086e+03
+3.3636770656486851294175721704959869384766e+02  +1.1969496443030868704227032139897346496582e+03  +1.0456525754742284561871201731264591217041e+02
+5.3983636497403504108660854399204254150391e+03  -1.3438654610987239720998331904411315917969e+04  -2.7030927099664809247769881039857864379883e+03
-2.9919020646387843953561969101428985595703e+02  -1.3279181824262957434257259592413902282715e+02  -2.0533648391531587549252435564994812011719e+03
-3.6916046857144810928730294108390808105469e+03  -5.7035757387507737803389318287372589111328e+03  -2.0963090688419747493753675371408462524414e+03
+7.4768293356990488973679021000862121582031e+02  -7.2439678828823207368259318172931671142578e+02  +4.3880399631983868857787456363439559936523e+02
+2.5793587216592004551785066723823547363281e+03  -3.8629779117200919245078694075345993041992e+03  -1.8637470995496139494207454845309257507324e+03
+8.3823266328419099302493577852146700024605e-01  -5.6700016679441906930492223182227462530136e+00  +8.4719474794448268450963723807944916188717e-01
+4.9456561567443110050135146593675017356873e+01  +6.7916762049793987898738123476505279541016e+01  +3.4560385991714518638673325767740607261658e+01
-3.4391616021377939205194707028567790985107e+02  -1.1798884225964686720544705167412757873535e+03  -9.4222296417118877798202447593212127685547e+02
-2.9492846174608638420977513305842876434326e+02  +1.7721634556832708540241583250463008880615e+02  +5.6168486643957999149279203265905380249023e+02
+7.2571178900639197308919392526149749755859e+03  +2.3370269570924310755799524486064910888672e+03  +2.7913380652263640513410791754722595214844e+01
+1.9039276621500553687837964389473199844360e+02  -6.1587665754297529474570183083415031433105e+02  +2.9066026103431050842118565924465656280518e+02
+3.6279171291433635815337765961885452270508e+02  -1.5988520503506754266709322109818458557129e+02  -8.1735202082224577679880894720554351806641e+02
-6.9254434850036150237428955733776092529297e+03  +1.6135557831823070955579169094562530517578e+04  -7.1808095870388924595317803323268890380859e+03
+1.2747248112355718774324486730620265007019e+02  +6.1819624334108743823890108615159988403320e+02  +1.2431954374507381277936701735598035156727e+00
+1.0554570602268489892594516277313232421875e+04  +4.0039379351195270828611683100461959838867e+03  -1.5492659780358985699422191828489303588867e+03
+2.1001719592223402287345379590988159179688e+04  +2.3136685073904140153899788856506347656250e+04  +4.0263667236958626745035871863365173339844e+03
-1.6398588717136506147653562948107719421387e+03  +9.7603963290753617911832407116889953613281e+03  -1.8513568110687544958636863157153129577637e+03
-2.4726980952871852537100494373589754104614e+02  +7.3499023248204935043759178370237350463867e+02  -3.3317568597849282241440960206091403961182e+02
+2.9284834307438148925939458422362804412842e+02  -1.0753850819441991006897296756505966186523e+03  -5.4703018862863007143459981307387351989746e+02
+5.3087268780916595289909309940412640571594e+01  +3.5157116266599061304987117182463407516479e+01  -4.9028755200653169055158286937512457370758e+00
-1.2421756796607937758381012827157974243164e+03  -3.3686272628991537203546613454818725585938e+02  -1.5361077432101899375993525609374046325684e+03
+7.1016226326450941996881738305091857910156e+02  -2.7989012358653599221725016832351684570312e+02  +9.4220441141291274789182352833449840545654e+01
-1.4941693391427154438133584335446357727051e+03  +1.2874072610703325381109607405960559844971e+02  +2.2045903314419570051541086286306381225586e+02
+2.5469110531827826093831390608102083206177e+02  +7.7751733211379939803009619936347007751465e+02  +3.4163311229098826515837572515010833740234e+02
+3.4771168312518268066924065351486206054688e+04  -9.7490751210068228829186409711837768554688e+03  +1.9102237506901565211592242121696472167969e+02
+3.4363481973835462213173741474747657775879e+02  -8.1611144258629281011963030323386192321777e+02  -1.8658532741824535605701385065913200378418e+02
+4.4564332699463302560616284608840942382812e+03  -1.9424723910485545275150798261165618896484e+03  +1.4847675335887905021081678569316864013672e+04
-7.2280788916327867354993941262364387512207e+02  -1.2700307832636125837666440929751843214035e+01  +1.7105276068589671467634616419672966003418e+03
+1.4262609066539326363454165402799844741821e+02  -1.1515370686934422792546683922410011291504e+03  +2.8683533442715201999817509204149246215820e+03
+1.0604818317542890326876658946275711059570e+03  -9.4858229323590840067481622099876403808594e+03  +1.6057695537841757413843879476189613342285e+03
-2.2375500006525517164845950901508331298828e+03  +1.8578722504220042992528760805726051330566e+03  +6.1671611923801619923324324190616607666016e+03
+1.7016838300552419696032302454113960266113e+03  -2.3788377481497095686790999025106430053711e+03  -4.4191311197197010187665000557899475097656e+03
-3.4432141326621576808975078165531158447266e+03  +1.6143898561561168207845184952020645141602e+03  -4.3363373513996168640005635097622871398926e+02
+4.7420779268005929907303652726113796234131e+02  -1.7536427275551062621161690913140773773193e+02  -1.8010092664323502731349435634911060333252e+02
-2.2959749637542367963760625571012496948242e+03  -1.2143926034527848401012306567281484603882e+02  -1.0732767203217208589194342494010925292969e+03
+1.6956156697636617991520324721932411193848e+03  -7.4874798396165215308428741991519927978516e+02  -1.8978540483513183971808757632970809936523e+03
+2.8520771044055977654352318495512008666992e+03  -6.1527392632735372899333015084266662597656e+03  -6.7339744979088318359572440385818481445312e+03
+8.6520097177314130476588616147637367248535e+02  +1.4326948788157753824634710326790809631348e+03  -5.7200732729251001273951260372996330261230e+02
+2.2612714629480154826524085365235805511475e+02  -1.4367807831827722111484035849571228027344e+03  -3.7998549574631181258155265823006629943848e+02
+1.0170525020560993425533524714410305023193e+03  +2.4792908594471050776064657839015126228333e+01  -2.4746367983149293650058098137378692626953e+03
+2.3018586854712411877699196338653564453125e+04  +4.6497884387471538502722978591918945312500e+04  +9.0129020047528520080959424376487731933594e+03
-2.6421394892225609510205686092376708984375e+04  +4.3316344466181399184279143810272216796875e+04  +8.5775429805430743726901710033416748046875e+04
+1.5036013063636239621700951829552650451660e+03  -1.2803851244496806316419679205864667892456e+02  +6.7704503241316729145182762295007705688477e+02
-1.6272575107151044448983157053589820861816e+02  +7.0710562486657374847709434106945991516113e+02  -1.3879984190127668171044206246733665466309e+03
+5.9616901566796150291338562965393066406250e+02  -1.0279727244030784731876337900757789611816e+03  -5.8631636970800173003226518630981445312500e+02
+1.6684340134633100660721538588404655456543e+02  -9.4917851461541476965066976845264434814453e+02  -5.8327853801720289084187243133783340454102e+02
-3.0301741071351824530211160890758037567139e+02  +5.7897975064959246083162724971771240234375e+02  +9.3721327846508665970759466290473937988281e+02
+7.0274665652371012924959359224885702133179e+01  +1.1713956383086711809937696671113371849060e+02  +1.4168222412989692315932188648730516433716e+02
+2.3150167247621720889583230018615722656250e+03  +4.0333295661320715908004785887897014617920e+02  -7.6683014351057784097065450623631477355957e+02
+1.9574136999422910321300150826573371887207e+03  +1.0233607456142448199898353777825832366943e+03  -1.2062093862795671839194255881011486053467e+02
-1.2726957319557059236103668808937072753906e+03  -4.9206028851138722757241339422762393951416e+02  +1.7310122852779309141624253243207931518555e+03
-1.2677223733089993402245454490184783935547e+04  -7.4425658065521010939846746623516082763672e+03  -1.9459250521508169185835868120193481445312e+04
+1.7921385952205068861076142638921737670898e+03  -3.1456723098699521870003081858158111572266e+03  +7.8180382822074152500135824084281921386719e+03
-5.8820103098218488923976110527291893959045e+01  +5.9748098498597414618416223675012588500977e+01  +4.4245700601763030590518610551953315734863e+02
-1.2844425663540375808224780485033988952637e+03  +5.9633483853278198694169986993074417114258e+02  -3.4368775401682310075557325035333633422852e+03
-1.3060422628812023049249546602368354797363e+03  +4.3871932776293834876923938281834125518799e+02  +6.0205280506674171192571520805358886718750e+02
-4.8878379931539399194662109948694705963135e+02  +9.6880507786235784806194715201854705810547e+02  -5.9789362753563761998520931228995323181152e+02
-1.6217583489366888898075558245182037353516e+03  -2.8909980284968369232956320047378540039062e+03  -2.5038484645726261987874750047922134399414e+03
-2.7547290908227432737476192414760589599609e+03  +1.7537850239720731337911274749785661697388e+02  -1.9475638237814143849391257390379905700684e+02
-1.1235186529818277278991445200517773628235e+02  -9.0323104510381199361290782690048217773438e+02  +8.9966664213187414134154096245765686035156e+02
+3.7006572947314211319280730094760656356812e+01  -1.2662146794502586999442428350448608398438e+02  -1.6223568405825483296212041750550270080566e+02
+5.1047269407462003698583430377766489982605e+01  +1.1277785946459978276834590360522270202637e+03  -9.8282999991962321928440360352396965026855e+02
+7.4955322551904690620006022072630003094673e-01  +3.2908032992275863648501399438828229904175e+01  -7.4833877472540164532688322651665657758713e+00
+5.8263077096664943610448972322046756744385e+00  +1.7860224899458240765959260443196399137378e-01  -1.7898807262605348711304031894542276859283e+01
-5.1462640579382650685147382318973541259766e+02  -1.0343166475906261894124327227473258972168e+03  +7.5538106160229608576628379523754119873047e+02
+1.4175101896685689553123665973544120788574e+03  -2.8205285039499170807175687514245510101318e+02  -1.5308587396927321151451906189322471618652e+03
+8.9154772248143729029834503307938575744629e+02  +1.1621534093327824166408390738070011138916e+01  -1.2202062602863738902669865638017654418945e+03
+1.8206394518941858677862910553812980651855e+03  -7.4198825377691684934688964858651161193848e+02  -4.9875261932973398870672099292278289794922e+03
-1.3596693953743436367176400381140410900116e+01  +1.4106606461974344313148321816697716712952e+01  -3.9090870595456532754496947745792567729950e+00
+2.6621458162239258626868831925094127655029e+02  +9.8365023797938329153112135827541351318359e+02  -6.6165460235721320714219473302364349365234e+02
+1.1373675591560318025585729628801345825195e+03  -6.3434896888865739583707181736826896667480e+02  +3.7417635609910769289854215458035469055176e+02
+4.5389287093547181939356960356235504150391e+03  -1.1703776033945007384318159893155097961426e+03  +2.5413669687361237947698100470006465911865e+02
+2.3999120925239654752658680081367492675781e+04  -2.1515713237665814813226461410522460937500e+05  +9.0633629071508476044982671737670898437500e+04
+1.1355408962989113206276670098304748535156e+03  +7.5393620665488306258339434862136840820312e+03  +3.0770528074053044065294670872390270233154e+02
+8.9322521857197472172629204578697681427002e+01  +2.0634967432307553281134460121393203735352e+02  +3.4476546667461479955818504095077514648438e+02
+2.1583901721310226093919482082128524780273e+03  -1.6584752847491367901966441422700881958008e+03  +2.1866929121034927447908557951450347900391e+03
+1.3660628996708686599959037266671657562256e+02  -1.0041524103745302909374004229903221130371e+03  +7.8637039037635270233295159414410591125488e+02
+4.9907067819202620739815756678581237792969e+03  -5.0284894572411822082358412444591522216797e+03  -3.9282445084165710795787163078784942626953e+03
+7.7586251374952524201944470405578613281250e+04  +1.8898639037857767107198014855384826660156e+04  +9.1313799304874919471330940723419189453125e+03
+1.2071959391159987617925253289286047220230e+01  -1.0438871760360503060383052797988057136536e+02  -1.3208253544025869814504403620958328247070e+03
-1.7640672564043859438243089243769645690918e+03  -4.5049895494180401556150172837078571319580e+02  +2.0383540390646110154193593189120292663574e+03
-4.5023354611299391763168387115001678466797e+03  -3.9546811291382173294550739228725433349609e+03  +2.8192545287506646900510531850159168243408e+02
-3.2477783154489129628927912563085556030273e+03  +3.5812849273338265447819139808416366577148e+03  +4.4681747875544233465916477143764495849609e+03
-7.7434529099269582275155698880553245544434e+02  -5.2758081217632013704132987186312675476074e+02  -1.1723442180843646553967118961736559867859e+02
-8.3467868151945168619931791909039020538330e+01  +4.4947202680192276602610945701599121093750e+01  +3.0498449924635252727966872043907642364502e+01
+3.0447673251076512315194122493267059326172e+03  -7.3367578525477006223809439688920974731445e+02  +2.3708266228162642619281541556119918823242e+03
+1.2140741269065099459112389013171195983887e+03  +1.4949121158141476826131111010909080505371e+03  +4.0676011457690169663692358881235122680664e+03
+5.7863319467523076866655173944309353828430e+01  -4.0258981871634389904102135915309190750122e+01  -7.1802940526788816555381345096975564956665e+01
-7.3802272752703720470890402793884277343750e+03  +4.4203255124485203850781545042991638183594e+03  +6.1236139858351043585571460425853729248047e+03
-2.3940726776553006516223831567913293838501e+02  -1.2391908918354381796689267503097653388977e+02  +4.8591213789381032484016031958162784576416e+02
+4.0935805158498974378744605928659439086914e+03  -4.0179452289057981033693067729473114013672e+03  -3.2749764604964852878765668720006942749023e+03
+1.5287958726497524821752449497580528259277e+03  -1.4140210212049572874093428254127502441406e+04  +6.6878368915138180454960092902183532714844e+03
+2.5172906933874328387901186943054199218750e+04  -1.2274965746635381947271525859832763671875e+05  -1.3024296224828471167711541056632995605469e+04
-6.9326475839433737746730912476778030395508e+02  -8.3545107266482136765262112021446228027344e+03  -1.5317630424109299838164588436484336853027e+03
-3.7577056064053351747134001925587654113770e+01  -9.7213831532239396437944378703832626342773e+01  -2.9243282783416827186329101095907390117645e+01
+3.9575717816929028458616812713444232940674e+02  -1.8179992154113386959579656831920146942139e+02  -1.1299485825761883006634889170527458190918e+03
+3.1351163811147097248976933769881725311279e+02  -1.1693308334123396434733876958489418029785e+03  +4.2462405642334027788820094428956508636475e+02
-2.1395585347581192081634071655571460723877e+02  -3.5080337248004582306748488917946815490723e+02  +4.3244490312262751103844493627548217773438e+03
+3.6020374482346828699519392102956771850586e+03  +9.5041102097111388502526096999645233154297e+02  +5.9432956926984797974000684916973114013672e+03
-1.0027965743166220136117772199213504791260e+03  +2.0887514818970839769463054835796356201172e+03  +1.8459226480472289040335454046726226806641e+03
+1.7256712732098267224500887095928192138672e+03  -1.0365208686166192819655407220125198364258e+03  +1.7488659864070879734754271339625120162964e+02
+4.0204148694100956618058262392878532409668e+02  +2.6244110845574198265239829197525978088379e+02  +4.5233890911437629256397485733032226562500e+02
+1.1783508328704238010686822235584259033203e+04  -5.3542731308328429804532788693904876708984e+03  -2.1140302919712594302836805582046508789062e+04
-2.4691879546697459772985894232988357543945e+03  -7.0446170010304115294275106862187385559082e+02  +2.4617045993559489147628482896834611892700e+02
+4.2158742444439021710422821342945098876953e+03  -2.5278535148057317201164551079273223876953e+03  +2.4105721321010755673341918736696243286133e+03
-2.1118519569550142023217631503939628601074e+02  +1.6123570597629138774209422990679740905762e+03  +1.9486590030239096904551843181252479553223e+03
+3.2365248625307927454741729889065027236938e+01  -1.2685081140983929799403995275497436523438e+03  -7.4979175145763656473718583583831787109375e+02
+2.4002607059739989381341729313135147094727e+03  -1.5978119136370523847290314733982086181641e+03  -1.4867510023634383742319187149405479431152e+02
+3.7748411983538433560170233249664306640625e+04  +1.9787407598600420897128060460090637207031e+04  +1.3288336721424086135812103748321533203125e+04
-4.4686736807329390330778551287949085235596e+02  +1.0523870200894243680522777140140533447266e+03  +3.7965170591965284074831288307905197143555e+02
-9.3913560358290544627379858866333961486816e+02  -1.3149402672519227053271606564521789550781e+03  -1.6524003131184163066791370511054992675781e+03
-2.2383840587055701689678244292736053466797e+03  -3.3961053620098723513365257531404495239258e+03  +5.7371401468828835277236066758632659912109e+03
-4.9397416081432231749204220250248908996582e+02  -1.3029359418913065837841713801026344299316e+03  -7.2149220008043459984037326648831367492676e+02
+1.7028361827218689086294034495949745178223e+03  -2.0031430311849121608247514814138412475586e+03  -1.5083503963719533658149885013699531555176e+03
+3.9738140060285985555310617201030254364014e+02  +8.3580644785512049566023051738739013671875e+01  -8.5418444213706413847830845043063163757324e+02
-2.0822283820602815467282198369503021240234e+03  +3.9993060459975804405985400080680847167969e+03  -7.9217006313124147709459066390991210937500e+02
+6.2073229701435548122390173375606536865234e+02  +5.9271463580985584940208354964852333068848e+02  -7.4287323350043322989222360774874687194824e+02
-1.2190664106644890196662345260847359895706e+01  -6.7143429582368540309289528522640466690063e+01  +1.2941550488981050648362725041806697845459e+02
+1.3933604307115024312224704772233963012695e+03  -1.8362908395559522887197090312838554382324e+03  -6.4710727672400776100403163582086563110352e+02
-4.6844976609873716370202600955963134765625e+04  +3.7603159336136275669559836387634277343750e+04  +5.6235524800876783046987839043140411376953e+03
+5.0183291634413489390453833038918673992157e+00  -7.0937441569846657785092247650027275085449e+02  -7.2576470104388215531798778101801872253418e+02
+3.2493720646753035907750017940998077392578e+02  +3.3444920459002764800970908254384994506836e+03  +1.3641501770773120369995012879371643066406e+03
-2.8575037655980236195318866521120071411133e+03  -1.4825592698030843621381791308522224426270e+03  +1.0388827278636529172217706218361854553223e+02
-7.9410899517892733001644955947995185852051e+02  -1.0533635793324579026375431567430496215820e+03  -2.2939923538749744693632237613201141357422e+03
+4.9517846497828695646603591740131378173828e+03  +4.9934018332943982386495918035507202148438e+04  -2.5519284556231987153296358883380889892578e+03
-1.7840863097961234871036140248179435729980e+03  +3.1850415137092267059415462426841259002686e+02  +5.8975132647101872862549498677253723144531e+02
-9.8090467524347968719666823744773864746094e+02  -2.2131577019156421215484442654997110366821e+02  +8.0819107877493877367669483646750450134277e+02
-9.2635832127095824262141832150518894195557e+01  -1.5672590484580075553822098299860954284668e+02  +5.9883439049193270875548478215932846069336e+02
+2.0482210718815476866438984870910644531250e+03  -3.6388948281733537442050874233245849609375e+03  +1.0312212824579237349098548293113708496094e+03
-6.0376813683203216953643277520313858985901e+01  +3.2769331985503350779254105873405933380127e+02  +7.2654767106667719644974567927420139312744e+01
-1.2319805314032053047412773594260215759277e+03  +2.8807681788549411976418923586606979370117e+03  -1.5978309949528563720377860590815544128418e+03
-1.9260480036033836768183391541242599487305e+03  -5.4638011056900370476796524599194526672363e+02  -3.6656807140233681820973288267850875854492e+03
-6.9597992504439901040313998237252235412598e+02  +3.2564572557857223955579684115946292877197e+02  -4.0338986241431194912365754134953022003174e+02
+1.3780178285488154870108701288700103759766e+04  +7.8506306185660459959763102233409881591797e+03  +1.0047884394067415996687486767768859863281e+04
-3.7222105345522904826793819665908813476562e+04  +3.2514078113596649927785620093345642089844e+04  +3.5784174022158520529046654701232910156250e+04
-2.7632399887372343982860911637544631958008e+02  +3.4434124822964955470183667785022407770157e+00  +1.4629812864370862257601402234286069869995e+02
-9.2470819475263604545034468173980712890625e+04  +1.5580177667980175465345382690429687500000e+05  +1.3536719656586484052240848541259765625000e+05
+1.4036659930035621073329821228981018066406e+03  +7.7607672223889414908626349642872810363770e+02  +4.3109262173777551652165129780769348144531e+03
-1.9837738707267052973293175455182790756226e+02  +4.1087527392607768206289620138704776763916e+01  -1.0857359324193431859839620301499962806702e+02
-3.7935857444529699478152906522154808044434e+02  +3.2402883876413937969118705950677394866943e+02  -7.9214196578791109004669124260544776916504e+02
-1.9292523734498231533507350832223892211914e+03  +8.2505863609457719576312229037284851074219e+02  -9.3409621541738249561603879556059837341309e+02
+1.6950041162465825550498266238719224929810e+02  -8.9370706963906991404655855149030685424805e+02  -7.4451574443150082061038119718432426452637e+02
-1.8829485296407176520006032660603523254395e+02  +5.6195317779026872528902458725497126579285e+01  -1.3211864012445974481124721933156251907349e+02
-9.1057601107695654718554578721523284912109e+02  -1.8827712379616202724719187244772911071777e+03  -3.9178702306642662733793258666992187500000e+02
+1.5885223291879202633936074562370777130127e+02  -1.4505211631892862556014733854681253433228e+02  +2.3013446995020538565768219996243715286255e+02
-8.8577321847618350147968158125877380371094e+02  -2.5766805439740660403913352638483047485352e+03  +6.8103645840242066356040595564991235733032e+01
-3.2330838180330601971945725381374359130859e+02  +2.6869949137541293566755484789609909057617e+03  +1.3783915937293768365634605288505554199219e+03
-8.3656748175406009977450594305992126464844e+03  -2.0473015566658182251558173447847366333008e+03  +1.9203601214975522452732548117637634277344e+04
+8.8229552142197735520312562584877014160156e+03  -4.0041162721603090176358819007873535156250e+04  +2.0400871225869082991266623139381408691406e+04
+1.1097670508233522923546843230724334716797e+03  +1.1634577557984518989542266353964805603027e+03  -2.7605368112294592641831059154355898499489e-01
-9.5791309536495953125267988070845603942871e+02  -1.3856929780594671228755032643675804138184e+03  +3.4354064922516226943116635084152221679688e+02
-1.4216062064217351235129171982407569885254e+02  -6.8187589399381124621868366375565528869629e+02  +3.7729617733013338920500245876610279083252e+02
+7.2018693694355090428871335461735725402832e+02  -1.0836058298964107962092384696006774902344e+03  +9.0584858583978785873114247806370258331299e+01
+1.1850801180114723365477402694523334503174e+02  -3.2294428091005323722129105590283870697021e+02  +4.3199907783976817654547630809247493743896e+02
+9.1981753270550950674078194424510002136230e+02  -5.9162085802315527871542144566774368286133e+02  +2.9812878530038227609111345373094081878662e+02
-2.8326093354106788524404691997915506362915e+01  +2.3502350322465432874707857990870252251625e+00  -3.6394232742124287938167981337755918502808e+01
+7.0438279308761048014275729656219482421875e+04  +1.8760197589106686064042150974273681640625e+05  -1.1533158260305019211955368518829345703125e+05
-2.9161961825428961674333550035953521728516e+03  -7.5885589670327217390877194702625274658203e+03  +6.6629798054117718493216671049594879150391e+03
+2.5521786970947428926592692732810974121094e+04  -6.2637914046621226589195430278778076171875e+04  -3.7700301089141780721547547727823257446289e+03
+1.0415674975353406352951424196362495422363e+03  -5.8374871457294193533016368746757507324219e+02  -1.4640635023096251643437426537275314331055e+02
+8.4299964753472602296824334189295768737793e+02  +1.8674655974090669587894808501005172729492e+03  -1.3789141230718987571890465915203094482422e+03
+3.6256373638020409089222084730863571166992e+03  +5.5859661721480756568780634552240371704102e+02  +5.5013995507944537166622467339038848876953e+03
+2.7659054826465858241135720163583755493164e+03  -5.1422881798755622639873763546347618103027e+02  -3.2372693732779935089638456702232360839844e+03
-6.3312978121148637455917196348309516906738e+02  +6.8824449992487529925710987299680709838867e+01  -5.4000739166779533206863561645150184631348e+02
+2.4023857208484414513804949820041656494141e+03  -3.2454473096646561316447332501411437988281e+03  +6.4513537321668136428343132138252258300781e+03
-1.4061606961162575316848233342170715332031e+04  -4.4932227876795222982764244079589843750000e+04  +6.2788732904772623442113399505615234375000e+04
-1.5333168836523461777687771245837211608887e+03  +9.1051481243157081735262181609869003295898e+02  +1.1364393313268344627431361004710197448730e+03
+1.0509748997644560404296498745679855346680e+03  +9.0518014946428161238145548850297927856445e+02  +4.5847519087161020934217958711087703704834e+02
-1.0431496172204286267515271902084350585938e+04  -9.1644577268849825486540794372558593750000e+03  -2.4407515142599404498469084501266479492188e+04
-1.5419656858911801009526243433356285095215e+03  +2.1510854715956402287702076137065887451172e+03  +8.8289854003293828554888023063540458679199e+02
-1.6016692680747821668774122372269630432129e+03  -5.2241709578397949371719732880592346191406e+03  -5.9330898803763477644679369404911994934082e+02
-1.4229352328766675782389938831329345703125e+04  -4.5709838477549288654699921607971191406250e+04  -6.8059228697222742994199506938457489013672e+03
-2.1452998292081454565050080418586730957031e+04  -4.1693994645386001138831488788127899169922e+03  +9.4083214500036756362533196806907653808594e+03
-1.0853562964253756035759579390287399291992e+03  +8.7984507412273967474902747198939323425293e+02  -1.2297533071792843202274525538086891174316e+03
+9.4375237157141361876711016520857810974121e+02  -1.6074145626455901947338134050369262695312e+03  +2.7698180968422660974681548395892605185509e+00
+1.2696084037572592961851114523597061634064e+01  +4.9960221538730039014808426145464181900024e+01  -2.1583548319161187656334277562564238905907e+00
+4.5772920956073164688859833404421806335449e+02  -1.0117839003054245949897449463605880737305e+03  +1.9917394230844140565750421956181526184082e+03
-7.7032762681454997277796792332082986831665e+01  -1.3160487436744156752865819726139307022095e+02  -7.7283242136450036596784229914192110300064e+00
-4.3981459035187304706937538867350667715073e+00  -2.5451191239858007975271902978420257568359e+02  +1.4558801381300563093645905610173940658569e+02
-2.0944738402534277099675819044932723045349e+01  +1.7521335449042116039208849542774260044098e+01  -3.1662811085084681117507443559588864445686e+00
-4.2304224927488309759837648016400635242462e+00  -1.8620120577575829656780115328729152679443e+02  +8.2386365331833655289983653347007930278778e+00
+3.7685688854464706309954635798931121826172e+03  -2.6809645678050965216243639588356018066406e+03  +3.5396662028255451559743960388004779815674e+02
-1.0162025382576420895475166616961359977722e+02  +5.3045739594384635040569264674559235572815e+01  +5.2043955595228123911510920152068138122559e+02
+1.0698766202743314579493016935884952545166e+02  +8.7711693610256224928889423608779907226562e+02  +3.7392874629423133114869415294378995895386e+01
-7.3753754449638688583945622667670249938965e+02  +2.0033164217027458562370156869292259216309e+03  -4.1785652490429192766896449029445648193359e+03
+2.5868190755107316363137215375900268554688e+03  +9.9025466897819133009761571884155273437500e+03  +1.3676287492487617782899178564548492431641e+03
-8.1793997814935755741316825151443481445312e+02  +1.4707762500772817020333604887127876281738e+03  +1.0127390218531087384690181352198123931885e+03
+1.9656125353082464357612479943782091140747e+02  -4.7857839743168904078629566356539726257324e+02  -1.5371763148168770385382231324911117553711e+03
+5.0694606390810986340511590242385864257812e+02  -1.9394869852144718151976121589541435241699e+03  -2.8648268736607374194136355072259902954102e+03
+9.5876783878015271511685568839311599731445e+02  +2.3776971881695095589748234488070011138916e+02  -1.8604282183091419256015797145664691925049e+02
+1.5987518162120622378097323235124349594116e+02  +8.0215334323612194111774442717432975769043e+02  -1.1492014008770768214162671938538551330566e+03
+1.7248947225176725623896345496177673339844e+03  +6.0726632973422772465710295364260673522949e+02  -8.2345455487168840136291692033410072326660e+02
+7.1510987700280065837432630360126495361328e+02  -2.0463594402558405818126630038022994995117e+03  +2.0553520004857846288359723985195159912109e+03
-1.3455533496981150420879203011281788349152e+01  -2.8251410227307829359233437571674585342407e+01  +8.2516014884029253995123553977464325726032e-01
-5.1669868420450234225427266210317611694336e+02  -5.0186587140433732656674692407250404357910e+02  -2.9027440619744504601840162649750709533691e+02
-1.9933502210246956565242726355791091918945e+02  -6.5476930758173807589628268033266067504883e+02  -2.3376419660646809006721014156937599182129e+02
-2.1644253449950988397176843136548995971680e+03  -2.8076029730788482083880808204412460327148e+03  +3.4117182834314644424011930823326110839844e+03
-2.0221962994633254311338532716035842895508e+03  -4.5065537476677150152681861072778701782227e+02  -1.2909052014954811511415755376219749450684e+03
+2.7083122567923487622465472668409347534180e+03  +3.8044076007834519259631633758544921875000e+01  -1.1585476189013900238933274522423744201660e+03
+2.2619825746097203591489233076572418212891e+03  -1.2128377064871062884776620194315910339355e+02  +8.9576027198202450563258025795221328735352e+02
+1.6740980579993797050519788172096014022827e+02  +1.4060114224231249409058364108204841613770e+03  +5.4131635501575658508954802528023719787598e+02
+1.6947756698462148960970807820558547973633e+02  +2.2848793810599872244893049355596303939819e+02  -7.9410805693854035780532285571098327636719e+02
+4.5613821437106606026645749807357788085938e+04  -3.9145705449477762158494442701339721679688e+04  -9.0966575829220382729545235633850097656250e+03
+4.5514659140827257033379282802343368530273e+02  -7.1052484903305844454735051840543746948242e+02  +1.0412046231956201154389418661594390869141e+03
+1.3299036679258929325442295521497726440430e+03  +6.2723950201807258508779341354966163635254e+02  +2.3826835719473488097719382494688034057617e+03
-1.1188814515806429881195072084665298461914e+03  +6.0764184231702664362728683045133948326111e+01  +2.2772975644198359077563509345054626464844e+03
-4.2985184303633485569662298075854778289795e+02  +1.9851608827637189733650302514433860778809e+03  +8.9385261683601652293873485177755355834961e+02
+4.6367874034114635151127004064619541168213e+02  -1.9243133946259919753174472134560346603394e+02  -2.0995756625272164797024743165820837020874e+02
-4.0087109489435516707089846022427082061768e+02  +3.6869239881601578190384316258132457733154e+02  +7.8289642142000715807625965680927038192749e+01
+2.2566781948343709700566250830888748168945e+03  +1.8018053897523148521031544078141450881958e+02  +5.2360557444667406912230944726616144180298e+01
-1.2951767827526984547148458659648895263672e+04  +2.3449951252778577327262610197067260742188e+04  -3.1831011085718237154651433229446411132812e+04
-2.5830610230756741430013789795339107513428e+02  +4.1340676825843627284484682604670524597168e+02  -2.7992566393160359439207240939140319824219e+02
+5.1194182619034341996666626073420047760010e+02  +5.5506368270961729649570770561695098876953e+02  +6.8677063735449780779163120314478874206543e+02
+2.1785664873222984283529513049870729446411e+02  -1.7099701507939480507047846913337707519531e+03  -3.4964250710680062184110283851623535156250e+02
+1.1932225405842787040455732494592666625977e+03  +4.3970935769116681512969080358743667602539e+02  +4.0321316197658984492591116577386856079102e+02
+2.9916221083263255422934889793395996093750e+04  +3.7934831979346126900054514408111572265625e+04  -4.0479653376243895763764157891273498535156e+03
+3.2793934194235987433785339817404747009277e+01  +6.4995145997863403408700833097100257873535e+01  +3.6446035021710986256948672235012054443359e+03
+9.8978122800743471998430322855710983276367e+02  -1.3453939305873577723104972392320632934570e+03  -4.7044100783330031845252960920333862304688e+02
-5.8955726724155908868851838633418083190918e+02  +9.1521860150061129957066441420465707778931e+01  -1.3942602195116998586854606401175260543823e+02
+2.8573329960726852050356683321297168731689e+02  -2.2164063162329771330405492335557937622070e+03  +2.6133252937293714239785913378000259399414e+03
+3.2747423881101883580413414165377616882324e+02  +4.3264506677404324364033527672290802001953e+02  +1.1811769042232494939526077359914779663086e+03
+1.5161446611907546611064390162937343120575e+01  -4.7424802256773173070314442156814038753510e+00  -5.7033826507637064295863638108130544424057e-01
+1.6695646659877530737503548152744770050049e+02  +9.2580818984464468002215653541497886180878e+00  -8.8693535345998597563266230281442403793335e+01
+1.1629696668460350394980196142569184303284e+02  -3.3278817294291215489465685095638036727905e+01  +1.3072449301706791402466478757560253143311e+02
+4.4303961572445045291601672943215817213058e+00  -6.2874359266467125806343574367929250001907e+00  +1.2239086243711179147197753991349600255489e+00
-4.6781326970053021341300336644053459167480e+02  -3.0485971304368763412639964371919631958008e+02  -4.2873533652444996278063626959919929504395e+02
-1.8418380093023802146490197628736495971680e+02  -4.1510433587431998603278771042823791503906e+02  +1.2333213933455731137200928060337901115417e+02
-3.4388422592312992492225021123886108398438e+04  +4.0344640806910615538072306662797927856445e+03  +5.6899726328139919928617018740624189376831e+01
-5.0730615202966083643332240171730518341064e+02  -2.8493598607056060245668049901723861694336e+02  +3.8743861637733897396174143068492412567139e+02
+7.5576376615304059214395238086581230163574e+02  +5.5996628685605253394896863028407096862793e+02  -9.3200252707986760469793807715177536010742e+02
-1.1298569642943250812550104456022381782532e+02  -4.4457448939918471353394124889746308326721e+01  -8.6206703060657389414700446650385856628418e+01
+8.5499506514383870126039255410432815551758e+02  +2.4728550112687008777356822974979877471924e+02  -8.1940354986626959998829988762736320495605e+02
+3.7006896391387755329560604877769947052002e+02  -4.2841785213407265473506413400173187255859e+03  +6.1081968054805497558845672756433486938477e+02
-6.8578111575815239575604209676384925842285e+02  -1.0620471218705726812459033681079745292664e+02  -6.6110995104883522799354977905750274658203e+02
+2.2066702950229678208415862172842025756836e+03  +9.5552209756019692576956003904342651367188e+02  -2.8826788620556573732756078243255615234375e+04
-7.2779375896508918231120333075523376464844e+02  -4.8002514041000603128850343637168407440186e+02  -9.3129088808163407975371228531002998352051e+02
-2.4566675982862598175415769219398498535156e+03  +2.1054210276416633860208094120025634765625e+03  +3.4922941446543359234055969864130020141602e+03
-1.7588728408264878453337587416172027587891e+03  -3.5572933831751129218901041895151138305664e+02  +2.3579125399329868173481372650712728500366e+02
+1.1792641507844241033353682723827660083771e+01  +3.7763646676829353054927196353673934936523e+01  -1.4981134223220543333354726200923323631287e+01
-1.5265784946259616390307201072573661804199e+03  -3.4776569825627079808327835053205490112305e+03  +3.2112902547840358238318003714084625244141e+03
-3.8942345677217304000805597752332687377930e+02  -6.6965484030402376447455026209354400634766e+02  -3.2138131447854073030612198635935783386230e+02
-4.1812190719973511932039400562644004821777e+02  -8.3783557871540423889200610574334859848022e+01  -1.8756044577055330790926745976321399211884e+01
-8.9534989141594030570558970794081687927246e+02  -1.0677148571669583816401427611708641052246e+03  +5.0587887770523724384474917314946651458740e+02
-1.9484415896310015341441612690687179565430e+03  -1.0101489176574531256846967153251171112061e+03  -2.5663831362879232074192259460687637329102e+03
+4.0637279076421197032686905004084110260010e+02  -6.0102975876306675218074815347790718078613e+02  +3.5751890211432078103825915604829788208008e+02
+2.9736020954569414698198670521378517150879e+02  +6.4158551128613396485889097675681114196777e+02  +1.0817936692418666098092216998338699340820e+03
-3.6259778432102353917798609472811222076416e+02  -2.8951348118434901834916672669351100921631e+02  +5.7230316738453689140442293137311935424805e+02
+2.9380144971908066509058699011802673339844e+03  -5.8088886607996173552237451076507568359375e+03  -3.7692322880846217003636411391198635101318e+02
-8.2126205833783467369357822462916374206543e+02  +1.0257079396124031518411356955766677856445e+03  -3.4249885542724205151898786425590515136719e+03
+9.0262335578075312270129870739765465259552e+00  -2.7807973309938098793736571678891777992249e+01  -2.3789790718573506467237166361883282661438e+01
-3.9209507910913539490138646215200424194336e+03  -1.6261715453190377957071177661418914794922e+04  -1.9405311782975616097246529534459114074707e+03
+1.0345115701011254714103415608406066894531e+03  +3.8380528930221194059413392096757888793945e+03  +2.2772714301584505847131367772817611694336e+03
+1.4134819466987673877156339585781097412109e+03  +4.3450306149946973164333030581474304199219e+03  +5.9766077126558720920002087950706481933594e+03
+4.4192202513307057643032749183475971221924e+02  -8.0482461795755841649224748834967613220215e+02  -2.8760212951251708091149339452385902404785e+02
+6.9118831941171333710371982306241989135742e+02  -5.5575846936569371337100164964795112609863e+02  +5.0197846534837663057260215282440185546875e+02
-6.5209528406590629856509622186422348022461e+02  +2.1711436831795904112141215591691434383392e+01  -3.1802221519198366195269045419991016387939e+02
-1.9946466604558742119479575194418430328369e+02  -4.5292948069798683263798011466860771179199e+02  -2.0101389926961795140414324123412370681763e+02
-2.0092222762344212583229818847030401229858e+02  -2.4494164778269687303691171109676361083984e+03  -1.4525307133772478209721157327294349670410e+03
+5.8928880816072546622308436781167984008789e+02  -2.9686447030176634598319651558995246887207e+02  -1.9326124345911713930945552419871091842651e+02
+1.5060207563762194240553071722388267517090e+03  +1.3686342054140952768648276105523109436035e+03  +2.4265531591771405146573670208454132080078e+03
+3.1457215415341233892831951379776000976562e+03  +2.6653924678289649818907491862773895263672e+03  +1.9044777895495379198109731078147888183594e+04
-3.6660689620964558343985117971897125244141e+02  +1.2633505797929560685588512569665908813477e+03  +1.3131914246239873591548530384898185729980e+03
-5.0167843131505122755697811953723430633545e+02  +2.1166824654675235706235980615019798278809e+02  +2.1375495886198880413076039985753595829010e+01
+1.5676661295023968705208972096443176269531e+03  +1.1334445739695831889548571780323982238770e+03  -4.1861614369788486555989948101341724395752e+02
+3.3371372471922895783791318535804748535156e+03  +1.9000616392127803919720463454723358154297e+03  -2.0565419130060790848801843822002410888672e+03
-6.6597789283985221686634758953005075454712e+01  -6.0432891832128852627192827640101313591003e+01  +2.9100191404483549462156588560901582241058e+01
-5.8870113553832391062314854934811592102051e+02  +3.9684818237265108109568245708942413330078e+02  +2.7335845697654156083444831892848014831543e+02
-2.4915934753672891019959934055805206298828e+03  -2.2538843533806220875703729689121246337891e+03  -2.9309617172667362865468021482229232788086e+03
+1.8849783604351757730910321697592735290527e+03  +1.1804294902524529788934160023927688598633e+03  -7.1507305829653819273517001420259475708008e+02
-5.7290034147882272463903063908219337463379e+02  +1.3346627172396576952451141551136970520020e+03  -1.5531865391302594616718124598264694213867e+03
+7.7203791961356742490352189633995294570923e+01  -3.9669843461046644961243146099150180816650e+02  +2.6894316806400711357127875089645385742188e+03
-5.5150081261840978186228312551975250244141e+02  -6.0721184254492686704907100647687911987305e+02  +4.5992425669146336986159440129995346069336e+02
+2.5930971616255910703330300748348236083984e+03  -1.0307542491532335588999558240175247192383e+03  -2.1369997069875114448223030194640159606934e+02
+3.8337062299605553562287241220474243164062e+04  -3.7928986754640951403416693210601806640625e+04  -2.7592430587712180567905306816101074218750e+04
+4.0095809365928262195666320621967315673828e+03  -5.0130538604244920861674472689628601074219e+03  -1.2574844952778794322512112557888031005859e+03
+9.8347983334170336888746533077210187911987e+01  +4.9054013262265542039131105411797761917114e+01  -1.9487365898947791720274835824966430664062e+02
+2.0447510382974791731669483851874247193336e+00  +1.8066943121832326202280682991840876638889e+00  +1.0081582551236565326036043188651092350483e+00
+8.6445471584357846950297243893146514892578e+00  +1.3728330887509880540164886042475700378418e+03  +7.7296151376915713626658543944358825683594e+02
-4.4908347610938753859954886138439178466797e+03  +9.2921601942646466341102495789527893066406e+03  -2.7280540242257433902750562992878258228302e+01
+3.6114714797239171275577973574399948120117e+03  +2.1005622093507081444840878248214721679688e+03  +1.6415339452042226184858009219169616699219e+03
-8.0789413348644723100733244791626930236816e+02  +9.9172725721531901399430353194475173950195e+02  +3.1141811808659913367591798305511474609375e+03
-3.4980646650550085041686543263494968414307e+02  -4.9557494780256399735662853345274925231934e+02  -6.1653561360169635463535087183117866516113e+02
-8.8968810180843775015091523528099060058594e+01  +5.9421822259497048435150645673274993896484e+02  +1.5183466793442363496069447137415409088135e+02
+8.0635805587914990610443055629730224609375e+04  +8.4942446926278920727781951427459716796875e+04  +8.3147287893201762926764786243438720703125e+04
+2.9661302630733086971304146572947502136230e+02  +6.4864210559532511979341506958007812500000e+02  -3.5098827179475952107168268412351608276367e+03
-8.6756765829735797979083145037293434143066e+02  -1.6406647764498659398668678477406501770020e+03  -3.2005113432972707414592150598764419555664e+03
-4.7636146163471488534923992119729518890381e+02  +1.4551719145283482248487416654825210571289e+02  -4.2145754135568421361313085071742534637451e+02
+2.5831462021670301965059479698538780212402e+02  +2.9538252405866694516589632257819175720215e+02  -2.1031081074884457393636694177985191345215e+02
-2.7151991134849281479546334594488143920898e+03  -9.7220771686547584522486431524157524108887e+02  +3.2635272278764864495315123349428176879883e+03
+2.3418347531499894103035330772399902343750e+03  -1.7623249527654584198899101465940475463867e+03  -8.5897458382739694116025930270552635192871e+02
-2.2494808797866099325801769737154245376587e+01  -6.2304198383740683198084298055619001388550e+01  -1.4781060181114523288670170586556196212769e+02
+3.3951726843259768884308869019150733947754e+02  -5.2646648608892633092182222753763198852539e+02  -2.5651416966637242467186297290027141571045e+02
-5.6920518114030628566979430615901947021484e+03  +2.7652933344565860807051649317145347595215e+02  +9.1811576158275488523941021412611007690430e+02
-9.2483029241821202504070242866873741149902e+02  +1.6457446581507031169167021289467811584473e+02  -2.2292908127458775879858876578509807586670e+02
+2.2581363198393643187955603934824466705322e+02  -1.2788769605270397278218297287821769714355e+02  -4.1957147204543659313458192627876996994019e+01
+3.9097259635626846829836722463369369506836e+02  +3.6441643249351193389884429052472114562988e+02  -1.5481159122206642475561011451645754277706e+00
-1.7592711324928512794940616004168987274170e+02  +4.9963188393802471409799181856215000152588e+02  +9.5032299347250807386444648727774620056152e+02
-2.0645244027177173107290286679926794022322e-01  -8.0861182927958566324377898126840591430664e+01  +1.8050545453195147160840861033648252487183e+02
-4.1676294709876456181518733501434326171875e+03  +2.3203601930224185707629658281803131103516e+03  -2.4445589291001342644449323415756225585938e+03
+2.8724195763843425766026484780013561248779e+02  -4.6128310848984676795225823298096656799316e+02  +3.2264472381253932553590857423841953277588e+02
-1.1872066194340304718934930860996246337891e+03  +4.5042311860918753154692240059375762939453e+03  -1.2647863382205134712421568110585212707520e+03
-4.9275166535036696586757898330688476562500e+03  -7.3672704162752154388726921752095222473145e+02  -4.4166632527300698711769655346870422363281e+03
+4.6723001423701234102736634667962789535522e+01  +1.3167285649071134301379970565903931856155e+00  -2.6590326998137470582150854170322418212891e+01
-5.8678456995037613523891195654869079589844e+03  +5.1870517660443704244244145229458808898926e+02  -1.9721972965109478082013083621859550476074e+03
-4.8416126366963572991153341718018054962158e+02  +2.5774855182604727588113746605813503265381e+02  -9.5976702010246640384139027446508407592773e+02
+6.6192952310809130267443833872675895690918e+02  +1.5446781733819962028064765036106109619141e+03  -3.1770400004542129863693844527006149291992e+03
-2.1126146294320349738882214296609163284302e+02  -1.4788634340226246877136873081326484680176e+03  +5.0846756461355118972278432920575141906738e+02
+1.5294875431574108006316237151622772216797e+04  +1.3306851981460818933555856347084045410156e+04  -5.8243620815345793744199909269809722900391e+03
-6.9742083543879834905965253710746765136719e+02  +5.9487519150289983826951356604695320129395e+02  -9.1453193476020956609318091068416833877563e+01
-1.5924173094876275627029826864600181579590e+03  -1.7016540179571363751165335997939109802246e+03  -1.8717474074999686308728996664285659790039e+03
+4.2696952448304051586092100478708744049072e+02  +1.8127023620753658406101749278604984283447e+02  +5.6860170785613138377811992540955543518066e+02
+7.4041608977948203573760110884904861450195e+02  +8.4788986276853302115341648459434509277344e+02  -1.0537247153500563854322535917162895202637e+03
+1.5193612880670430058671627193689346313477e+03  +1.4557196825739258656540187075734138488770e+03  +9.7528820351836282043223036453127861022949e+02
-1.7682599094917574689134198706597089767456e+02  -2.6143083305302472041375949629582464694977e+01  +2.0119138383181201845673058414831757545471e+01
-2.3272564001358914538286626338958740234375e+03  -1.8940695842716019114959635771811008453369e+02  +2.5778778059037795173935592174530029296875e+03
+2.5236756449207609875884372740983963012695e+02  +1.9207672793750876394369697663933038711548e+02  +9.2835998197351614180661272257566452026367e+01
-5.6153120634307731506851268932223320007324e+02  -4.3445731478430695915449177846312522888184e+02  -3.4089163744626694096950814127922058105469e+02
-4.1267311179563439509365707635879516601562e+03  -4.5657493985316459657042287290096282958984e+03  -1.7597193222499420244275825098156929016113e+03
-1.0734790417726149946986424765782430768013e+00  +1.5674687912703650027879120898433029651642e+01  +1.1343650023261791659479058580473065376282e+02
-1.8296512362018078420078381896018981933594e+04  +1.0867956745603973104152828454971313476562e+05  -4.8425044223919889191165566444396972656250e+04
+3.5373630571165294895763508975505828857422e+03  +1.0019484861438730831650900654494762420654e+03  -1.3664774166271584476817224640399217605591e+02
-3.4701063017572178068803623318672180175781e+03  -5.1930044632011267822235822677612304687500e+03  +3.8810792018415560278299381025135517120361e+02
+4.4254399442618495186252403073012828826904e+02  +4.6510916818485424073514877818524837493896e+02  +1.5760962143433661708513682242482900619507e+02
+4.3429836959403410219238139688968658447266e+03  -4.2460233910975266553577966988086700439453e+03  -1.5894886067565903431386686861515045166016e+03
+1.4515002419300266467416804516687989234924e+01  +3.3002563975456901346205995650961995124817e+01  +4.5835300975360881992060058109927922487259e+00
+1.2479052929109138858621008694171905517578e+03  +2.1375103927962973671128565911203622817993e+02  +1.8822712751902461150166345760226249694824e+03
+2.6129128824181070740451104938983917236328e+03  -8.7305187432447962692094733938574790954590e+02  +8.2722559904858985646569635719060897827148e+02
+8.5632209469957206238177604973316192626953e+02  +9.0240390828917156795796472579240798950195e+01  +5.9839789810862816921144258230924606323242e+02
+8.8949197036183632008032873272895812988281e+03  +5.8003848484703676149365492165088653564453e+03  +5.5001527532412466825917363166809082031250e+04
-1.1775845049835820077532844152301549911499e+02  -1.2545776208713514279224909842014312744141e+03  -1.0575330586852662690944271162152290344238e+03
-3.1683983784035353892249986529350280761719e+02  +9.1245615250641697002720320597290992736816e+02  -1.2641756544621327975619351491332054138184e+03
-1.5678663874315416251192800700664520263672e+03  -2.6584429250093585324066225439310073852539e+03  +2.9112744335355489511130144819617271423340e+02
-7.4344256205304839113523485139012336730957e+02  +3.1209961846717519620142411440610885620117e+03  +5.4629930329010767309227958321571350097656e+02
-6.7342829657075083105155499652028083801270e+02  -1.7556191644772633253523963503539562225342e+02  +6.9835399131283895712840603664517402648926e+02
-2.3410517130920845374930649995803833007812e+04  -1.0353704895811559254070743918418884277344e+04  +4.3961574711238645249977707862854003906250e+03
-1.9741155475475402454321738332509994506836e+03  +1.9109658304184208645892795175313949584961e+03  +9.1085362879103395243873819708824157714844e+03
+8.8570950526893454934906912967562675476074e+02  -7.2205108373911798480548895895481109619141e+02  +1.7277762535406472466092964168637990951538e+02
-1.6083840976174269599141553044319152832031e+04  +5.2275220521730429027229547500610351562500e+04  +2.2669112627153073844965547323226928710938e+04
+2.0459873637571934068546397611498832702637e+02  -8.1822293613986869331711204722523689270020e+02  +2.3981041250665839470457285642623901367188e+03
-1.1176934160087612326606176793575286865234e+03  -1.7229652941607996581296902149915695190430e+03  -1.9059706943411163138080155476927757263184e+02
-2.4121705216116588132990727899596095085144e+01  +7.7013505231724475379451178014278411865234e+03  +4.5665905101641646979260258376598358154297e+03
-7.5607321142163220883958274498581886291504e+02  +5.1638485161852884175459621474146842956543e+02  -2.5236221976054085125440451520262286067009e+00
+1.7057380922319342175796919036656618118286e+02  -5.1990570876522940579889109358191490173340e+02  -2.9112427164916164201713399961590766906738e+02
+1.0037769046778215908943820977583527565002e+01  -7.6299959695424197647639630304183810949326e+00  +3.2108698794237779949867217510472983121872e+00
-5.3524184756812800856096146162599325180054e+01  +5.4076961101706115186971146613359451293945e+02  -2.7070940530173021443260950036346912384033e+02
+4.5733667408108595964222331531345844268799e+02  -8.8131961913059387825342128053307533264160e+02  -7.9328446474047746050928253680467605590820e+02
-4.1958125357219637407979462295770645141602e+02  +4.7553875868639801183235249482095241546631e+02  +1.8472392585350172566904802806675434112549e+02
+3.6449807781842267218053166288882493972778e+01  -1.4294352532297381230819155462086200714111e+02  +1.7257054200549723077529051806777715682983e+02
+4.8300048958251306885358644649386405944824e+02  +5.5915802531484553128393599763512611389160e+02  +2.7808803241055710486762109212577342987061e+02
-1.7767020462410014260967727750539779663086e+03  -4.9294577235804308656952343881130218505859e+03  +2.0181159866279294874402694404125213623047e+03
+1.1726879490680748858721926808357238769531e+04  -1.6843326897286717667157063260674476623535e+03  +6.8490485856518371292622759938240051269531e+03
-1.9879303498299875627708388492465019226074e+03  -1.1971501221204368903272552415728569030762e+03  -4.1657781798169118303576397011056542396545e+01
+1.3711073398465387640499102417379617691040e+02  +1.0379107695651148333126911893486976623535e+03  -1.0608071675161704661149997264146804809570e+02
-1.9841850283816474984632804989814758300781e+03  -4.1180601066813778743380680680274963378906e+03  +1.9260018627602964897960191592574119567871e+03
+2.4597171814912522336271649692207574844360e+02  +6.2650276307017793442355468869209289550781e+03  +4.5294872655213048346922732889652252197266e+03
-7.3670068262565689565235516056418418884277e+02  -8.9466178368009684618300525471568107604980e+02  -4.2458085758363012018890003673732280731201e+02
+5.0970173480618325356772402301430702209473e+02  -1.8990595620054152732336660847067832946777e+03  +1.1053361116872547427192330360412597656250e+03
-6.4835202804181301416974747553467750549316e+02  +1.5131510275767027451365720480680465698242e+02  +3.1326594524149220433173468336462974548340e+02
-3.1333911047879305442620534449815750122070e+03  -3.9058862349055889353621751070022583007812e+03  +3.6387015762000987706414889544248580932617e+02
+2.6878714014538286392053123563528060913086e+02  -1.4587220736429974294878775253891944885254e+03  -1.3396549365417743047146359458565711975098e+03
-5.8641011637375286227324977517127990722656e+03  -1.2267745295177712705481098964810371398926e+03  +1.3200821418660932522470830008387565612793e+03
-5.6962882685693307394103612750768661499023e+02  +1.0396513652162971084180753678083419799805e+03  -7.2909444032153305670362897217273712158203e+02
+1.0818865679164620814844965934753417968750e+05  +3.3751979358345438959077000617980957031250e+05  -9.3464019398947697482071816921234130859375e+04
-1.0151324128710969034727895632386207580566e+03  -5.1312810005875815022591268643736839294434e+02  +2.1562197948214645748521434143185615539551e+02
-1.2388479695410510430519934743642807006836e+03  -1.8037125372889063328329939395189285278320e+03  +1.0621302384128689482167828828096389770508e+03
+7.5165989918732179830840323120355606079102e+02  -3.0569165175541243115731049329042434692383e+03  -4.8458470297004254234707332216203212738037e+02
-1.0281397984517539043736178427934646606445e+03  -5.0144397238671223249184549786150455474854e+02  +6.9576388466340074501204071566462516784668e+02
+1.0296445035499873483786359429359436035156e+04  +4.6606252624275068228598684072494506835938e+04  +1.2476110676591395167633891105651855468750e+05
+5.9061828621905738145869690924882888793945e+02  -4.3780386804390145698562264442443847656250e+03  +1.9052637702223423730174545198678970336914e+03
+6.2631009388979680352349532768130302429199e+02  -1.1539009645319320895850978558883070945740e+02  +9.9504801771240420293906936421990394592285e+02
+1.4006377264600901071389671415090560913086e+03  -2.3107564738189208242147287819534540176392e+02  -5.2495752573208235958190925884991884231567e+01
+1.2512670115729416409067198401317000389099e+02  +4.7561111345979009001894155517220497131348e+02  +4.8383042041579301439924165606498718261719e+03
+5.2687243374938952911179512739181518554688e+03  +8.7029348694045092997839674353599548339844e+03  -2.1405483074510403093881905078887939453125e+05
+5.5046069385152563313567952718585729598999e+01  -1.0240556399907766262913355603814125061035e+03  +1.7344469192196509084169520065188407897949e+03
+6.7605967026147509386646561324596405029297e+03  +8.2299304844472442255209898576140403747559e+02  +8.5065127874542054087214637547731399536133e+02
-1.4906473413439232444943627342581748962402e+03  +2.7275403646336021665774751454591751098633e+03  -4.7367335395584049706485529895871877670288e+01
-1.4933510375220591868128394708037376403809e+03  -1.2929690025688943322279556014109402894974e+01  +9.4532317011327120326313888654112815856934e+02
+4.1313250956823502235693013062700629234314e+01  -1.0736589522776206706566881621256470680237e+02  +4.7557266755963226501080498564988374710083e+01
+3.8468081812403973174241400556638836860657e+01  +1.3554845195043620265096251387149095535278e+02  +4.6047555132980107828188920393586158752441e+02
-1.1672080307522558086930075660347938537598e+03  +5.5171972545707728841080097481608390808105e+02  -1.8816732145921764640661422163248062133789e+02
+2.6959070471135947855145786888897418975830e+02  +7.1932173531409569022798677906394004821777e+02  -6.7614205221311317473009694367647171020508e+02
-8.8486254532883481260796543210744857788086e+02  -3.2441480649782522505120141431689262390137e+02  +4.7262437255705145844331127591431140899658e+02
-1.9719621212713542490746476687490940093994e+02  -6.2446547714706264287087833508849143981934e+02  -2.4320914155325223759973596315830945968628e+02
+1.0479570505562998732784762978553771972656e+04  -6.9728091618106109308428131043910980224609e+03  -1.6007108139709333045175299048423767089844e+04
-1.8528199514079851724090985953807830810547e+03  -1.7843318187252464213088387623429298400879e+03  -1.1458043536286641028709709644317626953125e+03
-2.2038634830821911236853338778018951416016e+02  -2.3730497483796234519104473292827606201172e+03  +5.0562463162613158829117310233414173126221e+02
+3.5422843572585147740028332918882369995117e+03  +1.1404678863168345515077817253768444061279e+02  +5.6248123262291767332499148324131965637207e+02
+1.3184643271156420496481587179005146026611e+02  +3.0038537662222040580672910436987876892090e+01  +5.3944668354274244848056696355342864990234e+02
-9.3768402446212769518751883879303932189941e+02  +1.0622325305496813143690815195441246032715e+03  +8.7330561119932383462582947686314582824707e+02
+4.7155449246963053155923262238502502441406e+03  -1.8230544411098142063565319404006004333496e+03  -1.2747203582909198757988633587956428527832e+03
+1.9552372418311299497872823849320411682129e+03  +6.9117548391729023933294229209423065185547e+03  +1.5322817992283526109531521797180175781250e+03
+4.2303665532534687372390180826187133789062e+03  +1.5956941175823432786273770034313201904297e+04  -2.4430880891204433282837271690368652343750e+04
-9.8506748145108076641918160021305084228516e+01  -5.0704092730927231968962587416172027587891e+02  -1.0575870004121352963011304382234811782837e+02
+5.0370996982657624130297335796058177947998e+02  -1.0919671226842067426332505419850349426270e+03  -2.9418935516470992297399789094924926757812e+02
-7.9981916579457572424871614202857017517090e+02  -1.8792615353763201255787862464785575866699e+03  +1.8403709234435223152104299515485763549805e+02
+4.6956061662919779564617783762514591217041e+01  -9.7698161645953916831786045804619789123535e+01  -1.5066796974862910474257660098373889923096e+02
-8.8345257317725997836532769724726676940918e+02  +6.5844394814243662494845921173691749572754e+02  -1.6709466838077105421689338982105255126953e+02
+7.0047695274267277909530093893408775329590e+02  +8.8104884514014406704518478363752365112305e+02  +1.6902593509467803869483759626746177673340e+03
-9.6350840388675305803189985454082489013672e+02  -5.7554147297051767964148893952369689941406e+03  -1.3331899935404152301998692564666271209717e+02
+9.5556531448816048879280060646124184131622e+00  +3.9729173403046775092661846429109573364258e+02  -1.1176470736894148103601764887571334838867e+03
+4.3580673770545208753901533782482147216797e+03  -4.5027069110696620555245317518711090087891e+03  +3.1112828189404503973491955548524856567383e+03
-8.9184638443823843090285663492977619171143e+01  +5.9079733006968967856664676219224929809570e+02  +1.3326898548275724465383973438292741775513e+02
+4.5368085217192867730773286893963813781738e+02  +6.3238369049360358076228294521570205688477e+02  +2.6413965642459385207985178567469120025635e+02
-6.6279281243039004039019346237182617187500e+04  +8.8615010362743938458152115345001220703125e+04  -5.0806623416827293112874031066894531250000e+04
+1.5289018363991914384314441122114658355713e+02  +2.2058839584322686988571149413473904132843e+01  +1.0960240126006976879580179229378700256348e+02
-1.2734518748156672245386289432644844055176e+03  +2.6808979899654732435010373592376708984375e+03  +3.0189899085752379903624387225136160850525e+01
-6.9802993557599199903052067384123802185059e+02  -6.7922437437846576813171850517392158508301e+02  +7.2725176873140014777163742110133171081543e+02
-9.7558356281394342659041285514831542968750e+04  +1.2895562750742898788303136825561523437500e+05  -1.2479256442901019181590527296066284179688e+05
-2.7950891899020444952839170582592487335205e+02  -1.6499539845785857323789969086647033691406e+03  -4.2098880285745705620570333849173039197922e+00
+1.4820186021274935228575486689805984497070e+03  +3.5514235661835436985711567103862762451172e+02  -5.1234585374482674069440690800547599792480e+02
-5.5159112863737595944257918745279312133789e+02  +5.5891164553361124944785842671990394592285e+02  +7.7702971369063789097708649933338165283203e+00
+9.6825141577951262661372311413288116455078e+02  +3.8990435430694407159535330720245838165283e+02  +8.1414448738773319291794905439019203186035e+02
-7.8763036900925828831532271578907966613770e+02  -1.3557805163301566153677413240075111389160e+03  -2.3400548966602682412485592067241668701172e+03
-9.0254052840918473066267324611544609069824e+02  +7.8002783474406601271766703575849533081055e+02  -6.9577227554413684629253111779689788818359e+02
-4.9217861729976448259549215435981750488281e+02  +8.7326267795782212033373070880770683288574e+02  +2.2152221753296271344879642128944396972656e+02
+3.3821773885419774160254746675491333007812e+04  -4.5092963583380289492197334766387939453125e+04  -3.0387137780603075952967628836631774902344e+04
+4.1585310492685166536830365657806396484375e+03  +2.4886017102628056818502955138683319091797e+03  +1.8173275658278537321166368201375007629395e+03
+2.6301241351389476221811491996049880981445e+03  -2.0493048789297145049204118549823760986328e+03  -8.6487765535356356849661096930503845214844e+03
+1.2599831833500394395741750486195087432861e+02  -2.3398233502774309044980327598750591278076e+02  +2.3414156663904253719010739587247371673584e+02
+1.2138758480688638385913691308815032243729e+01  -6.1446575380063783722306425261194817721844e-01  +1.1869382956790987648787449870724231004715e+01
-9.6566591918171855724040142376907169818878e+00  -5.9287104445889518444801069563254714012146e+01  +2.2666833407586722159976488910615444183350e+01
-5.5730510941263553092994698090478777885437e+01  -1.3844897015864023614994948729872703552246e+03  -4.2236462343254555662497295998036861419678e+02
+2.7649782761863372115840320475399494171143e+02  +4.7323511195293541220507904654368758201599e+01  +4.1647726654487979658370022661983966827393e+02
-2.7947627820835846250702161341905593872070e+03  -3.1811662969055520079564303159713745117188e+04  -1.1951787062814857563353143632411956787109e+04
+3.2576792920078974091779855370987206697464e+00  -1.3824276137531542190117761492729187011719e+03  -1.8129874615976682434848044067621231079102e+03
+1.8937539189081808999048917030449956655502e+00  +2.1634664797781249490071786567568778991699e+02  -7.3183950291672221766248185303993523120880e+00
-1.3450152896460881493112538009881973266602e+03  +2.5293736402119287731693475507199764251709e+02  +2.8752097988789278133481275290250778198242e+03
+2.5119355825752296595965162850916385650635e+02  +6.6401685654369515532380319200456142425537e+01  -1.9387558526818825299642412574030458927155e+01
-1.0987472976326280331704765558242797851562e+05  -4.5429204083939082920551300048828125000000e+04  +7.3551947856507649703416973352432250976562e+03
-2.4592446529481512129677867051213979721069e+02  +1.8407882525483139488642336800694465637207e+03  -1.2642880055220296071638585999608039855957e+03
+9.8882105700262195568939205259084701538086e+02  -7.6214738264652942234533838927745819091797e+02  -1.1384479733914658936555497348308563232422e+03
-3.2031892114804219318102695979177951812744e+02  -4.6243597370317735339995124377310276031494e+02  +1.0978190504855884057633375050500035285950e+02
-2.2292014905343289137817919254302978515625e+05  -1.0084314682757230912102386355400085449219e+04  +7.0344738806233566720038652420043945312500e+04
+1.0635931444716068199340952560305595397949e+03  -1.3325832800507380397903034463524818420410e+03  +5.0530044753733864126843400299549102783203e+03
-4.1814406958597039043468157615279778838158e-01  -1.8500798683935653077270444555324502289295e+00  -2.9324074339796956517600889924324292223901e-02
-3.9218503218415116862161085009574890136719e+02  -1.0302838387578290166857186704874038696289e+03  +1.7299335922267349019421089906245470046997e+02
+7.4351620562234336375695420429110527038574e+02  +1.2768099570164849865250289440155029296875e+03  -9.5089802126231475654094538185745477676392e+01
+6.6014169171940648084273561835289001464844e+03  +1.1151911065912579942960292100906372070312e+04  -2.4350303908319024230877403169870376586914e+03
-6.6067477224780848388263621018268167972565e+00  -1.4734224002315266943696769885718822479248e+02  -5.1381581379910664963972521945834159851074e+02
-8.1212735710554375145875383168458938598633e+02  +1.0311487627994836202560691162943840026855e+03  +1.5502591902962644780927803367376327514648e+03
+1.8746546999426479374051268678158521652222e+02  +1.5308329158842838069176650606095790863037e+02  -7.8349015218407757288332504685968160629272e+01
+2.7298291601071844070247607305645942687988e+02  -8.6747662585618726893699204083532094955444e+01  -4.2198480543898966743654455058276653289795e+01
-2.8258021770859671960351988673210144042969e+04  -2.7101889236023882403969764709472656250000e+04  -1.5090938360211024701129645109176635742188e+04
+8.4027618706766361356130801141262054443359e+02  +3.6236702576799694952569552697241306304932e+02  -5.9364429106131410662783309817314147949219e+02
-2.3822470160132322547497096820734441280365e+01  -2.4676211137543237583713562344200909137726e+01  +3.7615182652029780285829474451020359992981e+01
+3.0787796478692197706550359725952148437500e+05  +1.2388336658482230268418788909912109375000e+05  -1.0349756047034934454131871461868286132812e+05
-7.7786169475560726027651980984956026077271e+01  -2.0978892772581016146205001859925687313080e+01  +3.0246810846596254407359083415940403938293e+01
+7.4605190080038013888952264096587896347046e+01  +3.6714893755711295852961484342813491821289e+02  -2.7091131516525342703971546143293380737305e+02
-4.9692161822508360558003914775326848030090e+00  +3.0812283445438639617464104958344250917435e+00  -2.2464036666998003966000396758317947387695e+02
-4.3188445303058233548654243350028991699219e+03  -1.0824351235333277145400643348693847656250e+04  -7.4839615961703830180340446531772613525391e+03
+1.0838477411250960358302108943462371826172e+03  -4.2859478967803005389214376918971538543701e+02  -1.5551831024260106914880452677607536315918e+03
-3.3323474688509309089567977935075759887695e+03  -9.7746106088678698142757639288902282714844e+03  -1.7548953315595266758464276790618896484375e+04
-5.2162162826748982524804887361824512481689e+01  -2.0000216261367037873242225032299757003784e+02  -1.6911998129326414641582232434302568435669e+02
+4.7204157369642525736708194017410278320312e+03  -6.1227155479572675176314078271389007568359e+03  -4.3086024622449476737529039382934570312500e+03
+3.5969707005193217810301575809717178344727e+03  +5.3523572190055956525611691176891326904297e+03  -5.6477826594224297878099605441093444824219e+03
+1.1514652978751826594816520810127258300781e+04  -1.1648277451348221802618354558944702148438e+04  -9.5143989884049483407579828053712844848633e+02
-5.2022500111023919089348055422306060791016e+02  +2.6670597016660944973409641534090042114258e+03  -8.9968757725433613359200535342097282409668e+02
-1.2409747031826004786125849932432174682617e+03  -2.2513330997062898859439883381128311157227e+03  +8.7882109416129333112621679902076721191406e+02
+7.4926173130964261872577480971813201904297e+03  -3.1503916865292412694543600082397460937500e+03  -1.9219850263167759294447023421525955200195e+03
-7.3400359129412508991663344204425811767578e+03  +4.4027820324803315088502131402492523193359e+03  -4.4035375546771410881774500012397766113281e+03
-1.3547221508617349172709509730339050292969e+02  +8.0690728804991772449284326285123825073242e+02  +6.1142394893015556078808003803715109825134e+01
+6.0876983823971761466964380815625190734863e+02  -1.6885999068503911075822543352842330932617e+03  +1.1963077519174521512468345463275909423828e+03
-1.2965211706417844084171520080417394638062e+02  +1.6750147189768870248371968045830726623535e+02  +1.5043540566286989701438869815319776535034e+02
+2.6669996273789968199707800522446632385254e+02  -1.0545584480926768264907877892255783081055e+03  -3.8475208791120422802123357541859149932861e+02
-4.3754726612283157010097056627273559570312e+03  -3.5221548862034151170519180595874786376953e+03  +9.3810219309215949579083826392889022827148e+02
-1.2175513291632464643043931573629379272461e+03  +3.2765723767993620185734471306204795837402e+02  -3.1352822696085461018355999840423464775085e+01
-3.4703209952611854305359884165227413177490e+02  -1.4762773613784077042510034516453742980957e+02  +1.8624636922397203306900337338447570800781e+03
-1.7336680132941069132357370108366012573242e+03  -1.6210563493210049728077137842774391174316e+03  -4.9471789857834919530432671308517456054688e+03
-1.1725044255819077534397365525364875793457e+03  -1.2670250368954816622135695070028305053711e+03  -2.8819590360260281158844009041786193847656e+02
-2.4032127927502656916658452246338129043579e+01  +1.0278546929908256402086408343166112899780e+02  +1.4105899999492450547222688328474760055542e+02
-2.8660374534664509837966761551797389984131e+02  +1.0010112313972533684136578813195228576660e+03  -5.6558563012801516833860659971833229064941e+02
-1.9113505881145060811832081526517868041992e+03  -1.4799768877298045481438748538494110107422e+04  -2.0320002496164511285314802080392837524414e+03
-2.4335349625767611314586247317492961883545e+02  +4.8054173309745501683210022747516632080078e+03  +7.9832749499822939469595439732074737548828e+03
+2.4642688900346333866764325648546218872070e+03  -2.8567891031172234761470463126897811889648e+02  -1.4852886647622822238190565258264541625977e+03
+9.4729946282464447904203552752733230590820e+02  +8.1090195068916500531486235558986663818359e+02  +1.0505091542787286016391590237617492675781e+03
+4.7050032865528537513455376029014587402344e+03  +1.8103631643939020250400062650442123413086e+03  -9.5258212136869872210809262469410896301270e+01
-6.1435042771338976308470591902732849121094e+03  +1.2424200093413499416783452033996582031250e+04  -1.3457304951449721556855365633964538574219e+04
-3.3387142356946933432482182979583740234375e+04  +2.0606823097032262012362480163574218750000e+04  +3.2061558408588203747058287262916564941406e+04
-2.5697404169062222354114055633544921875000e+05  -2.7236788374298161215847358107566833496094e+04  +7.4932248349127054098062217235565185546875e+04
+8.7345829436273689339031989220529794692993e+01  -1.2433336139077757707127602770924568176270e+03  +5.5641449157540660053200554102659225463867e+02
-1.9718885355804024584358558058738708496094e+04  +4.1766084326600939675699919462203979492188e+03  +6.7443962808889438747428357601165771484375e+04
+8.4287628653051831406628480181097984313965e+02  +1.3372595807763942502788268029689788818359e+04  -1.5635076424232169301831163465976715087891e+04
-5.5698911794778746298106852918863296508789e+02  +6.5135145849318087130086496472358703613281e+02  -7.9676504061802154410543153062462806701660e+02
+2.3090578275263935211114585399627685546875e+04  -1.8643136160577923874370753765106201171875e+04  -6.1430779839584072760771960020065307617188e+04
+9.7447422194071862122655147686600685119629e+02  -1.2168290077076178477000212296843528747559e+03  +5.9606147021655274897966592106968164443970e+01
+1.0106726134481810731813311576843261718750e+05  -2.9612653891342095448635518550872802734375e+04  -8.3023251307591617660364136099815368652344e+03
+2.8514873259043724829098209738731384277344e+03  -6.6370360093008719104545889422297477722168e+02  -1.5110852201608045106695499271154403686523e+03
-1.4799128027856500921188853681087493896484e+04  +9.4884929336949498974718153476715087890625e+03  -2.7035833030572184725315310060977935791016e+03
+4.0239227294481729302333405939862132072449e+01  +5.0105067319034766626373311737552285194397e+01  +5.1243992466338283975346712395548820495605e+00
+1.4330361806569731015770230442285537719727e+03  +7.5877312358809820125316036865115165710449e+02  +2.9736763255264136205369140952825546264648e+03
-6.0380970402203979574551340192556381225586e+02  +2.0402862610082868286554003134369850158691e+03  -6.5272741968907359932927647605538368225098e+02
+1.4026812255858565094968071207404136657715e+03  -5.0556254741624770758789964020252227783203e+03  -7.0414316509994359876145608723163604736328e+03
-8.9739445527417171888373559340834617614746e+02  -1.6474392348707085602654842659831047058105e+03  +2.5754431217655692307744175195693969726562e+03
-1.1022033489209666186070535331964492797852e+03  +2.7870977492534475459251552820205688476562e+03  -1.8944095180448571227316278964281082153320e+03
-3.2797431664796308723452966660261154174805e+03  +1.9247625881195315855620719958096742630005e+02  -3.6948115523340206891589332371950149536133e+03
-1.0779143654244446679513202980160713195801e+03  -7.4943501763920414759923005476593971252441e+02  +3.4098175661381668533067568205296993255615e+02
-8.7198781195481606118846684694290161132812e+03  -3.2581591422452424922084901481866836547852e+03  +2.1104686259098420850932598114013671875000e+05
+3.1708826311948691909492481499910354614258e+03  +2.1535298434581864057690836489200592041016e+03  -1.0219444264688252133055357262492179870605e+03
+9.7712310516270779771730303764343261718750e+04  -7.6935398839275861973874270915985107421875e+04  -1.7747727618680786690674722194671630859375e+04
-1.6525556063918887872432605945505201816559e+01  +4.2186830109150392331684997770935297012329e+01  -2.4009921303461307928728274418972432613373e+01
-1.9320105601548615936735586728900671005249e+02  +3.5365929877596472579170949757099151611328e+03  -1.4458284565320573165081441402435302734375e+03
-2.0630324581485402291036734823137521743774e+02  +3.5466193541528053856382030062377452850342e+02  +4.6910464165670612146641360595822334289551e+02
-4.3030372199965205481930752284824848175049e+02  -5.2627053834845094115735264495015144348145e+02  -2.9064676312174964323276071809232234954834e+02
-2.5175007360528825302026234567165374755859e+03  +4.6672643413593559671426191926002502441406e+03  -4.0501294590238981072616297751665115356445e+03
-5.4669111885694768204757565399631857872009e+01  +5.5139906150703416187752736732363700866699e+02  +2.7668629678631464230420533567667007446289e+02
-3.5601446812797763463720457366434857249260e+00  +8.1494895363457189318978635128587484359741e+01  -2.2637540594244391911615821300074458122253e+01
-1.4043259426288268514326773583889007568359e+03  +7.4419168082024691557307960465550422668457e+02  +3.1172689189846164481423329561948776245117e+02
-2.0808941711656791540008271113038063049316e+02  -1.6368577209679025941113650333136320114136e+02  +1.4971036104470493910412187688052654266357e+02
+5.1488298398598999483510851860046386718750e+02  -6.3532141499773260306938027497380971908569e+01  +8.7226683189651055272406665608286857604980e+01
-5.5067825420161199190260958857834339141846e+01  -2.1193230080782367252822950831614434719086e+01  +2.7143479682339343384001040249131619930267e+01
-3.1062795624676164152333512902259826660156e+02  +1.9164179656773731608154776040464639663696e+02  -6.4009664900321502045699162408709526062012e+02
+2.2371425694240809889379306696355342864990e+02  +1.1390534113747780793346464633941650390625e+03  -4.6123256264077838295634137466549873352051e+02
+5.3454751330308790784329175949096679687500e+03  +1.8764170478122609893034677952527999877930e+03  -5.5801839878619966839323751628398895263672e+03
-4.1883812629141146999245393089950084686279e+02  -1.5753296467475496456245309673249721527100e+02  +7.0314060091823239417863078415393829345703e+02
-1.9515159956641181793202122207731008529663e+02  -7.7927482421766205789026571437716484069824e+02  +3.1232784590311445072075002826750278472900e+02
+2.6101165547694487031549215316772460937500e+04  -4.5199621892627968918532133102416992187500e+04  -8.8938573973014688817784190177917480468750e+04
-1.1033869263036920074227964505553245544434e+03  +1.2520349997778826036665122956037521362305e+03  -3.9777327641840571459397324360907077789307e+02
-1.8761760332204674341483041644096374511719e+04  +1.1566130460127047626883722841739654541016e+04  +1.2819058949375843440066091716289520263672e+04
+2.3249605582026720185240264981985092163086e+03  -2.0707723204904987142072059214115142822266e+03  +6.7965769080483539710257900878787040710449e+02
+1.0176969680003544453938957303762435913086e+03  -6.8298281983285093588165182154625654220581e+01  -3.5449719846844442372457706369459629058838e+02
+7.1240451736640693525259848684072494506836e+01  -4.7186498177613685811593313701450824737549e+02  +1.4237059671098459148197434842586517333984e+03
+1.7999056366909645277019080822356045246124e+01  -9.0468346893429142596687597688287496566772e+01  -2.5187539902478409459263275493867695331573e+01
+1.1539230603144167616846971213817596435547e+04  -1.3907229003990252749645151197910308837891e+04  +1.3947723681738689265330322086811065673828e+04
+3.0550595583012047427473589777946472167969e+04  +5.1945835888908906781580299139022827148438e+04  +6.4396673849028172753605758771300315856934e+02
+9.2801634304742822223488474264740943908691e+02  +1.1880629286881819552945671603083610534668e+03  +1.5790923972360717471019597724080085754395e+03
-1.7979720823872651180863613262772560119629e+03  +3.4559531510855367741896770894527435302734e+02  -1.4322067704712371778441593050956726074219e+03
+4.5021372423780945837279432453215122222900e+02  +1.0130235566427148796719848178327083587646e+02  -4.9480249111102125425531994551420211791992e+01
+4.3830718075363009234024502802640199661255e+01  +1.5456577627093716742479045933578163385391e+01  -3.9702358302328931927149824332445859909058e+01
