DirectForce: 59651; ParticleCell: 46773; NodesUsed: 458; NodesAvailable: 500; TimeLoad: 0.00012621; TimeUpward: 1.2962e-05; TimeForce: 0.00623817; TimeTotal: 0.0063839
1000

-2.4144936176463925221469253301620483398438e+03  -3.9393366151472914680198300629854202270508e+03  -1.4371716187483766589139122515916824340820e+03
-6.3149231174527011845043489302042871713638e+00  -1.4829311797970463615570224646944552659988e+01  +1.0405487820182983682570920791476964950562e+00
+2.5980221884552753408570424653589725494385e+02  -2.2636076307217541625504964031279087066650e+02  +2.1188102377052933888990082778036594390869e+02
+1.0241667162435189766256371513009071350098e+03  -6.2068847380938291280472185462713241577148e+02  +2.1294312280952640321629587560892105102539e+03
+1.5573369354634646697377320379018783569336e+03  -2.0598713280578367630369029939174652099609e+03  -9.2477793474349971347692189738154411315918e+02
+2.2464133370081340217438992112874984741211e+03  -1.8154734712468978159449761733412742614746e+03  -3.7366516560299633056274615228176116943359e+03
-6.2721231281549307823297567665576934814453e+03  -9.3446212981713841827513533644378185272217e+01  +4.1320502490788203431293368339538574218750e+03
-1.9194767038992186058976585627533495426178e+01  +5.7685488258816413065233064116910099983215e+01  +8.0981416377967562425510550383478403091431e+01
-4.6014369576218559814151376485824584960938e+03  -1.5569046800824366982851643115282058715820e+03  +2.8915569344512755378673318773508071899414e+03
+4.3916676684569530664248304674401879310608e+01  +4.3075448882342985967852655448950827121735e+00  -4.6350855844570567398932325886562466621399e+01
-2.5025447512760501922457478940486907958984e+03  +2.1767109342203139021876268088817596435547e+02  -1.4528712377163517430744832381606101989746e+03
+4.4629689966034675308037549257278442382812e+03  -1.0817682347449060671351617202162742614746e+03  -4.2214962160817799485812429338693618774414e+02
+2.2457206857145879439485725015401840209961e+03  -5.2276297179037956084357574582099914550781e+03  -2.7671033153430303173081483691930770874023e+03
-4.2443017412312730129997362382709980010986e+02  -2.4164919254494631672969262581318616867065e+02  -6.7393623297405792982317507266998291015625e+02
+2.8287213532975815724057611078023910522461e+03  -3.5595403991658777158590964972972869873047e+03  +1.3368019095855152045260183513164520263672e+03
-4.6094540672070860409803572110831737518311e+02  -9.3796200404348851975555589888244867324829e+01  +1.9379453566078160520191886462271213531494e+02
+2.2339501040234049469290766865015029907227e+03  +3.6480586563850647507933899760246276855469e+03  -4.1228846067428075912175700068473815917969e+03
-1.8859131800110077392673701979219913482666e+01  +3.1941025237078843446170139941386878490448e+01  +2.1075878979438190441442202427424490451813e+01
-3.9672394427435174293350428342819213867188e+04  -5.7220073004920173843856900930404663085938e+04  +4.2847536478493355389218777418136596679688e+04
-3.4838770520147960496615269221365451812744e+02  -1.4121072464820351797243347391486167907715e+03  +2.3282214827312996021646540611982345581055e+03
+2.0803190280731988082152383867651224136353e+02  +1.0956173994749444773333379998803138732910e+03  -1.5792914681532138274633325636386871337891e+03
-1.3877091578030060645687626674771308898926e+03  -1.2827549512579460042616119608283042907715e+03  -7.3123963967072734249086352065205574035645e+02
-9.2245751548073735648358706384897232055664e+02  +1.9989061377949889219962642528116703033447e+02  +4.7693473345341399181052111089229583740234e+03
+6.2270212413915328397706616669893264770508e+02  +1.0412185322477060367418744135648012161255e+02  -2.8204028721923430111928610131144523620605e+02
+2.7675790819747891191582311876118183135986e+02  +1.8549255413638620666461065411567687988281e+03  -1.4218645720190988868125714361667633056641e+03
-2.2139071462815741142549086362123489379883e+03  -6.5231453951882588171429233625531196594238e+02  +1.1065807913534617910045199096202850341797e+03
+1.0727313908123123837867751717567443847656e+03  -1.9990681098135210049804300069808959960938e+03  +1.7376826297562431591359199956059455871582e+03
+6.1032319535904962322092615067958831787109e+03  -2.4106867036811872821999713778495788574219e+03  -3.1479047509650204119679983705282211303711e+03
+4.3307865908633215212830691598355770111084e+02  -2.6036234880304646139848046004772186279297e+03  +4.9089188777770964122737495927140116691589e+01
+3.4917239162168807524722069501876831054688e+03  +4.2822530862110158977884566411375999450684e+02  +7.1395994047049516666447743773460388183594e+03
-5.7651183443068271117226686328649520874023e+02  +3.0078020506958901023608632385730743408203e+03  -1.7672903927558857049007201567292213439941e+03
-1.3399313104875574254037928767502307891846e+01  -9.6686318411649165227572666481137275695801e+02  +3.7311622237777856980756041593849658966064e+02
-2.8349046076868035015650093555450439453125e+01  +8.2562447260500323409360134974122047424316e+02  +1.0178778367332871539474581368267536163330e+03
+1.9766884326579977937399235088378190994263e+02  -4.9110355486018413273541227681562304496765e+01  -1.3251109206513677918337634764611721038818e+02
-7.2161188430023275941493920981884002685547e+02  -2.2101881899417012391495518386363983154297e+03  +3.1396876943788765856879763305187225341797e+02
+3.4592747714995066417031921446323394775391e+03  +5.4058681274998516528285108506679534912109e+03  +6.5705348175605886353878304362297058105469e+03
+5.6674256383016165727894986048340797424316e+02  -1.6950411174310843307466711848974227905273e+03  +5.4935141376707304061710601672530174255371e+02
-2.9886039254654942851630039513111114501953e+03  -2.8028254016147570837347302585840225219727e+02  +3.7192179129142152760323369875550270080566e+02
+3.6707557730328136358366464264690876007080e+02  +9.3045055321299105344223789870738983154297e+02  -1.0006609033161169008963042870163917541504e+03
-9.3331207414372838684357702732086181640625e+03  -1.5938157959082052911981008946895599365234e+04  +3.5093211005164980633708182722330093383789e+03
-4.7037931286227575355951557867228984832764e+02  -6.4902516258661319170641945675015449523926e+02  +2.7629039028919032716657966375350952148438e+02
+6.3302987218406329361641837749630212783813e+01  +2.4548711519425850724474003072828054428101e+02  +4.9518838631251135495858761714771389961243e+01
-2.6244327422342416866740677505731582641602e+02  -2.7872885243997370707802474498748779296875e+02  -1.0412141695907796474784845486283302307129e+03
+7.7660119800519032651209272444248199462891e+02  -1.8477430605344966352276969701051712036133e+03  +7.7816373617989862410126988834235817193985e+00
-1.0531033142862925160443410277366638183594e+04  +5.5162196824167604063404724001884460449219e+03  +1.3633834662448458402650430798530578613281e+04
+8.0811973020478189937421120703220367431641e+03  +4.0410888711607949517201632261276245117188e+04  -2.1881715387064559763530269265174865722656e+04
-2.3679731285517436845111660659313201904297e+03  -3.0045077063281695473051513545215129852295e+02  -6.4876209287747428788861725479364395141602e+02
+7.4073867158766424836358055472373962402344e+03  +1.4047025757150930076022632420063018798828e+04  +7.1639531615654532288317568600177764892578e+03
+8.2439909827097619654523441568017005920410e+02  +5.3604089783315059321466833353042602539062e+04  +2.5846798547890966801787726581096649169922e+03
-8.1536374107810161149245686829090118408203e+02  -2.4198767603232935741175424482207745313644e+00  +2.0526216556454960482369642704725265502930e+03
+5.4024239276570151560008525848388671875000e+03  +5.8850197084762953636527527123689651489258e+02  +2.4411376217039096445660106837749481201172e+03
+1.5046220143442915286868810653686523437500e+03  +2.9081157756401748883945401757955551147461e+03  -6.1842019533708762537571601569652557373047e+03
+2.8694010737976100244850385934114456176758e+01  -3.0496853478860230097780004143714904785156e+03  +6.3192294589301263840752653777599334716797e+02
-9.5908641829784414767345879226922988891602e+01  -1.4405954881812189682932512369006872177124e+02  -1.7884054799380473355085996445268392562866e+02
-2.1962373708847206899008597247302532196045e+02  -1.0013565286273917820381029741838574409485e+02  -6.1074483262047556308971252292394638061523e+02
+1.6956595089104948783642612397670745849609e+03  +2.2784136686400584039802197366952896118164e+03  +7.7134470111338873721251729875802993774414e+02
-6.4423162974674323777435347437858581542969e+02  +6.0779156999737772082426090491935610771179e+01  -5.3158710692874649339501047506928443908691e+02
-9.9080145940805221016489667817950248718262e+02  -3.8826655858499784699233714491128921508789e+03  -1.1487906776793640801770379766821861267090e+03
+3.0234118999467878893483430147171020507812e+04  -5.0879362190661012732562085147947072982788e+01  +9.0185655890110908217138785403221845626831e+01
-7.1890839062591576293925754725933074951172e+03  +5.5331920858215853513684123754501342773438e+03  -2.2908158370077209838200360536575317382812e+04
+3.1308917495909856398839110624976456165314e+01  -4.3644135421577038869145326316356658935547e+02  +1.0654510527231429932726314291357994079590e+03
+9.6632544134913098332617664709687232971191e+02  -1.6859556763312759812833974137902259826660e+03  +5.1090085545776046274113468825817108154297e+03
-4.4472055658316924109385581687092781066895e+02  -1.3954628132110059368642396293580532073975e+02  +2.7276728399287401316541945561766624450684e+02
+2.1425117867840307894766738172620534896851e+02  -3.6906904484770285534978029318153858184814e+02  -1.8913542524318859250342939049005508422852e+02
-3.1738858015874427564995130524039268493652e+02  -9.4623175253978203613769437652081251144409e+01  -1.2596968525571057284651033114641904830933e+01
+6.9515578126409427568432874977588653564453e+03  +1.7365545142999005179262894671410322189331e+02  +5.4848271545521074585849419236183166503906e+03
+1.3188056164420169807272031903266906738281e+04  -2.8166076404135458233213284984230995178223e+02  +3.9634424143462620122591033577919006347656e+03
-2.1656506492185071692802011966705322265625e+03  +2.9585578733458896749652922153472900390625e+02  +2.1786875795084306446369737386703491210938e+03
-1.7844450172304539592005312442779541015625e+04  +1.7215304345401053433306515216827392578125e+05  -5.9800177917285698640625923871994018554688e+04
+1.6195854651309611654141917824745178222656e+04  -1.0242622774102271705487510189414024353027e+03  -1.2954767717861968776560388505458831787109e+04
+1.4919678942587575320999349060002714395523e+00  -6.2055355653449259989429265260696411132812e+03  -3.1377211934267484139127191156148910522461e+03
+7.3327074624617728204611921682953834533691e+02  +1.4337679404528985287470277398824691772461e+03  -1.6250458297964989640149724436923861503601e+01
-5.0453472417265011245035566389560699462891e+03  -3.2725577649495147625202662311494350433350e+02  -3.8559273099398828890116419643163681030273e+03
-2.2835764606558959712856449186801910400391e+03  +2.8445341726890596874000038951635360717773e+03  +1.4134212455373401098768226802349090576172e+04
-3.5704374981844767944494378753006458282471e+02  +7.1120488112753250220521294977515935897827e+01  +2.9440581499624488515109987929463386535645e+02
+1.4010865647381768894774722866714000701904e+02  +1.5297048795959808558109216392040252685547e+03  +2.6328302754218339032377116382122039794922e+03
+4.7840843692198968710727058351039886474609e+03  -2.7555338966769477337948046624660491943359e+03  -2.9935493745398948703950736671686172485352e+03
+1.5652744100085837999358773231506347656250e+03  +1.1550543966127825115108862519264221191406e+03  -2.4739516455091270472621545195579528808594e+03
-1.0504484015125198936857486842200160026550e+02  -1.3484724520245487155989394523203372955322e+02  +5.5568460206318957261828472837805747985840e+02
+1.4485650910533368573851475957781076431274e+02  +4.2595962527808399045170517638325691223145e+02  -1.7062390850995479922858066856861114501953e+03
+2.0244460692520576685637934133410453796387e+03  -4.1316767074012168450281023979187011718750e+03  +3.5337722444938440276018809527158737182617e+03
-3.4089529455569017954985611140727996826172e+03  +9.4847496350500625794666120782494544982910e+02  -1.5463693071240464860238716937601566314697e+02
+2.9576394278017249916956643573939800262451e+02  -2.2106925942358689098909962922334671020508e+03  -3.5643564531551310210488736629486083984375e+03
-1.6610495812318411026353714987635612487793e+03  -4.3303995272611073232837952673435211181641e+03  +1.7141506755482080279762158170342445373535e+03
+1.1853036439379273758731869747862219810486e+01  +6.9356479582337854594698001164942979812622e+01  +6.5294393992067625731579028069972991943359e+01
-1.1446253351493058669774427471566013991833e+00  -1.6767841494666843260574751184321939945221e+01  -6.8244457371249353627717937342822551727295e+01
+3.3399601238727797181127243675291538238525e+02  +4.2195778446388523263976821908727288246155e+01  +6.7468467421309654241667885798960924148560e+01
-4.1020918156421039384440518915653228759766e+03  +2.1681942891642265749396756291389465332031e+04  -1.4740706201776407397119328379631042480469e+04
-6.3218650983133706233729753876104950904846e+01  -1.7650419215367702463481691665947437286377e+02  -1.9339463496839557592466007918119430541992e+03
-7.7417205653726796299451962113380432128906e+03  +1.4713275210604318999685347080230712890625e+04  +2.1846476203291884303325787186622619628906e+04
-4.9823310580951208237365790409967303276062e+01  -3.2459261583382663047814276069402694702148e+03  +1.3235266705324652320996392518281936645508e+03
+1.1330656215810740832239389419555664062500e+03  -1.9923783378398169929823779966682195663452e+02  -8.2432102033692058284941595047712326049805e+02
+3.1232811425570602636980765964835882186890e+01  -2.5101128919639900232141371816396713256836e+03  -1.7414084433757407168741337954998016357422e+03
+8.5031928003547943717421730980277061462402e+02  +3.4659446415218042147898813709616661071777e+02  +5.0655920763409085338935256004333496093750e+03
+2.6412369246189837213023565709590911865234e+03  -2.2995846191143705254944507032632827758789e+03  +4.3287583131468472856795415282249450683594e+03
-7.9240970494051367722931900061666965484619e+01  +5.6222588099124415350615890929475426673889e+00  +3.3420359365059368883521528914570808410645e+02
+7.1824335179986428556730970740318298339844e+02  +1.8619906214169736813346389681100845336914e+03  -1.9964736225177782671380555257201194763184e+03
-4.3054765818641357100204913876950740814209e+01  +1.2998485178016544239198992727324366569519e+01  +6.8255758076519143173754855524748563766479e+01
+3.0022872645205778098898008465766906738281e+04  +1.2400236595324513473315164446830749511719e+03  -7.9534311998880861210636794567108154296875e+04
-8.6091543348863284336403012275695800781250e+04  +4.3943512520441952801775187253952026367188e+04  -2.8119096742774851009016856551170349121094e+04
-1.9150423585284656837757211178541183471680e+03  +6.5672436478504926071764202788472175598145e+02  -3.0488240536499745303444797173142433166504e+02
-7.0845706286880727020616177469491958618164e+02  -3.5813916168606483552139252424240112304688e+03  -1.7153861095190002288290997967123985290527e+03
-5.1467339449099381454288959503173828125000e+03  -1.8618548621550426105386577546596527099609e+03  -8.3386962631300477255535952281206846237183e+01
-1.3329107409106545674148947000503540039062e+03  +1.2458056868093258344742935150861740112305e+03  +7.9415307877171778727642958983778953552246e+02
+1.0900756670808257240423699840903282165527e+03  -1.1008280857281195039831800386309623718262e+03  +1.6651638765839834377402439713478088378906e+03
-6.0631736391827701027068542316555976867676e+02  -1.4677599432748106664803344756364822387695e+03  -4.0542004883062838871410349383950233459473e+02
-2.3815957874490964059077668935060501098633e+03  +1.6952344376561134140501962974667549133301e+03  -4.9137595028807652397517813369631767272949e+02
+1.1469598103456023636681493371725082397461e+03  +5.6520463569888704569166293367743492126465e+02  -2.7146645557543861286831088364124298095703e+03
+5.8621352929977376788883702829480171203613e+02  +4.3366355422237973016308387741446495056152e+02  +4.4125260987041139060238492675125598907471e+02
-1.2068072738055106185584008926525712013245e+02  +1.7196680358701897262108104769140481948853e+02  -9.2140850243090056892469874583184719085693e+01
+1.2294437608922311255810200236737728118896e+02  +5.4205148105650515333309158449992537498474e+01  +1.1394325159395670254980359459295868873596e+02
+5.0260119263574597425758838653564453125000e+03  +2.2111879242506033733661752194166183471680e+03  -2.9671001555581565298780333250761032104492e+03
+2.6145833777742705024138558655977249145508e+03  +5.8133489749233604015898890793323516845703e+03  -2.6332113017257131559745175763964653015137e+02
-4.7150443713584718352649360895156860351562e+03  +7.0027970260183328718994744122028350830078e+03  -9.2734292356383630249183624982833862304688e+03
-8.0401462270551564870402216911315917968750e+02  +1.4410741783590392515179701149463653564453e+03  -2.5028105090021117575815878808498382568359e+03
-7.9281244269719245494343340396881103515625e+03  +3.0659036890467200464627239853143692016602e+02  -3.4219707980915100051788613200187683105469e+03
+1.2925690566991561354370787739753723144531e+04  +4.4386860297637995245167985558509826660156e+03  +9.4440014987631675467127934098243713378906e+03
-5.9640884619021119306125910952687263488770e+02  +3.8652010687567502600359148345887660980225e+02  -1.3377191377256400528494850732386112213135e+02
-1.0371984742081185970619117142632603645325e+02  -4.2481581715419156353163998574018478393555e+02  -3.8414931898373430385618121363222599029541e+02
+2.1853154865345518373942468315362930297852e+03  +3.5735473402518941838934551924467086791992e+03  +2.7410643686188732317532412707805633544922e+03
+5.6960392107899670008919201791286468505859e+03  -2.1880846962779637578933034092187881469727e+03  +2.6255789139332723607367370277643203735352e+03
-2.5883731453299424174474552273750305175781e+04  -4.7787623634837844292633235454559326171875e+04  -8.0735218450443499023094773292541503906250e+04
+3.5949615602000562830653507262468338012695e+02  -5.0225462951163135585375130176544189453125e+03  -2.5746036401764126821944955736398696899414e+03
-5.6574918149113022991514299064874649047852e+02  -2.0346533569967286325663735624402761459351e+02  +3.6519735427830914886726532131433486938477e+02
+1.8311270763792292655125493183732032775879e+03  -3.9284789618911809156998060643672943115234e+03  -1.5636061193640871351817622780799865722656e+03
+2.4855880627007476846301869954913854598999e+02  +4.8295998357874066186923300847411155700684e+02  -1.1497298556345562303704355144873261451721e+02
-1.1679003224811614927602931857109069824219e+04  -8.9204770234760453604394569993019104003906e+03  -2.9767421909171589504694566130638122558594e+03
+3.7693461663751809282985050231218338012695e+03  -4.5916567148943107667946605943143367767334e+02  +7.4036764001428118717740289866924285888672e+03
-2.7616651916418097243877127766609191894531e+04  +1.4831575538944886648096144199371337890625e+05  -6.1645122267567501694429665803909301757812e+04
-7.6484066458600806072354316711425781250000e+04  +8.7913669691192379104904830455780029296875e+04  +1.4339701121105481433914974331855773925781e+03
-1.8951057911420189157070126384496688842773e+03  -1.2392358805110641242208657786250114440918e+03  +2.0499740888849464681698009371757507324219e+02
+7.2755448124349186400650069117546081542969e+03  -1.1777548116830055732862092554569244384766e+04  +1.2798337883816723206109600141644477844238e+03
-4.2651654319485147425439208745956420898438e+04  +6.4396428593707723848638124763965606689453e+03  +5.0212669790117659431416541337966918945312e+04
-1.9132618315065863612289831507951021194458e+02  +6.2242848563123095573246246203780174255371e+02  -2.7393770927875408460749895311892032623291e+02
-6.4995185971747887379024177789688110351562e+03  +1.1292646044916440587257966399192810058594e+04  +1.4139974801613241652376018464565277099609e+04
-2.6891953096743213791341986507177352905273e+03  +1.0473241515324465922276431228965520858765e+02  -9.4761167248648064287408487871289253234863e+02
-3.0883382133697646168002393096685409545898e+03  -2.5057494284185413562227040529251098632812e+03  +1.5082787336973919991578441113233566284180e+03
-1.9604422586269982275553047657012939453125e+04  +4.1722602208550182695034891366958618164062e+04  +3.4523712392304936656728386878967285156250e+04
-5.9506054531624238279619021341204643249512e+02  +7.1143411648736491770250722765922546386719e+02  -1.8907017275305847761046607047319412231445e+03
-3.2805754829631717939264490269124507904053e+02  +1.1458535051989579187647905200719833374023e+03  -4.4379542422020977028296329081058502197266e+03
-8.2583404831039945293014170601963996887207e+02  +9.7955531463564696537105191964656114578247e+01  +5.9103132438636905021667189430445432662964e+01
-6.5719984523298398926272056996822357177734e+03  -3.9497589118957097298334701918065547943115e+02  -9.6499564055586470203706994652748107910156e+03
-2.0161875115527611342258751392364501953125e+04  -3.1472630847617037943564355373382568359375e+04  -3.6210064334437183788395486772060394287109e+03
-2.0556374270710803102701902389526367187500e+03  -1.0231709544745170887836138717830181121826e+03  -8.6353703518582494780275737866759300231934e+02
+1.3284053334388582356950792018324136734009e+02  +4.0348689267524964634503703564405441284180e+03  +7.7856621401468703425052808597683906555176e+02
-4.9769839816408466504071839153766632080078e+03  +8.0642732302093281759880483150482177734375e+03  +8.5687303616215158399427309632301330566406e+03
-4.1077445787950846352032385766506195068359e+03  -4.9506841989703734725480899214744567871094e+03  +6.3484895819169250898994505405426025390625e+03
-3.5796289021274383230775129050016403198242e+03  +2.8422704134621362754842266440391540527344e+03  -1.1574404029338959389860974624752998352051e+03
-7.8585295097203277236985741183161735534668e+02  +7.0172863517474831951403757557272911071777e+02  -9.3619485279149114376195939257740974426270e+02
-5.9121695810540256843523820862174034118652e+02  +2.0692689459007897312403656542301177978516e+02  +2.3339245144217562710764468647539615631104e+02
+9.5467009815022538532502949237823486328125e+03  -2.6415228133127070577756967395544052124023e+03  +5.4815011268481293882359750568866729736328e+03
-3.7691160971461731605813838541507720947266e+03  -4.6001584399112707615131512284278869628906e+03  +1.1178905332389103932655416429042816162109e+03
+3.0251321342367984470911324024200439453125e+04  +7.6679655014796617251704446971416473388672e+03  +1.0253687347686749490094371140003204345703e+04
+4.6798787444472878860324271954596042633057e+02  +8.8366431895330165957602730486541986465454e+01  +7.5105202303778116856847191229462623596191e+02
-1.2670931327141284228332551720086485147476e+01  -1.2303736392422554217773722484707832336426e+03  +1.7744048024892330772672721650451421737671e+02
-2.0346156373272657447159872390329837799072e+02  -3.1224591118408699230712954886257648468018e+02  +1.5207080338732114910271775443106889724731e+02
-3.2157409313929128984455019235610961914062e+03  +3.1080867747123500066663837060332298278809e+02  +5.6847365791070785689953481778502464294434e+02
+5.6442208709449528214463498443365097045898e+02  -1.8219100809988253786286804825067520141602e+03  -7.5004278029674314893782138824462890625000e+03
-4.1426431311721927386315655894577503204346e+01  -9.0595296950208052066955133341252803802490e+01  -6.5615085316964737671696639154106378555298e+01
-1.7191830633594459953883415437303483486176e+01  -1.8025537596534704221085121389478445053101e+01  +6.2466808160653197745659781503491103649139e+00
-9.3683280155186011484147456940263509750366e+01  -5.6831840171665294292324688285589218139648e+02  -3.7943795546381528538404381833970546722412e+02
-4.0867728075252125563565641641616821289062e+03  +2.4922657118821557560295332223176956176758e+03  +2.0554601778389105675159953534603118896484e+03
-3.4011355869984964783725445158779621124268e+02  -5.6543966572315150642680237069725990295410e+02  -5.3532280314937167986499844118952751159668e+02
+1.3320764568849208231426928250584751367569e+01  +6.7214790866181202133589067670982331037521e+00  -8.0390727332742439870116868405602872371674e+00
+3.5828654669200977878062985837459564208984e+03  +1.6895544803078885252034524455666542053223e+03  -4.6349616115008529959595762193202972412109e+03
+1.5399906792057336133439093828201293945312e+03  +5.6323543041714412993314908817410469055176e+02  -2.2963092745048070355551317334175109863281e+03
+1.2073512070416652477433672174811363220215e+03  +1.4640604939923565552817308343946933746338e+02  -2.5215371582358500290865777060389518737793e+02
-2.4746908415842026442987844347953796386719e+03  +9.2442061945403258960141101852059364318848e+02  +1.2076568901013231425167759880423545837402e+03
+1.7347478472157442297429952304810285568237e+02  +5.4534606882091054558259202167391777038574e+02  +1.6712928377632425736010191030800342559814e+02
-1.7864936260915706611740461084991693496704e+02  -1.4803573164631632153032114729285240173340e+02  -1.8300495048338817127842048648744821548462e+01
-7.8822207082187603077727544587105512619019e+01  +1.0151346293559211062529357150197029113770e+03  -2.1168616248636831755902676377445459365845e+02
-5.7756617311210686693812021985650062561035e+02  -7.4304972145883979806058050598949193954468e+01  +9.7769252640878320903539133723825216293335e+01
+1.5618017085487286976785981096327304840088e+02  +8.7478055801100339294862351380288600921631e+01  +1.9160481321975762369902440696023404598236e+01
-9.2047286449092325710807926952838897705078e+02  -5.1527111604253229870664654299616813659668e+02  -3.4664245569404647540068253874778747558594e+02
-1.5501809550893146933958632871508598327637e+03  +1.3809486575669438025215640664100646972656e+04  +9.1303158233686208404833450913429260253906e+03
+6.8920518046464967483188956975936889648438e+03  -1.0000593385008555742388125509023666381836e+03  -4.4107417347978125690133310854434967041016e+03
+1.2860619797104010331167955882847309112549e+02  -9.7747044609474596654763445258140563964844e+02  -6.7238094567526661649026209488511085510254e+02
+9.7375841021575899958406807854771614074707e+02  +3.1511941236401111154918908141553401947021e+02  -1.0396434313289723831985611468553543090820e+03
-8.4368879961529796673858072608709335327148e+02  +1.5218034642346580653793353121727705001831e+02  -2.2533457655330551006045425310730934143066e+02
+7.1731295147766218178730923682451248168945e+01  -7.5631469308140509610893786884844303131104e+01  -9.1009735130991714413539739325642585754395e+01
-1.2673085204751744825557580043096095323563e+01  -3.7049487441797495534956397023051977157593e+01  -8.5359734882339296291320351883769035339355e+01
-2.1228693481574682664358988404273986816406e+03  +2.8409003157643915074004326015710830688477e+03  -1.3214613750670953322696732357144355773926e+03
+1.1812393880740612530644284561276435852051e+03  +3.4097378441636379875490092672407627105713e+02  -8.4301015046215015900088474154472351074219e+03
-8.0551786295736010288237594068050384521484e+03  -7.1597000188159836397971957921981811523438e+02  -1.1085521395299603682360611855983734130859e+04
+8.1727938082787686653318814933300018310547e+03  +5.6437629476198590054991655051708221435547e+03  -7.4194558702830624952184734866023063659668e+02
+2.4420706214046778768533840775489807128906e+04  +2.2412162598075356072513386607170104980469e+04  +2.1924197593436838360503315925598144531250e+04
+2.4586388393473225733032450079917907714844e+04  +7.1341633592177226091735064983367919921875e+04  +3.1008262310016420087777078151702880859375e+04
+2.3892894238106472926119749899953603744507e+02  -1.6304178864156895087944576516747474670410e+03  +4.8720808150771290456759743392467498779297e+03
-3.7922468435866841218739864416420459747314e+02  -1.6526991567353366008319426327943801879883e+03  -3.5001312243520879974312265403568744659424e+02
+5.8189186887210118584334850311279296875000e+04  -3.3816103143841566634364426136016845703125e+04  +4.3126458514582118368707597255706787109375e+04
+1.6816598224156766150372277479618787765503e+02  +6.9652364222643427638104185461997985839844e+02  +1.2612935878579828568035736680030822753906e+03
+1.0493039847080672188894823193550109863281e+03  +2.9621679442029358142463024705648422241211e+03  +2.6726501684241729890345595777034759521484e+03
+7.6662080746625269966898486018180847167969e+03  -2.4011602807358562472472840454429388046265e+02  -7.6897932107189462840324267745018005371094e+03
-6.4821006163226193166337907314300537109375e+03  -1.5609718786146320780972018837928771972656e+04  -3.9522888344227685593068599700927734375000e+03
-5.2229801985831050842534750699996948242188e+04  -1.3918432130910499836318194866180419921875e+05  +2.6978656643762533349217846989631652832031e+04
+7.6031565101853414034849265590310096740723e+02  -1.0102235426604618169221794232726097106934e+03  -2.2834840694673061989306006580591201782227e+03
+2.2644144401384934894849720876663923263550e+02  +1.3651443715672571670438628643751144409180e+03  -2.3471767467147569163898879196494817733765e+02
-3.7591328031916866336814564419910311698914e+01  -1.2017984305610303508160541241522878408432e+01  -1.3141291114116540938994148746132850646973e+02
+2.8805735088561123120598495006561279296875e+03  +2.4878864001814613402530085295438766479492e+03  -8.1997940769439026098552858456969261169434e+02
-1.8992918431444977613864466547966003417969e+04  +3.1116955269026849418878555297851562500000e+05  -2.1837735877730010543018579483032226562500e+04
+4.5289948714878737519029527902603149414062e+03  -6.8803510209320238573127426207065582275391e+03  -3.7192879163040271350837429054081439971924e+02
-4.9386887590636877121141878888010978698730e+02  +2.7095544286237332016753498464822769165039e+03  -3.8741208759728476707095978781580924987793e+02
-3.5526684416277043965237680822610855102539e+03  -1.7523980413726594633772037923336029052734e+03  -9.4826163258676274381286930292844772338867e+02
+3.0661129197853742880397476255893707275391e+03  +1.1086788438336670878925360739231109619141e+04  -7.4914873354244291476788930594921112060547e+03
+8.3915373494200082404859131202101707458496e+02  +1.5736965365221997217304306104779243469238e+03  +3.7910165822521258860433590598404407501221e+02
+2.0220119481152041771565563976764678955078e+03  +1.2696909900476575785432942211627960205078e+03  +2.2080940372156732109942822717130184173584e+02
-1.2676110958404647135466802865266799926758e+03  +1.0774209258920534182379924459382891654968e+02  -1.7575595331375443493016064167022705078125e+03
-4.3771004267980151425376789120491594076157e+00  -3.6510746876018444595501932781189680099487e+01  +2.4920728762518013610360867460258305072784e+01
-5.0343714306500174870961927808821201324463e+02  +2.0169612299977463862887816503643989562988e+03  +6.1835878234335132219712249934673309326172e+02
-2.3828297024404017179222137201577425003052e+02  +3.1493262753991430145106278359889984130859e+03  +2.9606446925804402781068347394466400146484e+03
+2.8351729374467265643033897504210472106934e+02  -1.2982846081542411411646753549575805664062e+03  -6.0953354492833875610813265666365623474121e+02
+3.3187645930090417323299334384500980377197e+02  +6.7388410616393707641691435128450393676758e+02  -4.1462653065752959946621558628976345062256e+02
+2.0249141117317179805468185804784297943115e+01  -6.3980955272555931401257112156599760055542e+01  +1.1349646450297576905086316401138901710510e+00
+3.1466403179832755085953976958990097045898e+03  -4.2786219279636788996867835521697998046875e+03  +1.3167200839323775198863586410880088806152e+03
+3.4905845666161262670357245951890945434570e+03  -2.7634555384378262488098698668181896209717e+02  +8.8310255869712898402212886139750480651855e+02
-1.3289920927561587404852616600692272186279e+02  +1.3303369866076945982058532536029815673828e+02  -2.5935434000939034149268991313874721527100e+02
-1.2718090003975659783463925123214721679688e+04  +2.0091530648364580429188208654522895812988e+03  +5.2848834805083220089727547019720077514648e+02
-2.3147420172601305239368230104446411132812e+03  +1.0469996013186382697313092648983001708984e+03  -1.5467288061202802964544389396905899047852e+03
+5.4101730231278713745268760249018669128418e+02  +1.2602677804140948865097016096115112304688e+03  +7.2683016633931049454986350610852241516113e+02
+1.4162146422565484726874274201691150665283e+02  +9.2122638722249263310004607774317264556885e+01  +1.4137496563228262758116215991321951150894e+01
+3.7003756913365969012374989688396453857422e+03  -7.2364629366710187241551466286182403564453e+03  -9.9622953058884559141006320714950561523438e+02
+9.7003507173193236212682677432894706726074e+02  -3.1162179372259593037597369402647018432617e+03  +1.5990440760044762100733350962400436401367e+03
-7.2373722433753302496484138828236609697342e+00  +2.5951696038714416658876871224492788314819e+01  +8.2289722196185408620294765569269657135010e+00
+1.6816415038814313447801396250724792480469e+04  -1.9258371798420048435218632221221923828125e+03  +8.1476378149851407215464860200881958007812e+03
-2.4781688278765135328285396099090576171875e+05  +1.1477160505013073270674794912338256835938e+05  +7.3986322304408327909186482429504394531250e+04
-6.0433678190910950434044934809207916259766e+02  +3.7558452147490070274216122925281524658203e+03  -4.6274856232435959100257605314254760742188e+03
-4.5636117654910822238889522850513458251953e+03  +3.9346940275708402623422443866729736328125e+02  +6.1158777973179976470419205725193023681641e+03
-5.3269020468014090852193476166576147079468e+01  -1.5892025107227647140462067909538745880127e+02  +1.0108502466978112011020130012184381484985e+02
+8.5437421540552282994696042806026525795460e-02  -8.2885611807068109158080915221944451332092e+00  -3.2870679895138181336733396165072917938232e+01
+6.6163865975063135920208878815174102783203e+03  +4.7222285077415006071532843634486198425293e+02  -2.4650517800141631596488878130912780761719e+04
+9.6108621890510657976847141981124877929688e+03  -2.0215353313869084104226203635334968566895e+03  +2.8304956771688280241505708545446395874023e+03
+5.3045104864557069959118962287902832031250e+03  +7.5343994265557284961687400937080383300781e+02  +4.2806115998162331379717215895652770996094e+03
+1.1077974560626162201515398919582366943359e+03  +5.3963715142923638268257491290569305419922e+03  -3.1881891532476561224029865115880966186523e+03
-6.3714758517050438513251719996333122253418e+02  +1.8572436600377568538533523678779602050781e+03  +1.0716955414949981786776334047317504882812e+04
+8.1421149382035127928247675299644470214844e+03  +4.3579299770089592129806987941265106201172e+03  -1.7569291730760007794742705300450325012207e+03
+5.4260816397103872077423147857189178466797e+02  -4.8571574245961517135583562776446342468262e+02  +1.5540433313049704793229466304183006286621e+03
-1.2060684168792804484837688505649566650391e+03  -9.2562094420091361826052889227867126464844e+03  -5.2044896497976642422145232558250427246094e+03
+3.2504350797866288758086739107966423034668e+02  -2.4091603852280240971595048904418945312500e+02  -1.6456751432511198345309821888804435729980e+03
+5.7788163110820996735128574073314666748047e+03  -4.1479603168101411938550882041454315185547e+03  -7.8017630257512364551075734198093414306641e+03
-2.9697345568854438170092180371284484863281e+04  -1.0749190552550870052073150873184204101562e+05  +1.1591852372841809119563549757003784179688e+05
+2.1643710750332797942974139004945755004883e+02  +1.8912379563656926961812132503837347030640e+02  +7.5661323153442424427339574322104454040527e+01
+9.8507737930825509664600758696906268596649e+00  -8.2968491855651819832928595133125782012939e+01  -3.9073222261945247169023787137120962142944e+01
-5.2224154395305040452512912452220916748047e+03  -6.6113887242262489962740801274776458740234e+03  +3.4442849434231211489532142877578735351562e+03
+2.5882947023178385279607027769088745117188e+03  +7.4399728542202483367873355746269226074219e+03  -1.3676777072273891917575383558869361877441e+03
+1.1312692093826492509833769872784614562988e+03  -1.5559701790893404904636554419994354248047e+03  +2.1346437493944367815856821835041046142578e+03
-8.9974112064826067580725066363811492919922e+02  -3.1244788011632931556960102170705795288086e+02  -6.6020561227978600982169155031442642211914e+02
+1.4727830937535070461308350786566734313965e+03  -2.8477218227873099749558605253696441650391e+03  +9.4746078718974990806600544601678848266602e+02
-3.2115589121659263582841958850622177124023e+03  -1.4002618232393047037476208060979843139648e+03  +3.7010810501262517391296569257974624633789e+03
+4.8634863957017305438057519495487213134766e+03  +7.0541905242878483477397821843624114990234e+03  +3.1981014883828916026686783879995346069336e+03
-7.7901034561226100777275860309600830078125e+04  +3.9955323698893960681743919849395751953125e+04  -4.1899881575608909770380705595016479492188e+04
+2.8472553372438824226264841854572296142578e+02  +2.6366842717547467600525123998522758483887e+02  +3.9539293468628773098316742107272148132324e+02
-4.5824662207303401828539790585637092590332e+02  +1.2191680243932884408764039108064025640488e+01  +1.1358631311179146905487868934869766235352e+03
+4.4889752589855795861240039812400937080383e+01  -2.7338558594508807431111563346348702907562e+01  +1.3261566310365284948602493386715650558472e+02
-3.8703780735943723811942618340253829956055e+02  +8.7112703665070857823593541979789733886719e+03  +4.6434735801203305527451448142528533935547e+03
+2.4928418904367654249654151499271392822266e+03  +2.5043340008315186651088879443705081939697e+02  +9.7028720439320977675379253923892974853516e+02
-2.7024445542612111239577643573284149169922e+03  -2.4172682000991121640254277735948562622070e+03  -2.6549977680308184062596410512924194335938e+03
-3.8994097901127412342248135246336460113525e+02  -3.6155501754264628289092797785997390747070e+03  -1.0059722251788188032151083461940288543701e+03
-1.1838282684567352589510846883058547973633e+03  +6.7641538771207888203207403421401977539062e+02  -8.1377049601630062625190475955605506896973e+02
+7.6429474022846261505037546157836914062500e+03  -1.1935919994661608711794542614370584487915e+02  +5.1631048248366578263812698423862457275391e+03
+4.2996542980294107110239565372467041015625e+03  -1.6935002175133408854890149086713790893555e+03  -4.2306982282616644397421623580157756805420e+02
-6.6702800462464219890534877777099609375000e+03  -2.4277423585823271423578262329101562500000e+04  +4.0944727650522522708342876285314559936523e+03
-6.7711506637712588485555897932499647140503e+01  -9.8051365972867827736081380862742662429810e+01  -1.2641360361486945862452557776123285293579e+02
+1.4443941095918239625461865216493606567383e+02  +1.4006899854801031324313953518867492675781e+03  -6.1764853804723122721043182536959648132324e+02
+7.3373183226779053711652522906661033630371e+02  +2.6219403582048664702597307041287422180176e+02  +8.6945057482124514081078814342617988586426e+02
+1.2609626272523077204823493957519531250000e+04  +1.2261566934822227267432026565074920654297e+04  +1.5202398792118308847420848906040191650391e+04
+2.1231171552386564371772692538797855377197e+02  +5.3120876042172007203134853625670075416565e+01  +3.5301321125729242567103938199579715728760e+02
+8.8986593700014353203187056351453065872192e+01  +3.8865520291016349574420019052922725677490e+02  -2.7452824355486768581613432615995407104492e+02
+2.4200619656566971116262720897793769836426e+02  -1.2965311220011503223759063985198736190796e+02  -3.0601098971267640536098042502999305725098e+02
+6.6196401627003388057346455752849578857422e+03  +4.8754517659889916103566065430641174316406e+03  -9.6331677694144190127190086059272289276123e+01
-3.7980307435960651218920247629284858703613e+02  +1.0154351196659650668152607977390289306641e+04  -1.1110775179151743941474705934524536132812e+04
+1.7002129160594499808212276548147201538086e+03  -1.2991090541841388130706036463379859924316e+03  +2.2473696640991083768312819302082061767578e+03
-3.5120733985764127282891422510147094726562e+02  +1.0239901690489386965055018663406372070312e+02  -9.1309311571401269702619174495339393615723e+02
-7.2168185215120422526524635031819343566895e+02  -1.0416948903624721367577876662835478782654e+02  +5.8161172727091570777702145278453826904297e+02
+1.3598206738517458802562032360583543777466e+02  -8.6883164138834683853929163888096809387207e+02  +3.2310781280394980967685114592313766479492e+03
-1.0180140809200051080551929771900177001953e+04  +1.6802211843210749066201969981193542480469e+04  +3.1788650182944174957810901105403900146484e+03
-1.9688391171438418041361728683114051818848e+03  +3.2278189247569425788242369890213012695312e+03  -5.4036101895893705204798607155680656433105e+02
-2.6330503966046794630528893321752548217773e+03  +3.6045499478581723451497964560985565185547e+03  -1.7404821318175013402651529759168624877930e+03
+1.6457036484334556007524952292442321777344e+04  +5.1939964414446103546652011573314666748047e+02  -1.0832471169995237141847610473632812500000e+05
+1.1663670945471960749273421242833137512207e+03  +2.4146301509025847735756542533636093139648e+03  +1.5922065651502346099732676520943641662598e+03
-2.6116978042571537343974341638386249542236e+02  -5.1670505378853363254165742546319961547852e+02  +5.5987770150719299522279470693320035934448e+01
+8.2624262614648742442113871220499277114868e+01  -1.8086022309950660655886167660355567932129e+03  -2.7098134591366406311863102018833160400391e+03
-8.9136254932893841385066480142995715141296e+00  -6.4967444405430612164309422951191663742065e+00  -4.4781873607997164654648258874658495187759e+00
-2.1255058452265361665922682732343673706055e+03  +9.2717108328132076167094055563211441040039e+02  +2.7845872986071435661870054900646209716797e+03
+6.1188017098649550007394282147288322448730e+02  +9.7059147969922537413367535918951034545898e+02  -8.7733755330202222921798238530755043029785e+02
+1.8117381378372323524672538042068481445312e+04  -3.5338085053347371285781264305114746093750e+04  -7.0746794205568890902213752269744873046875e+04
+2.2694123554939605469371599610894918441772e+02  +1.0457769104004271412122761830687522888184e+03  +6.3571279600481659599608974531292915344238e+02
+1.3883210281201977522869128733873367309570e+03  +1.5817034989409626177803147584199905395508e+03  -1.2500187701567947442526929080486297607422e+03
-2.6685679243341246547061018645763397216797e+03  -1.0950923760647169729054439812898635864258e+03  -4.5516540198145770546034327708184719085693e+02
+3.2549389371055976880597881972789764404297e+03  +2.9502318407204820687184110283851623535156e+03  +3.0229871459002210940525401383638381958008e+03
+1.1163818878135820341412909328937530517578e+04  +2.0370772552337035449454560875892639160156e+04  -6.5309322022316257516649784520268440246582e+02
+4.7878850369457495617098174989223480224609e+03  +1.9007567796266295772511512041091918945312e+04  +1.1427367454087534497375600039958953857422e+04
-2.5041955756683273648377507925033569335938e+04  -2.1298234282336841715732589364051818847656e+04  -1.2093040954185826194589026272296905517578e+04
-2.4285044575264250852342229336500167846680e+03  +2.0953669706545362316774117061868309974670e+01  +2.2331905041483087188680656254291534423828e+03
+4.0313654951858452477608807384967803955078e+03  +3.3698536088401228880684357136487960815430e+03  -8.6327803234981529385549947619438171386719e+03
-2.1929163279197218798799440264701843261719e+03  +1.3218409764402856581000378355383872985840e+03  +4.3783228058789982242160476744174957275391e+03
-3.8946693127742964861681684851646423339844e+03  -1.0752766121366187235253164544701576232910e+03  +2.8355470641727845304558286443352699279785e+02
+2.1627075873256576414860319346189498901367e+03  +3.0358635612823240990110207349061965942383e+03  +9.5110530432208264528526342473924160003662e+01
-4.9571722136675754200041410513222217559814e+02  -1.3226472209851196384988725185394287109375e+05  -1.4142834077956498367711901664733886718750e+05
-1.3661825714777030498225940391421318054199e+03  +1.9052673007953201249620178714394569396973e+03  +1.1428676049033961703571549151092767715454e+02
-2.3759678135048711737908888608217239379883e+03  -5.8284289829700173868332058191299438476562e+03  -8.7588659351681610587547766044735908508301e+02
-5.1009813088191222618661413434892892837524e+00  -4.6686405312355283570013853022828698158264e+00  +4.3438195570946769308307011669967323541641e+00
+2.7394888626183521409984678030014038085938e+04  -5.9929491691447674384107813239097595214844e+03  +4.2452959991826992336427792906761169433594e+03
-3.1277856937776493850833503529429435729980e+02  +4.4701712488780481180583592504262924194336e+02  +8.5175823577504260697423887904733419418335e+01
-4.5001150041025312020792625844478607177734e+03  -6.0090283981894390308298170566558837890625e+03  -8.6639460867390334897208958864212036132812e+03
-5.5109554632321203825995326042175292968750e+04  +5.9681824610990319342818111181259155273438e+04  +1.2835514475328307526069693267345428466797e+04
-3.8839413371998028878806508146226406097412e+02  +7.4158521969533342144131893292069435119629e+02  -3.6150464391586453416493895929306745529175e+01
+4.0171675707267542065892484970390796661377e+02  +1.2842822075127554626305936835706233978271e+02  -1.1764781604138752868493611458688974380493e+02
-2.8327310805891494638331096211913973093033e+00  +3.9513523853941716623694446752779185771942e+00  -9.7419784393640329600572158597060479223728e-01
-2.8440626108667056541889905929565429687500e+04  -3.6871564818686558282934129238128662109375e+04  +8.1459720273179718788014724850654602050781e+03
+2.6356035028277244691707892343401908874512e+02  +4.3474923726907309173839166760444641113281e+02  +2.9302405494563998900048318319022655487061e+02
+1.0084447010809664107000571675598621368408e+03  -3.0029440652661514832288958132266998291016e+02  -1.5008952022440907967393286526203155517578e+03
-1.7934256456213509522967797238379716873169e+02  -7.6016579160434343975794035941362380981445e+02  +1.5377379645858047751971753314137458801270e+02
+3.8675703515724188719104859046638011932373e+02  +2.4829946548557909409282729029655456542969e+03  -1.1342463047621376972529105842113494873047e+03
+9.8009002541683787512738490477204322814941e+02  -2.6191051557746322941966354846954345703125e+03  +1.0390236437865044081263476982712745666504e+03
-1.6255715237861295463517308235168457031250e+04  -2.1813108934490668616490438580513000488281e+04  +1.2700789198068010591669008135795593261719e+04
-5.9053499270173537283312725776340812444687e+00  -4.6089109555910834359337968635372817516327e+00  -7.3663461916985428779014455358264967799187e-01
-1.0088248372960295000666519626975059509277e+03  -4.2860251069528032985544996336102485656738e+02  +3.8762299449040426679857773706316947937012e+02
+6.0206826199805441035550757078453898429871e+01  -3.0178554430853598233852608245797455310822e+01  -5.8823990296227250951233145315200090408325e+01
+6.5496620245792320929467678070068359375000e+04  -4.5261949915423509082756936550140380859375e+04  -9.2422746806818686309270560741424560546875e+03
-1.0805342775166431238176301121711730957031e+04  +1.1205182510537737471167929470539093017578e+04  +2.7520466878423981142987031489610671997070e+03
+6.0828875607576064794557169079780578613281e+03  +3.9613754663890827032446395605802536010742e+03  -3.7413643263530307194741908460855484008789e+03
+1.5691415688169880127134092617779970169067e+02  +1.4991816306636742694990971358492970466614e+01  -4.7252795407631305124596110545098781585693e+02
+4.1604366477189635986633220454677939414978e+00  -8.4121786609894364517003850778564810752869e+00  +1.4955952714555471594337632268434390425682e+00
+1.2211048814030821176856989040970802307129e+03  -5.7025855159251896111527457833290100097656e+03  +1.9166109150603833768400363624095916748047e+03
+1.3253908935169252458763367030769586563110e+02  +4.5523417550627749506020336411893367767334e+02  +4.8716618858661132662746240384876728057861e+02
+3.6727135977320449455874040722846984863281e+02  -1.1279632903922737341417814604938030242920e+02  -1.2540064427079209963267203420400619506836e+03
-2.8835638116358666138694388791918754577637e+02  +7.7192668443019704227481270208954811096191e+02  -1.0076861810207289327223634245456196367741e+00
-1.1416190163125322214909829199314117431641e+04  +1.3804384476373241341207176446914672851562e+04  +2.8640384015834304591407999396324157714844e+04
-4.8731183550313937757891835644841194152832e+02  -1.0383321231778011224378133192658424377441e+03  +7.8251005821131570883153472095727920532227e+02
-4.2323282369265155011817114427685737609863e+02  -1.4444646622730955641600303351879119873047e+04  -9.4513490092484025808516889810562133789062e+03
-5.6241061647910055398824624717235565185547e+02  -3.1061981150540702856233110651373863220215e+02  -3.8189529641564439543799380771815776824951e+02
-3.3328850268618305108248023316264152526855e+02  -1.9988054345070622730418108403682708740234e+03  +2.7385271679708735064195934683084487915039e+03
+6.4466479938812756245170021429657936096191e+02  -5.6144882943109757889033062383532524108887e+02  -5.8931626936071324962540529668331146240234e+02
+8.2067140293309779372066259384155273437500e+05  +4.5913230628661357332020998001098632812500e+05  +2.6834438121595594566315412521362304687500e+05
-8.3760379409303248394280672073364257812500e+04  -9.5167133210195592255331575870513916015625e+04  -3.6369931389408833638299256563186645507812e+04
-5.1643739036520011723041534423828125000000e+04  +4.3019659704687212069984525442123413085938e+04  +4.7480511324935068842023611068725585937500e+04
+3.2644801821945661686186213046312332153320e+03  +1.3672397099062939105351688340306282043457e+03  -5.5131152707257228939852211624383926391602e+02
-4.1378284085801587934838607907295227050781e+03  +1.2699131975055283874098677188158035278320e+03  -3.2849380323085651980363763868808746337891e+03
-5.2536361262903744773211656138300895690918e+02  -3.7630070972849489407963119447231292724609e+02  -1.0903580802129378923837066395208239555359e+02
+6.1432712966681516263633966445922851562500e+04  -5.7089435038458876078948378562927246093750e+04  -6.0364382581073259643744677305221557617188e+04
+1.6607301001067162360413931310176849365234e+03  +5.9134858197504900090279988944530487060547e+02  +6.6135654663215439086343394592404365539551e+02
-5.3662057148005533235846087336540222167969e+02  -6.4853067235696962598012760281562805175781e+03  +1.1391229146479113296663854271173477172852e+03
-8.4653344938610064218664774671196937561035e+02  -1.2224815120734218609754861972760409116745e+01  +2.2877917101302583091637643519788980484009e+02
-7.6991387287947100048768334090709686279297e+02  -8.2166066878169465326209319755434989929199e+02  +7.9066640176218939473073987755924463272095e+01
+2.0528760790002916110097430646419525146484e+03  -5.8985121009037002295372076332569122314453e+03  -1.1388858526886147046752739697694778442383e+03
-4.9400331580663913655371288768947124481201e+02  -1.4412158941226691695192130282521247863770e+03  +1.7126844913276397619483759626746177673340e+03
-2.5425101637967677561391610652208328247070e+03  -2.1001459267286413705733139067888259887695e+03  +2.0737206065422074061643797904253005981445e+03
+4.3135212697004583048965287161991000175476e+01  +1.9419754436348050603555748239159584045410e+03  +4.1788349623663698366726748645305633544922e+03
+1.4340268982753179898281814530491828918457e+03  +4.8377309808031595821375958621501922607422e+03  +1.5087472676936483821918955072760581970215e+03
+5.4812136438611287303501740097999572753906e+03  +6.7864971055042333318851888179779052734375e+03  -2.2957945319704585926956497132778167724609e+03
-2.1652865598102648618805687874555587768555e+03  +2.0391051591085371796907566022127866744995e+02  -4.0071223266947214369793073274195194244385e+02
-1.0744230368539920164039358496665954589844e+04  +5.6316849940693145981640554964542388916016e+03  -6.7571386907769738172646611928939819335938e+03
+2.3280345723571323901524010580033063888550e+02  +4.0283019409463059901099768467247486114502e+02  +7.4670162649211079042288474738597869873047e+02
+2.9766651384110645039982046000659465789795e+02  -1.3085662848326378480123821645975112915039e+03  -5.1144114277365247289708349853754043579102e+02
+3.8892276280908191665730555541813373565674e+02  +2.7293184765009544207714498043060302734375e+04  +1.4784944654106596135534346103668212890625e+05
-8.1846956665777206296752410707995295524597e+00  +8.8419182235950643189426045864820480346680e+01  +1.6064128214127508726960513740777969360352e+03
-6.1969765920312545404158299788832664489746e+02  +2.6274318721969046919184620492160320281982e+02  -8.5725023747661998640978708863258361816406e+02
+1.7760291775577807129593566060066223144531e+03  -3.8183270562457805681333411484956741333008e+03  -3.8490118499848508690774906426668167114258e+03
+6.8727491174742681323550641536712646484375e+02  +1.7498369230320865881367353722453117370605e+03  +3.6338260619946998986051767133176326751709e+02
-3.6662528198593719253040035255253314971924e+02  +6.3608808384665517223766073584556579589844e+03  +3.0674270263600936914372141472995281219482e+02
-1.2729680336313661246094852685928344726562e+05  -2.8247467377686011604964733123779296875000e+05  +1.1533774960834733792580664157867431640625e+05
+1.4815453502650036625709617510437965393066e+03  -8.2582769947432291246514068916440010070801e+02  +1.3769612115697900662780739367008209228516e+03
-3.6772359671797869395959423854947090148926e+02  -4.0577531124524830374866724014282226562500e+02  +2.2705091609006553881044965237379074096680e+03
+2.3013150333820235005077847745269536972046e+01  -1.7933624729058099092071643099188804626465e+03  +3.1845420182531211139576043933629989624023e+03
+2.5637782449353840092953760176897048950195e+03  +9.7936650440634218739432981237769126892090e+02  +7.2794002969350049170316196978092193603516e+03
+9.1268142798249994029902154579758644104004e+02  -1.6962736431951398117234930396080017089844e+03  +2.9099939167631332566088531166315078735352e+03
-1.3651431811488459970860276371240615844727e+03  -1.0340638313688235427889594575390219688416e+02  -5.1707641177832310859230346977710723876953e+03
-1.6831783894500517817505169659852981567383e+03  +1.7026812351772455258469562977552413940430e+03  -1.5131411054280652024317532777786254882812e+03
-1.5658120695705832758903852663934230804443e+02  -1.7749121046752685515457415021955966949463e+02  +1.6076701372997436578771157655864953994751e+02
+1.5919234125188183952559484168887138366699e+03  -5.1814593981661289490148192271590232849121e+02  +1.5945919630627643073239596560597419738770e+03
+2.7384436399064264833214110694825649261475e+02  -4.0939868438181967746913869632408022880554e+01  -2.8102128099192071886136545799672603607178e+02
-2.4001146635066251633361389394849538803101e+02  -2.1541588422919818412992754019796848297119e+02  +8.7301546067329320521821500733494758605957e+02
-1.5204135301217678311047620809404179453850e+00  +2.1365315531103352242325854604132473468781e+01  +6.6372895422256817710149334743618965148926e+01
-1.1438700039877962808532174676656723022461e+03  -1.0419747542117008833884028717875480651855e+03  +4.2067412664072833194950362667441368103027e+02
+2.3919189481844423426082357764244079589844e+03  +8.2130554747853375374688766896724700927734e+02  -1.1450787808943209711287636309862136840820e+03
-1.0770431867518270792061230167746543884277e+03  +3.5822186751030466211886960081756114959717e+02  -3.7161630057640434188215294852852821350098e+02
+3.9141173663667063920001965016126632690430e+03  -3.2888869441697068396024405956268310546875e+04  -1.0226399865043185855029150843620300292969e+04
+1.1992715677175876862747827544808387756348e+03  -1.2584240442798072763253003358840942382812e+03  -2.0624590137483167495702218730002641677856e+02
+2.8240788272855188552057370543479919433594e+03  +8.3083901973786487360484898090362548828125e+02  -1.7126864048158388413867214694619178771973e+03
+2.7461145435016777582859504036605358123779e+02  -2.0117321479237023140740348026156425476074e+02  -1.0384917437117521785694407299160957336426e+03
+6.9918485812844198790116934105753898620605e+02  +2.9696247172863031664746813476085662841797e+03  -2.3312360549785876173700671643018722534180e+03
+4.2831376748235607010428793728351593017578e+03  -1.7722635037938383902655914425849914550781e+04  -3.4454247987015473881911020725965499877930e+03
-3.1251546681639614689629524946212768554688e+04  +1.1407308944511098161456175148487091064453e+04  -3.2622965245485516788903623819351196289062e+04
+1.0506113232510244870354654267430305480957e+02  -1.1337504086202676262473687529563903808594e+04  +1.3283076468022975404892349615693092346191e+03
-2.6821792408903897921845782548189163208008e+03  -3.8896151179711632721591740846633911132812e+03  +5.0786683436625817193998955190181732177734e+03
+8.2128373188167290663841413334012031555176e+02  -7.9014374086287170939613133668899536132812e+02  +1.0678852325527375342062441632151603698730e+03
+2.7664506146146852216816114378161728382111e+01  +3.2234292485273175543625256977975368499756e+02  +1.0159662544177290044444816885516047477722e+02
-2.9985822000346229287970345467329025268555e+02  -1.4849667113964974873852042946964502334595e+02  +6.6866703968694321247312473133206367492676e+02
-4.6300911794675084820482879877090454101562e+02  -2.3396473466964407634804956614971160888672e+03  +1.8913700272606581620493670925498008728027e+03
-7.5639674348396074492484331130981445312500e+04  +8.4977344385428041277918964624404907226562e+03  +3.5948561303907255933154374361038208007812e+04
-8.6641967381211077281477628275752067565918e+02  +1.0129609451135925155540462583303451538086e+03  -1.7101127383914995334635023027658462524414e+03
-1.3900318202620468582608737051486968994141e+04  -2.1992743635769031243398785591125488281250e+04  -1.5070874695586050506790343206375837326050e+02
+2.2505956300918619490403216332197189331055e+03  +8.0915325652951141819357872009277343750000e+03  -3.8526560842335720735718496143817901611328e+02
-1.4032172614376037245165207423269748687744e+02  +1.1080298621321001917294779559597373008728e+02  -3.4544799479382035656271909829229116439819e+01
+1.6687864075416064224555157124996185302734e+03  +1.5204372273518185920693213120102882385254e+02  +4.2520615980780103200231678783893585205078e+03
+4.6729670309216908208327367901802062988281e+03  -5.4085955009960491679521510377526283264160e+02  +1.9063377192461089180142153054475784301758e+03
+1.7454311811124018731788964942097663879395e+03  -2.0860200258720856254512909799814224243164e+03  -3.6218021735509353220550110563635826110840e+02
+2.5392409756937158817891031503677368164062e+03  -2.0334132336531681630731327459216117858887e+03  -5.8212534492066072289162548258900642395020e+02
-9.2432524307443520683591486886143684387207e+02  +2.1807674045758008105622138828039169311523e+03  +7.5306192039347683930827770382165908813477e+02
-7.9871729977670338485040701925754547119141e+03  +4.3538163846252282382920384407043457031250e+03  -5.5209973251912288105813786387443542480469e+03
+3.6414455999467725632712244987487792968750e+04  +5.0543681934921769425272941589355468750000e+03  -2.0102456351355605875141918659210205078125e+04
+4.0826515806953160847569961333647370338440e+00  +4.5908334814358954645285848528146743774414e+02  +4.3989914430108825627030455507338047027588e+02
+1.5008737550866331389443075750023126602173e+02  -3.8314148491866154699891922064125537872314e+02  +7.3526078210180673977447440847754478454590e+02
+4.7306745242569095353246666491031646728516e+03  -1.0055005862485587613264215178787708282471e+03  -6.4882745632078622293192893266677856445312e+03
-2.6338600176885806831705849617719650268555e+03  -1.4316305833898295531980693340301513671875e+03  -1.9556619875028720798582071438431739807129e+03
-3.1299457258904891432393924333155155181885e+02  +4.9625912942205616218416253104805946350098e+02  +1.2972506625771329709095880389213562011719e+03
-1.7211660496069230248394887894392013549805e+03  -1.0061100283682195311030227458104491233826e+02  +9.0015359768402572626655455678701400756836e+02
+3.1964555518591196232591755688190460205078e+03  +1.3944140129821327718673273921012878417969e+04  -2.4635700195608016656478866934776306152344e+04
+1.6324564398708164958406996447592973709106e+02  +1.6316206279697757963731419295072555541992e+02  -2.2055173552008378123900911305099725723267e+02
+1.1915918328484600351657718420028686523438e+04  -9.9788130103378862258978188037872314453125e+03  +1.7059362599149249035690445452928543090820e+03
+1.5458475350799212719721253961324691772461e+03  -1.4004152854894391566631384193897247314453e+03  -7.9128428431059398917568614706397056579590e+02
+8.2833312746434762630087789148092269897461e+02  -1.8153021844359693659498589113354682922363e+02  -2.4096839022417989326640963554382324218750e+03
-4.4994010045946095488034188747406005859375e+04  -7.5852313307919001090340316295623779296875e+04  -3.0786676464834123180480673909187316894531e+04
+3.1731874815068817952123936265707015991211e+03  -2.3506364175784701728844083845615386962891e+03  -9.1819932054878529470443027094006538391113e+02
-4.3673907136521174834342673420906066894531e+03  -5.4437778088337358894932549446821212768555e+02  +2.5247958627434463778627105057239532470703e+03
-1.4859334598229074617847800254821777343750e+05  +1.4484030309890880016610026359558105468750e+05  -1.1173337228096506441943347454071044921875e+05
+3.0474207585488892391367699019610881805420e+02  +5.4962583484883957396505138603970408439636e+01  -1.1014128238842768325866927625611424446106e+02
+4.9991328102130971444694296224042773246765e+01  +3.7086242175390952979796566069126129150391e+02  -1.6654814491499840301003132481127977371216e+02
-8.4627147030590413123718462884426116943359e+02  -4.2044538008721178812265861779451370239258e+02  -1.2083098667954097891197307035326957702637e+03
+1.6685744116944129018520470708608627319336e+03  +1.8327335980232448946480872109532356262207e+03  +8.9885837130235177028225734829902648925781e+02
+5.2846155607133016474108444526791572570801e+02  -1.7559695560366546942532295361161231994629e+03  -4.9631869117926653416361659765243530273438e+03
-2.1395500252283287068166828248649835586548e+02  -1.7803740216512750293986755423247814178467e+02  +1.6267403125655860662845952901989221572876e+02
+1.1525293085851171781541779637336730957031e+03  +5.8921095602069017331814393401145935058594e+03  +9.3840191567367730840487638488411903381348e+02
+1.3933370504588432936543540563434362411499e+02  +1.5349048554559104218242282513529062271118e+01  -1.6395128712268632398263434879481792449951e+02
+2.7075271866619914362672716379165649414062e+01  +3.6904225592288928403661429911153391003609e+00  -5.2862061542140370562492535100318491458893e+00
-2.8754086212616698503552470356225967407227e+02  -1.8493954941198293795423523988574743270874e+02  -3.1580061719304518419448868371546268463135e+02
-2.0309638991468051472111255861818790435791e+02  -4.2031204003416587511310353875160217285156e+03  +2.3919599176175083812267985194921493530273e+03
-1.5113275399885878869099542498588562011719e+03  -2.4583372061097782079741591587662696838379e+02  -7.5897795303181828785454854369163513183594e+02
+1.0715515369665590696968138217926025390625e+03  -1.8482956821966927236644551157951354980469e+03  +6.4512431085311641254520509392023086547852e+02
+3.2991930151206514665318536572158336639404e+02  -1.1195824728067543674114858731627464294434e+03  +2.5864300515627945742380688898265361785889e+02
+1.9663769162441845401190221309661865234375e+05  -1.0997482567667900002561509609222412109375e+05  -1.9967167033598008856642991304397583007812e+04
-8.4703712318277723625215003266930580139160e+02  +4.8700255809722918343140918295830488204956e+01  -1.3301093597126609893166460096836090087891e+03
+1.4210017194339864090579794719815254211426e+03  +3.9457684757692131825024262070655822753906e+03  -3.6502160191876705539471004158258438110352e+03
+3.5880385732921558883390389382839202880859e+02  +5.3091881946923649593372829258441925048828e+02  -1.7320481368856371773290447890758514404297e+03
-3.5548823854742977346177212893962860107422e+03  -2.7183514045641877601156011223793029785156e+03  +9.2553295438941386237274855375289916992188e+03
+1.7818886644942299426475074142217636108398e+03  -1.0694805067429356313368771225214004516602e+03  -3.7360075449425025908567477017641067504883e+03
-2.5530867895769667086369736352935433387756e+01  +4.9303540720416833664785372093319892883301e+01  -6.4079934542737657920952187851071357727051e+02
+2.0738698991770256725430954247713088989258e+03  +1.0219588474755438483043690212070941925049e+03  -4.2019540281408817463670857250690460205078e+03
-3.4169991050940166132932063192129135131836e+02  +5.7324219343278564338106662034988403320312e+03  -2.2782403710910352856444660574197769165039e+03
+1.0356246407056517000455642119050025939941e+02  +3.7101393761141459037844470003619790077209e+00  +3.2643001108559991507718223147094249725342e+02
+3.8037362021304888912709429860115051269531e+03  +4.9934083651092303625773638486862182617188e+04  +1.7258064985413413523929193615913391113281e+04
+8.1463078037227969616651535034179687500000e+03  +4.4674649340351970749907195568084716796875e+02  -2.4442532322857325198128819465637207031250e+04
-6.5465328271314847370376810431480407714844e+03  +1.3747541981852082244586199522018432617188e+04  +2.4120416379281159606762230396270751953125e+04
-1.2703812399304528298671357333660125732422e+04  +4.1100366397899080766364932060241699218750e+04  +5.2945851306595315691083669662475585937500e+04
+1.7008038348548710928298532962799072265625e+04  -2.7540502369263540458632633090019226074219e+04  -2.2371811944155037053860723972320556640625e+04
-5.2596078861990258701553102582693099975586e+02  -7.8207207859698394258884945884346961975098e+02  +7.7301279258297267915622796863317489624023e+02
+2.8569856701002859153959434479475021362305e+03  -6.0664156099122646992327645421028137207031e+02  +9.8324860207137351153505733236670494079590e+02
+5.9296051658536589457071386277675628662109e+02  -1.1473957600946191632829140871763229370117e+03  -1.0772749294356503924063872545957565307617e+03
-1.1466386160854244735674001276493072509766e+03  +3.4550499263623902379549690522253513336182e+02  -1.3617579365352705735858762636780738830566e+03
-9.4108172449028234041179530322551727294922e+02  -2.9117257955798590955964755266904830932617e+03  +2.1442378058790150134882424026727676391602e+03
-2.4567002315947802344453521072864532470703e+03  -6.6234533083736195635538024362176656723022e+01  -1.3735410652518569349922472611069679260254e+03
+5.7344465771648640384228201583027839660645e+02  +1.7976110073415968599874759092926979064941e+03  +2.3542015431451423523867561016231775283813e+02
+9.8214470323510556681867456063628196716309e+02  +7.1657549759854282456217333674430847167969e+02  -1.1467220295038716812996426597237586975098e+03
+3.4824717214123729718266986310482025146484e+03  -7.7371196623229729993909131735563278198242e+02  -9.1112500947622390867763897404074668884277e+02
-3.5293430311168190200987737625837326049805e+03  +6.9546237607170469345874153077602386474609e+03  +3.3327685453298095126228872686624526977539e+03
-2.9491878451743053801692440174520015716553e+02  +2.0758989194541791789561102632433176040649e+02  -1.1238473562704475625650957226753234863281e+03
+3.0195313347840033202373888343572616577148e+03  +6.5605691389714547767653129994869232177734e+03  -6.1486299352900105077424086630344390869141e+03
+3.9479197589063277700915932655334472656250e+05  +4.0988338648487959289923310279846191406250e+05  +1.8160004672613236471079289913177490234375e+05
-3.1308197457144760846858844161033630371094e+03  -1.3230174258339422976860078051686286926270e+03  +4.0149442866576982851256616413593292236328e+03
+6.8012663661176775349304080009460449218750e+04  -9.1733651705984186264686286449432373046875e+04  -4.0921909807966017979197204113006591796875e+04
-1.8180984765511391287873266264796257019043e+03  -4.2232075131747633349732495844364166259766e+03  +2.2875441182697109070431906729936599731445e+03
-1.0505188494692942185793071985244750976562e+04  -1.4959905868955088408256415277719497680664e+03  +1.6998015015061097074067220091819763183594e+04
-9.8755264550220181263284757733345031738281e+02  +3.3233529134816302530452958308160305023193e+02  -5.6739358031902474976959638297557830810547e+03
+2.5330278598410346603486686944961547851562e+04  +3.3904892154219501207990106195211410522461e+03  +1.3115471144570491742342710494995117187500e+05
-8.6454219950260346649884013459086418151855e+02  -2.9058551286182446347083896398544311523438e+03  -2.3602356446789603978686500340700149536133e+03
+5.8466454506414592628971149679273366928101e+01  +4.8956742470296418900943535845726728439331e+01  +2.1716423180964596895137219689786434173584e+02
-4.5750506793785336867586011067032814025879e+02  +3.1374744782236407445452641695737838745117e+03  -4.3315458972962079542412539012730121612549e+02
-4.9466840645285092250560410320758819580078e+03  -1.3778715406587389225023798644542694091797e+03  +2.1316933417495488356507848948240280151367e+03
+3.6680934137119942306526354514062404632568e+02  -1.4039147760195476166700245812535285949707e+03  +1.1145040286477151312283240258693695068359e+03
-2.0131807541720248991623520851135253906250e+04  -1.2075913341610832958394894376397132873535e+03  +1.0406378696537177893333137035369873046875e+05
+2.5113336033373734608176164329051971435547e+03  -2.8776949086565764446277171373367309570312e+03  -5.7938489340949599863961338996887207031250e+03
+5.5332155646178057395445648580789566040039e+02  +1.9565626977906979391264030709862709045410e+03  +1.7712495242040228049518191255629062652588e+02
+6.5900714380876497671124525368213653564453e+03  -2.0436363898584957496495917439460754394531e+04  -3.9318013089250293887744192034006118774414e+03
-5.0362293552024118525878293439745903015137e+02  -2.1421007225006508178921649232506752014160e+02  -3.3797447632041375982225872576236724853516e+03
-5.7691586594514983517001383006572723388672e+03  -9.0439387325731804594397544860839843750000e+03  -3.2732644488599544274620711803436279296875e+03
+1.2334092115198186547786463052034378051758e+03  -1.1958753690863306928804377093911170959473e+03  +7.2487231342339214279490988701581954956055e+02
+4.1171297239111490853247232735157012939453e+03  -6.2747495192035821673925966024398803710938e+03  -3.0151540541425320043344981968402862548828e+03
+1.3860465508796191436147182685090228915215e+00  -9.3758950565358869511101147509180009365082e+00  +1.4007633495565703363183729379670694470406e+00
+8.1762789164778894246410345658659934997559e+01  +1.1228925133783253897945542121306061744690e+02  +5.7133799114615108294401579769328236579895e+01
-5.5427688536786774875508854165673255920410e+02  -1.9413073107863328914390876889228820800781e+03  -1.5599864591653599745768588036298751831055e+03
-4.8689663575571660203422652557492256164551e+02  +2.9300184600184115879528690129518508911133e+02  +9.2722916341183531585556920617818832397461e+02
+8.9402114590110450080828741192817687988281e+03  +5.4643581506600639841053634881973266601562e+03  +1.0839160527448921129689551889896392822266e+03
+3.1416540267092125304770888760685920715332e+02  -1.0172446349294673382246401160955429077148e+03  +4.7985668956865055179150658659636974334717e+02
+5.9848833016093306014226982370018959045410e+02  -2.6107748052990166343079181388020515441895e+02  -1.3512762206036711631895741447806358337402e+03
-5.5026093964386618608841672539710998535156e+03  +4.2059396030239258834626525640487670898438e+03  +7.1257800777227130311075598001480102539062e+03
+2.1031008606000432337168604135513305664062e+02  +1.0209234123852816082944627851247787475586e+03  +2.2123550173387203088282149110455065965652e+00
+1.6188153052278392351581715047359466552734e+04  +6.3852485598873427079524844884872436523438e+03  -1.7402025901634808633389184251427650451660e+03
-1.9918199625472963816719129681587219238281e+04  +2.7554993632165223971242085099220275878906e+04  +1.4609448538180571631528437137603759765625e+04
-2.4765793978535621135961264371871948242188e+03  +1.5392684746049839304760098457336425781250e+04  -2.7514779205802883552678395062685012817383e+03
-4.0823866564190501549092005006968975067139e+02  +1.2143353090912587504135444760322570800781e+03  -5.5093845282442862298921681940555572509766e+02
+4.8537147204473706096905516460537910461426e+02  -1.7696587838100986118661239743232727050781e+03  -8.9933723746133750864828471094369888305664e+02
+8.7781063504090582227945560589432716369629e+01  +5.8135169412654207121704530436545610427856e+01  -8.1089507545499461826921105966903269290924e+00
-2.0496288107429350020538549870252609252930e+03  -5.5222174240831736824475228786468505859375e+02  -2.5242369703902982109866570681333541870117e+03
+1.1726783990740730132529279217123985290527e+03  -4.6177869668823302617965964600443840026855e+02  +1.5499903571475974217719340231269598007202e+02
-2.4647237126102654656278900802135467529297e+03  +2.1182389493416908976541890297085046768188e+02  +3.6783096261875289201270788908004760742188e+02
+4.1993140175047477669068030081689357757568e+02  +1.2820316803527402953477576375007629394531e+03  +5.6465164972596335246635135263204574584961e+02
+4.6389976231835957150906324386596679687500e+04  +4.2115347579247427347581833600997924804688e+04  -4.6029715624606425990350544452667236328125e+04
+5.6142687111491670748364413157105445861816e+02  -1.3404916303659426830563461408019065856934e+03  -3.0789731893344969648751430213451385498047e+02
+1.7185435121939920009026536718010902404785e+03  -2.6201860602555495916021754965186119079590e+02  +1.8569802871116771711967885494232177734375e+04
-1.1750772520489240378083195537328720092773e+03  -9.1638479470328331188966330955736339092255e+00  +2.8191626760384474437159951776266098022461e+03
+2.3212305299361605648300610482692718505859e+02  -1.9409678582249671308090910315513610839844e+03  +4.6546120358156640577362850308418273925781e+03
-6.0562384765235015038342680782079696655273e+02  -1.4302911874135601465241052210330963134766e+04  +2.8761820771323905319150071591138839721680e+03
-3.6087243430665075720753520727157592773438e+03  +2.9948097611377957036893349140882492065430e+03  +1.0089803395744000226841308176517486572266e+04
+3.0289506788741473428672179579734802246094e+03  -3.9032122965876633315929211676120758056641e+03  -7.3061586608446632453706115484237670898438e+03
-5.4332426121420421623042784631252288818359e+03  +2.6975887104006637855491135269403457641602e+03  -6.3462578107735760113428113982081413269043e+02
+7.8261565919179008687933674082159996032715e+02  -2.8802132020263127287762472406029701232910e+02  -2.9743289428847788258281070739030838012695e+02
-3.7598488269411272995057515799999237060547e+03  -2.0927722597990674557877355255186557769775e+02  -1.7584263612561046556947985664010047912598e+03
+2.8073559698517688048013951629400253295898e+03  -1.2287600077147358206275384873151779174805e+03  -3.0911465566267615940887480974197387695312e+03
+9.7790997661821711517404764890670776367188e+03  -8.4661527406734730902826413512229919433594e+03  -1.1741498575064186297822743654251098632812e+04
+1.4196413432030058174859732389450073242188e+03  +2.3508421815217220682825427502393722534180e+03  -9.4339489400392858442501164972782135009766e+02
+3.8390465209588876405177870765328407287598e+02  -2.3199384157218059954175259917974472045898e+03  -6.3207098362796193669055355712771415710449e+02
+1.7046306889708910148328868672251701354980e+03  +3.4194077959710689640360214980319142341614e+01  -4.0269757121824131900211796164512634277344e+03
+4.3545475875836154955322854220867156982422e+03  +4.5731887953006982570514082908630371093750e+04  -1.7166357627427740226266905665397644042969e+04
-5.6869933874951711914036422967910766601562e+04  +9.0290256305506569333374500274658203125000e+04  -3.6780095029433803574647754430770874023438e+04
+2.4696411661280676526075694710016250610352e+03  -2.1269478923111407198121014516800642013550e+02  +1.1103228071148639628518139943480491638184e+03
-2.6859268376036447989463340491056442260742e+02  +1.1670606336958780957502312958240509033203e+03  -2.2941701113557587632385548204183578491211e+03
+9.7718969876825713072321377694606781005859e+02  -1.6885066385555410306551493704319000244141e+03  -9.7015885827089891790819820016622543334961e+02
+2.6661726637585559274157276377081871032715e+02  -1.5635782238266629065037705004215240478516e+03  -9.6361567069313014144427143037319183349609e+02
-4.6555974827965280837815953418612480163574e+02  +9.1060258223587618431338341906666755676270e+02  +1.5775709837525330385687993839383125305176e+03
+1.1624821313631196062488015741109848022461e+02  +1.9371952272085101753873459529131650924683e+02  +2.3430885207119786173279862850904464721680e+02
+3.7999446188528131642669904977083206176758e+03  +6.3831840784172561598097672685980796813965e+02  -1.2466598808531425675028003752231597900391e+03
+3.2144670229616704091313295066356658935547e+03  +1.6723803200529971491050673648715019226074e+03  -1.9901093521476929026903235353529453277588e+02
-2.1024408312356858914426993578672409057617e+03  -8.0435818318268366056145168840885162353516e+02  +2.8591354718892266646435018628835678100586e+03
-1.8066382695734337175963446497917175292969e+04  -1.3709919661131820248556323349475860595703e+04  -2.3594995482215221272781491279602050781250e+04
+4.6022242347462997713591903448104858398438e+03  -5.6214149989199177070986479520797729492188e+03  +1.0599197808330023690359666943550109863281e+04
-9.7226135324671759008197113871574401855469e+01  +9.8903468494964755564069491811096668243408e+01  +7.3078987359819097946456167846918106079102e+02
-2.1019117333024428262433502823114395141602e+03  +9.8097111118606835589162074029445648193359e+02  -5.5807215147643901218543760478496551513672e+03
-2.1487828450912247717496939003467559814453e+03  +7.2200876893093447961291531100869178771973e+02  +9.9657380784626991498953429982066154479980e+02
-8.0587575327342256059637293219566345214844e+02  +1.5982370820751996234321268275380134582520e+03  -9.9004512151797939623065758496522903442383e+02
-2.5165719296950524039857555180788040161133e+03  -4.5575368867489332842524163424968719482422e+03  -3.9591462602574474658467806875705718994141e+03
-4.5204602884795040154131129384040832519531e+03  +2.7987383520929159885781700722873210906982e+02  -3.0828801726518327086523640900850296020508e+02
-1.9968631880209971996009699068963527679443e+02  -1.4848487646055493769381428137421607971191e+03  +1.4924303752398457163508282974362373352051e+03
+6.1095259814522989927354501560330390930176e+01  -2.0918220856285989839307148940861225128174e+02  -2.6794101182545756500985589809715747833252e+02
+8.5226277923625318067024636548012495040894e+01  +1.8510563180998717598413350060582160949707e+03  -1.6084976357249465763743501156568527221680e+03
+1.2379220010065650203756604241789318621159e+00  +5.4452332684921458394455839879810810089111e+01  -1.2379041613789397047185047995299100875854e+01
+9.6343163365562265454400403541512787342072e+00  +2.9488091547342881737492348293017130345106e-01  -2.9597620844246716131920038606040179729462e+01
-8.4828028053961452314979396760463714599609e+02  -1.7066482750010447944077895954251289367676e+03  +1.2461767170685186556511325761675834655762e+03
+2.2861093627399350225459784269332885742188e+03  -5.2386348070228700635198038071393966674805e+02  -2.5201229201396859025408048182725906372070e+03
+1.4703755695766442386229755356907844543457e+03  +2.1751302764042215187600959325209259986877e+01  -2.0036350724770647957484470680356025695801e+03
+2.9723666707279799084062688052654266357422e+03  -1.1515375024310735625476809218525886535645e+03  -8.0227075635957398844766430556774139404297e+03
-2.2483049249995843865690403617918491363525e+01  +2.3326693903246688677199927042238414287567e+01  -6.4627147590919369335438204871024936437607e+00
+4.3869001295865763268011505715548992156982e+02  +1.6174423049842791897390270605683326721191e+03  -1.0862619321768706868169829249382019042969e+03
+1.8786802523516466862929519265890121459961e+03  -1.0267152837933394948777277022600173950195e+03  +6.2121072835158884117845445871353149414062e+02
+7.1180847774854964882251806557178497314453e+03  -1.8849729545372686061455169692635536193848e+03  +2.2720124654641273309607640840113162994385e+02
-2.2270441823911419487558305263519287109375e+05  -2.1367345180239342153072357177734375000000e+05  -1.4052740226968824572395533323287963867188e+04
+9.1349200961609415116981836035847663879395e+02  +1.0000496250427384438808076083660125732422e+04  +1.7207601862019560030603315681219100952148e+03
+1.4729975824367591030750190839171409606934e+02  +3.4077539072359053307081921957433223724365e+02  +5.6890814246085631111782277002930641174316e+02
+3.5218256329430068944930098950862884521484e+03  -2.7290979480082405643770471215248107910156e+03  +3.5498280937588988308561965823173522949219e+03
+2.2591848438840315793640911579132080078125e+02  -1.6512489966994996848370647057890892028809e+03  +1.2964642150334309462778037413954734802246e+03
+7.5658591197157493297709152102470397949219e+03  -7.9067484167523352880380116403102874755859e+03  -6.0715660374990939089911989867687225341797e+03
+8.1836205147585453232750296592712402343750e+04  -1.7834060681019487674348056316375732421875e+04  -3.3353596244420325092505663633346557617188e+04
+1.4031805682881554275809321552515029907227e+01  -1.7300505535999738526697910856455564498901e+02  -2.1682843101787366322241723537445068359375e+03
-2.9241557819083413960470352321863174438477e+03  -7.6655062433187163151160348206758499145508e+02  +3.3228668621861438623454887419939041137695e+03
-7.0558728772312615546979941427707672119141e+03  -6.3227226492795280137215740978717803955078e+03  +5.6230840490252489871636498719453811645508e+02
-5.2473187752773246756987646222114562988281e+03  +5.8697418432454142021015286445617675781250e+03  +7.2843737585919434422976337373256683349609e+03
-1.2725622983838616164575796574354171752930e+03  -8.6868480526931080021313391625881195068359e+02  -1.9297308141173692774827941320836544036865e+02
-1.3793297263163063348656578455120325088501e+02  +7.4300306008995463002975156996399164199829e+01  +5.0420519772541588565673009725287556648254e+01
+4.8273551565513807872775942087173461914062e+03  -1.0966360376622990315809147432446479797363e+03  +3.7074425230304350407095625996589660644531e+03
+2.5229622536896472411171998828649520874023e+03  +1.2240011782607405166345415636897087097168e+03  +5.8479452003341184536111541092395782470703e+03
+9.5627482778933242002494807820767164230347e+01  -6.6587783164318821604865661356598138809204e+01  -1.1869022982542657018711906857788562774658e+02
-1.1613978722766829378088004887104034423828e+04  +7.0032964107542456986266188323497772216797e+03  +9.4024344471162094123428687453269958496094e+03
-4.1420126343284579206738271750509738922119e+02  -1.5419399508855053682054858654737472534180e+02  +7.9031660223243034124607220292091369628906e+02
+6.5597047309811896411702036857604980468750e+03  -6.4729132707450253292336128652095794677734e+03  -5.2319666994938734205788932740688323974609e+03
+2.4709724212390437969588674604892730712891e+03  -1.9868602431527204316807910799980163574219e+04  +8.8500333571453975309850648045539855957031e+03
-3.0932637375418486772105097770690917968750e+05  -3.6547970817115553654730319976806640625000e+05  -9.5639753743456443771719932556152343750000e+05
-1.8904349149291209641887689940631389617920e+02  -1.1344255122698134073289111256599426269531e+04  -3.7424603789227603556355461478233337402344e+03
-6.2112944320983665136282070307061076164246e+01  -1.6071293420740457236206566449254751205444e+02  -4.8342758738489344239042111439630389213562e+01
+6.4322844633320551110955420881509780883789e+02  -2.8436511905658755949843907728791236877441e+02  -1.8735380622970526474091457203030586242676e+03
+5.2554017868246307898516533896327018737793e+02  -1.9036976908548319897818146273493766784668e+03  +6.8887578325740003037935821339488029479980e+02
-2.0682764502867161837684761849232017993927e+01  -1.0343019169191095443238737061619758605957e+03  +6.9184879480405934373266063630580902099609e+03
+5.7224650572058217221638187766075134277344e+03  +1.5020925167770042207848746329545974731445e+03  +9.4487770610506795492256060242652893066406e+03
-1.6216903960956153696315595880150794982910e+03  +3.4032873766216093827097211033105850219727e+03  +3.0262348203468577594321686774492263793945e+03
+2.8281281500082932325312867760658264160156e+03  -1.6931807168518375874555204063653945922852e+03  +2.9421976764110951307884533889591693878174e+02
+6.6221599026422109091072343289852142333984e+02  +4.3241586902851497598021524026989936828613e+02  +7.4470494548224371555988909676671028137207e+02
+2.1550914271454275876749306917190551757812e+04  -4.5455625124803964354214258491992950439453e+03  -1.9909951301980228890897706151008605957031e+04
-4.0226482454142587812384590506553649902344e+03  -1.1720764112935707998985890299081802368164e+03  +4.0916343230440236311551416292786598205566e+02
+6.9315084853597754772636108100414276123047e+03  -4.1182413196794332179706543684005737304688e+03  +3.8568156285903905882150866091251373291016e+03
-3.3626209847819308151883888058364391326904e+02  +2.6077520042137007294513750821352005004883e+03  +3.1826436047772208439710084348917007446289e+03
+5.2112447234089344760832318570464849472046e+01  -2.0649397379208699021546635776758193969727e+03  -1.2203725586367884261562721803784370422363e+03
+3.9076150579774589459702838212251663208008e+03  -2.6197250334261007083114236593246459960938e+03  -2.3279760247535548955966078210622072219849e+02
+3.2520910061486247286666184663772583007812e+04  +1.1495687267965766295674256980419158935547e+04  +1.0060330412697530846344307065010070800781e+04
-7.3601130477268748109054286032915115356445e+02  +1.7330269241439584675390506163239479064941e+03  +6.2696655651215723992208950221538543701172e+02
-1.5382460099838447149522835388779640197754e+03  -2.1652960955388716683955863118171691894531e+03  -2.7075560156565225042868405580520629882812e+03
-2.8960710707627677038544788956642150878906e+03  -4.9283385761766685391194187104701995849609e+03  +8.2209764278678539994871243834495544433594e+03
-8.1058428362439644843107089400291442871094e+02  -2.1428112838872702923254109919071197509766e+03  -1.1891978822236933410749770700931549072266e+03
+2.6518348885624423019180539995431900024414e+03  -3.1776779002836892686900682747364044189453e+03  -2.4203794128960325906518846750259399414062e+03
+6.5618529343794079977669753134250640869141e+02  +1.3775941190059458563155203592032194137573e+02  -1.4095011186614997313881758600473403930664e+03
-3.3250540929111466539325192570686340332031e+03  +6.3524016585697927439468912780284881591797e+03  -1.2450042946131040935142664238810539245605e+03
+9.9498073472297630814864533022046089172363e+02  +9.4857365140491140209633158519864082336426e+02  -1.2305739507096091074345167726278305053711e+03
-2.0159740384135794499798066681250929832458e+01  -1.1096846760233557915853452868759632110596e+02  +2.1393309874934536196633416693657636642456e+02
+2.2594720918497728234797250479459762573242e+03  -3.0017789754735463247925508767366409301758e+03  -1.0523136702738661369949113577604293823242e+03
+5.5234673743993742391467094421386718750000e+04  +1.9003708948212830000557005405426025390625e+05  +9.5910034158049893449060618877410888671875e+04
-3.7926028678323838505548337707296013832092e+01  -1.1452398681548520471551455557346343994141e+03  -1.2174502626994017191464081406593322753906e+03
+4.4212031092927003328441060148179531097412e+02  +5.2073568762526456339401192963123321533203e+03  +2.2405612786687825064291246235370635986328e+03
-4.5810228478019653266528621315956115722656e+03  -2.3882474173512073321035131812095642089844e+03  +2.3559324705736136706946126651018857955933e+02
-1.2886400970163008423696737736463546752930e+03  -1.7504551341400790533953113481402397155762e+03  -3.7769160186612575671460945159196853637695e+03
-3.2977598600985760413095704279839992523193e+02  +5.1410258588372489612083882093429565429688e+04  -1.0449389430011842705425806343555450439453e+04
-2.9438649618300919428293127566576004028320e+03  +5.1165075146841445530299097299575805664062e+02  +9.9054747883593688584369374439120292663574e+02
-1.6188666931610821393405785784125328063965e+03  -3.6517192775826640627201413735747337341309e+02  +1.3346441712431098949309671297669410705566e+03
-1.5286492605870671468437649309635162353516e+02  -2.5859083426858592247299384325742721557617e+02  +9.8859637832930718559509841725230216979980e+02
+3.5981315540939817765320185571908950805664e+03  -5.4038562064236994046950712800025939941406e+03  +1.0970089453109696933097438886761665344238e+03
-9.9910303061375813626909803133457899093628e+01  +5.4141036105182695337134646251797676086426e+02  +1.2019375468327598355244845151901245117188e+02
-2.2551094605030812090262770652770996093750e+03  +3.6211851676914770905568730086088180541992e+03  -2.5749895491678357757336925715208053588867e+03
-3.0260115286186874072882346808910369873047e+03  -8.4468504407640750741848023608326911926270e+02  -6.0775658495616344225709326565265655517578e+03
-1.1483191212269034622295293956995010375977e+03  +5.3613152052530244873196352273225784301758e+02  -6.6420600066970735042559681460261344909668e+02
+1.8368152004435483831912279129028320312500e+04  +1.3009273608263334608636796474456787109375e+04  +1.3043175219842929436708800494670867919922e+04
+1.9220061967894696863368153572082519531250e+04  -4.8552261272889084648340940475463867187500e+05  +8.7310749542086123256012797355651855468750e+04
-4.5689092645136850023845909163355827331543e+02  +5.7965770180265998590130038792267441749573e+00  +2.4196033044918596033312496729195117950439e+02
-7.0643948044405624386854469776153564453125e+03  -7.2193062157900916645303368568420410156250e+04  +1.1876165928680886281654238700866699218750e+05
+2.2754909203967636130983009934425354003906e+03  +1.2545780299163193376443814486265182495117e+03  +6.9893337219134136830689385533332824707031e+03
-3.2820194413236839636738295666873455047607e+02  +6.8003149492693339084325998555868864059448e+01  -1.7954123647757199933039373718202114105225e+02
-6.2669467611600111922598443925380706787109e+02  +5.3474244206215280428295955061912536621094e+02  -1.3112671362176229195029009133577346801758e+03
-3.1702710188294636282080318778753280639648e+03  +1.3534202379317760005505988374352455139160e+03  -1.5398921924035498705052305012941360473633e+03
+2.7560178543418066965386969968676567077637e+02  -1.4718547996271643114596372470259666442871e+03  -1.2227775539792110066628083586692810058594e+03
-3.1139461216820296840523951686918735504150e+02  +9.2886928968971361086914839688688516616821e+01  -2.1856923163067079940447001717984676361084e+02
-1.4858734454185400863934773951768875122070e+03  -3.0538148526565473730443045496940612792969e+03  -6.3721623596221570551279000937938690185547e+02
+2.6350985408035563750672736205160617828369e+02  -2.4063632353092424409624072723090648651123e+02  +3.8164541014086660197790479287505149841309e+02
-1.5502215107220640675222966820001602172852e+03  -3.7308119964756242552539333701133728027344e+03  +5.1768407421118610045596142299473285675049e+01
-5.0792867242615881195888505317270755767822e+02  +4.3966722976144237691187299787998199462891e+03  +2.2429417978428632522991392761468887329102e+03
-9.5186123754347609065007418394088745117188e+03  -2.8698263132486449649150017648935317993164e+03  +2.8764827894292822747956961393356323242188e+04
+8.8745848653833727439632639288902282714844e+03  -3.6679012720038939733058214187622070312500e+04  +1.8196449376414169819327071309089660644531e+04
+1.8264166086617769906297326087951660156250e+03  +1.9216203705504601657594321295619010925293e+03  -2.6627573572422829073502725805155932903290e+00
-1.5694217004631548206816660240292549133301e+03  -2.2482604827949971877387724816799163818359e+03  +5.4676726522193484925082884728908538818359e+02
-2.3304345050718853826765553094446659088135e+02  -1.1244910448721666398341767489910125732422e+03  +6.2482836055873565328511176630854606628418e+02
+1.1862222855043071376712759956717491149902e+03  -1.7900307085927454409102210775017738342285e+03  +1.4974723401980119774634658824652433395386e+02
+1.9586717241431989577904460020363330841064e+02  -5.3354286296659950039611430838704109191895e+02  +7.1373766819090678836801089346408843994141e+02
+1.5192616332782936297007836401462554931641e+03  -9.7552373769661994629132095724344253540039e+02  +4.9279871603930627088629989884793758392334e+02
-4.6857128928876861095886852126568555831909e+01  +3.8899818932437248975020338548347353935242e+00  -6.0205694077121286511555808829143643379211e+01
-7.0089212097630472271703183650970458984375e+04  +8.8026111706476076506078243255615234375000e+04  -7.7139559767346276203170418739318847656250e+04
-9.9296840563425157597521319985389709472656e+03  -1.6120972148487611775635741651058197021484e+04  +1.5586006913506931596202775835990905761719e+04
+1.6403272269761760981054976582527160644531e+04  -2.6395947281566081073833629488945007324219e+04  +1.2278677290790144979837350547313690185547e+04
+1.7192948925531868553662206977605819702148e+03  -9.6345608676659765023941872641444206237793e+02  -2.4240463221766896140252356417477130889893e+02
+1.3821097773289263841434149071574211120605e+03  +3.0373321782390744374424684792757034301758e+03  -2.2540774616045368929917458444833755493164e+03
+5.2883100032844968154677189886569976806641e+03  +1.0216505622576755740738008171319961547852e+03  +8.3937916679768022731877863407135009765625e+03
+4.0619372553566713577311020344495773315430e+03  -7.4221643295313765520404558628797531127930e+02  -5.0648841125293993172817863523960113525391e+03
-1.0423064931298820283700479194521903991699e+03  +1.1266737104265564539673505350947380065918e+02  -8.9003103513385053702222649008035659790039e+02
+2.3282526159047529290546663105487823486328e+03  -7.1432316154559503047494217753410339355469e+03  +6.2230307836555048197624273598194122314453e+03
-2.4616777649216648569563403725624084472656e+04  -6.2706550166834378615021705627441406250000e+04  +6.3996504567078380205202847719192504882812e+04
-2.5144538792328658018959686160087585449219e+03  +1.4961988259826205194258363917469978332520e+03  +1.8634544113249060046655358746647834777832e+03
+1.7236938075046264202683232724666595458984e+03  +1.4930036927327196281112264841794967651367e+03  +7.5385506197012273332802578806877136230469e+02
-1.6309456636719900416210293769836425781250e+04  -1.2268585021312494063749909400939941406250e+04  -3.3693055591019750863779336214065551757812e+04
-2.5376058534201092697912827134132385253906e+03  +3.5255129482661031943280249834060668945312e+03  +1.4465718602962767818098654970526695251465e+03
-2.6542528978745503991376608610153198242188e+03  -8.2669609698725544149056077003479003906250e+03  -8.6003172503037330898223444819450378417969e+02
+1.0001897209082273548119701445102691650391e+04  -4.4440883735255323699675500392913818359375e+04  +2.0562552927745447959750890731811523437500e+04
-2.5639318582702122512273490428924560546875e+04  -4.9318841288347102818079292774200439453125e+03  +1.4543139148124442726839333772659301757812e+04
-1.7832189430734063080308260396122932434082e+03  +1.4444262558231807815900538116693496704102e+03  -2.0222395305954075865884078666567802429199e+03
+1.5480951990011299130856059491634368896484e+03  -2.6315667179057486464444082230329513549805e+03  +4.7022911494262462639426303212530910968781e+00
+2.0990926001342973705732219968922436237335e+01  +8.2601171444353269635030301287770271301270e+01  -3.5673538123794243936970360664417967200279e+00
+7.4797894117585008189053041860461235046387e+02  -1.6673261997469826383166946470737457275391e+03  +3.2673425464083625229250174015760421752930e+03
-1.2738690564242740776990103768184781074524e+02  -2.1781583958760984387481585144996643066406e+02  -1.2819204305441713742652609653305262327194e+01
-7.1553369079394704144192473904695361852646e+00  -4.2103098682618042403191793709993362426758e+02  +2.4075001472984337169691571034491062164307e+02
-3.4632722242091020348198071587830781936646e+01  +2.8974156335621142233094360562972724437714e+01  -5.2353646024706028683226577413734048604965e+00
-7.0577007520981815957838989561423659324646e+00  -3.0769468978739951126044616103172302246094e+02  +1.3552707335003240984860894968733191490173e+01
+6.0461998339592983029433526098728179931641e+03  -4.2328476754002895177109166979789733886719e+03  +5.1437581221984999046981101855635643005371e+02
-1.6785139053107556605937134008854627609253e+02  +8.7737048376058254461895558051764965057373e+01  +8.5914819548268428661685902625322341918945e+02
+1.7642698883769725171077880077064037322998e+02  +1.4456266516078690074209589511156082153320e+03  +6.0809699709163680836354615166783332824707e+01
-1.2233846343421159872377756983041763305664e+03  +3.2392470570358068471250589936971664428711e+03  -6.8116587528467098309192806482315063476562e+03
+4.0506979627009322939557023346424102783203e+03  +1.5317246013200348897953517735004425048828e+04  +2.1733397141301234114507678896188735961914e+03
-1.3498486182367826131667243316769599914551e+03  +2.4173562428527607153228018432855606079102e+03  +1.6674768147597951610805466771125793457031e+03
+3.2063000742053912972551188431680202484131e+02  -7.9947284765360927849542349576950073242188e+02  -2.5337572196543264908541459590196609497070e+03
+8.4419250931422027406370034441351890563965e+02  -3.0776266718837641747086308896541595458984e+03  -4.5583656594693684382946230471134185791016e+03
+1.5800943904319831290194997563958168029785e+03  +4.1533058317507885703889769501984119415283e+02  -3.0177513989771807700890349224209785461426e+02
+2.6108144422274318685595062561333179473877e+02  +1.3197376692691043444938259199261665344238e+03  -1.8836118255664091520884539932012557983398e+03
+2.7332966122132343116390984505414962768555e+03  +9.3465338811476431146729737520217895507812e+02  -1.1669441572990590429981239140033721923828e+03
+1.1762970047824087487242650240659713745117e+03  -3.3428896372313397478137630969285964965820e+03  +3.3595045014169058958941604942083358764648e+03
-2.2247434213774635480831420863978564739227e+01  -4.6713800701430216122389538213610649108887e+01  +1.3637648778206012956104586919536814093590e+00
-8.4999160748391500419529620558023452758789e+02  -8.2650045673423369407828431576490402221680e+02  -4.7671716768857038459827890619635581970215e+02
-3.2947384738568439388473052531480789184570e+02  -1.0806189003378947290912037715315818786621e+03  -3.8749407002870816540962550789117813110352e+02
-3.5243143632710994097578804939985275268555e+03  -5.0376817670138379980926401913166046142578e+03  +5.8539238035203015897423028945922851562500e+03
-3.3043690164467157046601641923189163208008e+03  -7.4205214324643714007834205403923988342285e+02  -2.1126738182449525993433780968189239501953e+03
+4.3920309045592775873956270515918731689453e+03  +4.9560512690599871632457507075741887092590e+01  -1.9632145008538373076589778065681457519531e+03
+3.6929984558869286956905853003263473510742e+03  -2.0613042512023636732010345440357923507690e+02  +1.4612083720381153852940769866108894348145e+03
+2.7346028109057851906982250511646270751953e+02  +2.3167546643709033560298848897218704223633e+03  +8.9241351896352693984226789325475692749023e+02
+2.7959451376411533374266582541167736053467e+02  +3.7694301440579897644056472927331924438477e+02  -1.3111740073020328054553829133510589599609e+03
-5.7238641362052825570572167634963989257812e+04  -1.9250001211810397217050194740295410156250e+05  -1.0156568621127390360925346612930297851562e+05
+7.1567581781195076473522931337356567382812e+02  -1.1261089663886773450940381735563278198242e+03  +1.6935094998656682037108112126588821411133e+03
+2.1561653267737633541401010006666183471680e+03  +1.0401059400619039934099419042468070983887e+03  +3.9000529868847420402744319289922714233398e+03
-1.8554005058499653841863619163632392883301e+03  +1.0320055995248250724216632079333066940308e+02  +3.7587239774304807724547572433948516845703e+03
-7.1453606457419698472222080454230308532715e+02  +3.2654748041170055330439936369657516479492e+03  +1.4576312077811173821828560903668403625488e+03
+7.6567331100274202526634326204657554626465e+02  -3.1810580610027034254017053171992301940918e+02  -3.4690552803779149826368666253983974456787e+02
-6.6177975716325761368352686986327171325684e+02  +6.0923345157352105161407962441444396972656e+02  +1.2920825399806997779705852735787630081177e+02
+3.7107348143461786094121634960174560546875e+03  +2.8920303626134136720793321728706359863281e+02  +8.6167870896629565891089441720396280288696e+01
+5.6510611908465922169853001832962036132812e+04  -2.3532430103572023654123768210411071777344e+04  -9.1773722110380796948447823524475097656250e+04
-4.2666389871378896714304573833942413330078e+02  +6.8312252892377205171214882284402847290039e+02  -4.6262703781975841366147506050765514373779e+02
+8.4114851268977645304403267800807952880859e+02  +9.1397372661160409279546001926064491271973e+02  +1.1291974577782093547284603118896484375000e+03
+3.5747783866485298176485230214893817901611e+02  -2.8082103197505853131588082760572433471680e+03  -5.8221551579517688423948129639029502868652e+02
+1.9656345125317664042086107656359672546387e+03  +7.2438439231119878058962058275938034057617e+02  +6.6587326407968805597192840650677680969238e+02
+5.9424967102297305245883762836456298828125e+04  +9.6855353933568068896420300006866455078125e+04  -2.7147457526874353789025917649269104003906e+04
+6.3886885453769252762867836281657218933105e+01  +1.5504858631273552305174234788864850997925e+02  +5.9060671331198209372814744710922241210938e+03
+1.6294445104833882851380622014403343200684e+03  -2.2137277452042371805873699486255645751953e+03  -7.7099051805384840463375439867377281188965e+02
-9.7398856003478908860415685921907424926758e+02  +1.5112177588683621820564439985901117324829e+02  -2.3033988903065940689884882885962724685669e+02
+5.2938380422630484645196702331304550170898e+02  -3.5494567199392790826095733791589736938477e+03  +4.2344305036983796526328660547733306884766e+03
+5.3059856415202023072197334840893745422363e+02  +7.0886767184201141844823723658919334411621e+02  +1.9290231895660731424868572503328323364258e+03
+2.5071344686093471665344623033888638019562e+01  -7.8425137566192697491374019591603428125381e+00  -9.4295416837714018942762095321086235344410e-01
+2.7615451236896024056477472186088562011719e+02  +1.5294984686210648661131017433945089578629e+01  -1.4671992982067456523509463295340538024902e+02
+1.9228127384774694519364857114851474761963e+02  -5.4997530997796708618352568009868264198303e+01  +2.1614318858262060984998242929577827453613e+02
+7.3309061557037722423046943731606006622314e+00  -1.0403818758549270739877101732417941093445e+01  +2.0246826629659850915743390942225232720375e+00
-7.7237277128853463636914966627955436706543e+02  -5.0217487474614847542397910729050636291504e+02  -7.0714223282569616912951460108160972595215e+02
-3.0429336656098183766516740433871746063232e+02  -6.8560359320190809739870019257068634033203e+02  +2.0410560942789570049171743448823690414429e+02
-4.5778793049387037171982228755950927734375e+04  -5.1270762977114383829757571220397949218750e+04  +4.6435819789094042789656668901443481445312e+04
-8.3993429676643972925376147031784057617188e+02  -4.6987398964000396972551243379712104797363e+02  +6.4181140278594318715477129444479942321777e+02
+1.2484002567570798873930471017956733703613e+03  +9.1590460663660928730678278952836990356445e+02  -1.5354454757530352253525052219629287719727e+03
-1.8687776519961434473771078046411275863647e+02  -7.3525959349517933105744305066764354705811e+01  -1.4265144112847232804597297217696905136108e+02
+1.4005987801135411245923023670911788940430e+03  +4.0325855928520542192927678115665912628174e+02  -1.3464586077507317440904444083571434020996e+03
+5.9483658152558371057239128276705741882324e+02  -6.9182507514832250308245420455932617187500e+03  +9.7215076956493112447788007557392120361328e+02
-1.1317775062521586733055301010608673095703e+03  -1.7603563816690783028207079041749238967896e+02  -1.0904024720514501041179755702614784240723e+03
+3.5664171266331823062500916421413421630859e+03  +1.7939219690880584039405221119523048400879e+03  -4.1069683930707346007693558931350708007812e+04
-1.1957372002934473584900842979550361633301e+03  -7.9350994774665934983204351738095283508301e+02  -1.5333429553283847326383693143725395202637e+03
-3.9914721302199932324583642184734344482422e+03  +3.4045103407526362389035057276487350463867e+03  +5.7160527517263953996007330715656280517578e+03
-2.8873080812855760086677037179470062255859e+03  -5.8768704052431121453992091119289398193359e+02  +3.8265321875852851007948629558086395263672e+02
+1.9512959631502400981162281823344528675079e+01  +6.2470014504290965362542920047417283058167e+01  -2.4779383363860944200496305711567401885986e+01
-2.4420356804133812147483695298433303833008e+03  -5.6255708389815717964665964245796203613281e+03  +5.0354863536678631135146133601665496826172e+03
-6.4042687953081679097522282972931861877441e+02  -1.1041015574708249005198013037443161010742e+03  -5.3003336662121409972314722836017608642578e+02
-6.8975857070845893304067431017756462097168e+02  -1.3899608181623412406224815640598535537720e+02  -3.1498675934895768335763932554982602596283e+01
-1.4814573901929920793918427079916000366211e+03  -1.7687915556188872869824990630149841308594e+03  +8.3812319249912854957074159756302833557129e+02
-3.1834512178368468084954656660556793212891e+03  -1.6598312812293188471812754869461059570312e+03  -4.1878893253076666951528750360012054443359e+03
+6.7110818097358537670515943318605422973633e+02  -9.9307302089439497194689465686678886413574e+02  +5.9007641826764267989346990361809730529785e+02
+4.8833713845302082745547522790729999542236e+02  +1.0565369107910271395667223259806632995605e+03  +1.7784530166463030127488309517502784729004e+03
-5.9908507975603015438537113368511199951172e+02  -4.7904204403780084930986049585044384002686e+02  +9.4575353504864631304371869191527366638184e+02
+4.3326405802131494056084193289279937744141e+03  -9.3699041413214763451833277940750122070312e+03  -8.1475230048120806713995989412069320678711e+02
-1.4409222415646011086209909990429878234863e+03  +1.5513315823954415009211516007781028747559e+03  -5.5246586627306933223735541105270385742188e+03
+1.4924881060421801848292489012237638235092e+01  -4.5981271976233671239242539741098880767822e+01  -3.9335918408277215974067075876519083976746e+01
+6.7728658657132871212525060400366783142090e+02  -1.7277811870343077316647395491600036621094e+04  -3.0938130821072923026804346591234207153320e+03
+1.6862656835102486638788832351565361022949e+03  +6.2074705184311824268661439418792724609375e+03  +3.6027318760101111365656834095716476440430e+03
+2.1850302706537991070945281535387039184570e+03  +7.0266779403129339698352850973606109619141e+03  +9.5585703593516645923955366015434265136719e+03
+7.2371569648300044264033203944563865661621e+02  -1.3208897154649923777469666674733161926270e+03  -4.6908842678987593899364583194255828857422e+02
+1.1396905119079615360533352941274642944336e+03  -9.1818003523540346577647142112255096435547e+02  +8.2815703873481834307312965393066406250000e+02
-1.0732874826279189619526732712984085083008e+03  +3.5080440387647449540509114740416407585144e+01  -5.2407320360313076434977119788527488708496e+02
-3.2926835533357353824612800963222980499268e+02  -7.4798088321116756560513749718666076660156e+02  -3.3210523477089230937053798697888851165771e+02
-3.1401309710039674882864346727728843688965e+02  -3.9580693618103837252419907599687576293945e+03  -2.3695748399693543433386366814374923706055e+03
+9.7122261292686130218498874455690383911133e+02  -4.8582522117549262929969700053334236145020e+02  -3.1760832493568364043312612920999526977539e+02
+2.3575285613361543255450669676065444946289e+03  +2.1634012517193123130709864199161529541016e+03  +3.8658623954592994778067804872989654541016e+03
+4.2318852803000545463874004781246185302734e+03  +8.9931908088723389482765924185514450073242e+02  +2.4603492264815358794294297695159912109375e+04
-6.0458216267522425368952099233865737915039e+02  +2.0769178027563771138375159353017807006836e+03  +2.1602706796199386189982760697603225708008e+03
-8.2680670090171508945786627009510993957520e+02  +3.4386203079482953626211383379995822906494e+02  +3.3929880474450278882159182103350758552551e+01
+2.5833467960194348052027635276317596435547e+03  +1.8702105635020802765211556106805801391602e+03  -6.8981458822718798273854190483689308166504e+02
+5.4415158731165311110089533030986785888672e+03  +3.1702780874634809151757508516311645507812e+03  -3.2341865246384700185444671660661697387695e+03
-1.1011817601974412639265210600569844245911e+02  -9.9932523652120380575070157647132873535156e+01  +4.8113248129003345354703924385830760002136e+01
-9.6945236095587631552916718646883964538574e+02  +6.5398269063659756739070871844887733459473e+02  +4.5224656512193155322165694087743759155273e+02
-3.9980983647493585522170178592205047607422e+03  -3.6373975625906577988644130527973175048828e+03  -4.6089042059299144966644234955310821533203e+03
+3.1120834188607236683310475200414657592773e+03  +1.9554928048434212541906163096427917480469e+03  -1.1825396547900479617965174838900566101074e+03
-9.3672213909624201733095105737447738647461e+02  +2.1996074394453644345048815011978149414062e+03  -2.5604500415966062973893713206052780151367e+03
+8.9762457053397739059619198087602853775024e+01  -6.4255450729964854872378055006265640258789e+02  +4.3487664687395772489253431558609008789062e+03
-9.0516124984831867550383321940898895263672e+02  -1.0032567556889194975155987776815891265869e+03  +7.5567884007973634652444161474704742431641e+02
+4.2055581071011920357705093920230865478516e+03  -1.6607348584452763589069945737719535827637e+03  -3.4381636173162451086682267487049102783203e+02
+6.3391828343338456761557608842849731445312e+04  -4.5387150440148616326041519641876220703125e+03  -2.1449164582079523825086653232574462890625e+04
+6.3050865116983914049342274665832519531250e+03  -7.7720921906507619496551342308521270751953e+03  -1.7876254121087586099747568368911743164062e+03
+1.6258193397446558492447366006672382354736e+02  +8.0956677952264627151635068003088235855103e+01  -3.2208704405153360994518152438104152679443e+02
+3.3831744644355388196288458857452496886253e+00  +2.9895008713969777325303311954485252499580e+00  +1.6680669111823367423141917242901399731636e+00
+1.2825860102546689844871252716984599828720e+01  +2.2525974713659988992731086909770965576172e+03  +1.2703757648648384019907098263502120971680e+03
-7.2717011555793769730371423065662384033203e+03  +1.4675136224660973311983980238437652587891e+04  -3.8504795361833004108120803721249103546143e+01
+5.9061646973450169753050431609153747558594e+03  +3.4248197296381695196032524108886718750000e+03  +2.7048604626083060793462209403514862060547e+03
-1.3009056028992065421334700658917427062988e+03  +1.6337727670979593312949873507022857666016e+03  +5.0898056073951029247837141156196594238281e+03
-5.7555618551185943942982703447341918945312e+02  -8.1738489425225668583152582868933677673340e+02  -1.0157575584739698797420714981853961944580e+03
-1.4600115811884427330369362607598304748535e+02  +9.7978066071476700926723424345254898071289e+02  +2.5066969413008678202459122985601425170898e+02
-3.4902994200660534261260181665420532226562e+04  -1.5938726993012111051939427852630615234375e+05  +1.7377661834915648796595633029937744140625e+05
+4.1445318337997116486803861334919929504395e+02  +1.1942997425158605437900405377149581909180e+03  -5.6557397134122511488385498523712158203125e+03
-1.4199600721713200073281768709421157836914e+03  -2.6683675172702178315375931560993194580078e+03  -5.1938420620401802807464264333248138427734e+03
-7.8701878781576556320942472666501998901367e+02  +2.4010445480096174719619739335030317306519e+02  -6.9750371527093079748738091439008712768555e+02
+4.2676335624116114786374964751303195953369e+02  +4.8806771129532955910690361633896827697754e+02  -3.4765865992746114443434635177254676818848e+02
-4.2946367267953683040104806423187255859375e+03  -1.1818692468894978446769528090953826904297e+03  +5.2035247090198145087924785912036895751953e+03
+3.8252170284480057489417959004640579223633e+03  -2.8740580625818702174001373350620269775391e+03  -1.4132505926845662997948238626122474670410e+03
-3.7155232865171832656869810307398438453674e+01  -1.0299316720920181467135989805683493614197e+02  -2.4431862312253082336610532365739345550537e+02
+5.5940491593023455152433598414063453674316e+02  -8.7139351516109820749989012256264686584473e+02  -4.2270664305895326151585322804749011993408e+02
-8.8161273604223370057297870516777038574219e+03  +3.9612848822399610071443021297454833984375e+02  +1.6604333278290873749938327819108963012695e+03
-1.5242029595008891647012205794453620910645e+03  +2.3681813127417956366116413846611976623535e+02  -3.5818819747769396144576603546738624572754e+02
+3.7312526949356788463774137198925018310547e+02  -2.1134881108377041414314589928835630416870e+02  -6.9336176613380530397989787161350250244141e+01
+6.4613308901639788928150665014982223510742e+02  +6.0222436348134124273201450705528259277344e+02  -2.4534176674733156886532015050761401653290e+00
-2.9011453843725939805153757333755493164062e+02  +8.2367099350821581538184545934200286865234e+02  +1.5657529986319273120898287743330001831055e+03
-3.4103124292558961716537169195362366735935e-01  -1.3365729749415046967442322056740522384644e+02  +2.9843056251613091944818734191358089447021e+02
-6.8041117265733710155473090708255767822266e+03  +3.7821886448673635641171131283044815063477e+03  -3.9942340929945166863035410642623901367188e+03
+4.7223980901875250992816290818154811859131e+02  -7.6040980508095844925264827907085418701172e+02  +5.3159424142275372560106916353106498718262e+02
-1.8048455845394103107537375763058662414551e+03  +7.3108706768446245405357331037521362304688e+03  -2.0478491483766063083749031648039817810059e+03
-7.7271017618679870793130248785018920898438e+03  -1.1570821181747953687590779736638069152832e+03  -6.9774848205950629562721587717533111572266e+03
+7.7248381576238870138695347122848033905029e+01  +2.1782527466514518543760914326412603259087e+00  -4.3965819449723603895563428523018956184387e+01
-9.4194341588127335853641852736473083496094e+03  +8.2014857163338183454470708966255187988281e+02  -3.1981190387786791688995435833930969238281e+03
-7.9736818371720210052444599568843841552734e+02  +4.2317587323503749985320609994232654571533e+02  -1.5820234854554355479194782674312591552734e+03
+1.0824588939950424446578836068511009216309e+03  +2.5321390041833260511339176446199417114258e+03  -5.1801260381763413533917628228664398193359e+03
-3.4335852767310609578998992219567298889160e+02  -2.4292572043635009322315454483032226562500e+03  +8.1486668570044446369138313457369804382324e+02
+2.4777687404786767729092389345169067382812e+04  -3.4640501121271404372237157076597213745117e+03  -3.3082734912613988853991031646728515625000e+04
-1.1513192575242956081638112664222717285156e+03  +9.8289546965588294824556214734911918640137e+02  -1.5101450502417992538539692759513854980469e+02
-2.6028802684735510410973802208900451660156e+03  -2.7815942918735518105677329003810882568359e+03  -3.0405543612360652332426980137825012207031e+03
+7.0218462275822469109698431566357612609863e+02  +2.9936505455517982454693992622196674346924e+02  +9.3693750986389954960031900554895401000977e+02
+1.2153024039269339482416398823261260986328e+03  +1.3930274126156602960691088810563087463379e+03  -1.7370876991794223158649401739239692687988e+03
+2.4813140929953397062490694224834442138672e+03  +2.3686489869684705809049773961305618286133e+03  +1.6148640224064624817401636391878128051758e+03
-2.9229067456781655209852033294737339019775e+02  -4.3093538546586259485593473073095083236694e+01  +3.3270987987542383734762552194297313690186e+01
-4.0198283663190809420484583824872970581055e+03  -4.8549456680829513288699672557413578033447e+02  +4.2850914692753594863461330533027648925781e+03
+4.1707276311451118999684695154428482055664e+02  +3.1748802538583237264901981689035892486572e+02  +1.5349125639958501210458052810281515121460e+02
-9.2660503291939039627322927117347717285156e+02  -7.1368337846035672100697411224246025085449e+02  -5.5892858382451186116668395698070526123047e+02
-6.6008885844671240192838013172149658203125e+03  -7.3197098581500285945367068052291870117188e+03  -2.7392009029316941450815647840499877929688e+03
-1.7795902884580419023308195392019115388393e+00  +2.5927962269940156403436049004085361957550e+01  +1.8756433130440180434561625588685274124146e+02
+2.0706377895691207959316670894622802734375e+05  +5.1411186427154731063637882471084594726562e+04  -1.4515415401706690317951142787933349609375e+05
+5.7822038449255423984141089022159576416016e+03  +1.6179041737119737263128627091646194458008e+03  -2.3723310275258668866626976523548364639282e+02
-5.4308060954945103731006383895874023437500e+03  -7.4295595363992342754499986767768859863281e+03  +5.9485499403458413780754199251532554626465e+02
+7.3083687264438663078180979937314987182617e+02  +7.6822537104741650182404555380344390869141e+02  +2.6047320909086244000718579627573490142822e+02
+7.4833109804409095886512659490108489990234e+03  -7.0889777791294172857305966317653656005859e+03  -2.9133356309464097648742608726024627685547e+03
+2.3996958448331980662260320968925952911377e+01  +5.4566762000692001777224504621699452400208e+01  +7.5796721773159276835940545424818992614746e+00
+2.0432595381542521408846369013190269470215e+03  +3.6497823776619873115123482421040534973145e+02  +3.0902310285654102699481882154941558837891e+03
+4.2726459275214056106051430106163024902344e+03  -1.4331036572637751760339597240090370178223e+03  +1.3309784074945293923519784584641456604004e+03
+1.4069838393523318700317759066820144653320e+03  +1.4983394100107184954140393529087305068970e+02  +9.8214145310313733716611750423908233642578e+02
-1.0160274519009222785825841128826141357422e+04  -8.4691607416787192050833255052566528320312e+03  +5.1678912039429145806934684514999389648438e+04
-1.9010876229572693318914389237761497497559e+02  -2.0677893796479711454594507813453674316406e+03  -1.7393280160079038978437893092632293701172e+03
-5.2652098349754282935464289039373397827148e+02  +1.5016876588279205861908849328756332397461e+03  -2.0821097408814598566095810383558273315430e+03
-2.1838115799709462407918181270360946655273e+03  -4.4495651055632642965065315365791320800781e+03  +4.0814262953848060533346142619848251342773e+02
-1.2256373508264587144367396831512451171875e+03  +5.1021385794861080285045318305492401123047e+03  +8.8321825863101548748090863227844238281250e+02
-1.1090748267610426864848705008625984191895e+03  -2.8783197273063723287123139016330242156982e+02  +1.1457841534304736796912038698792457580566e+03
-3.2646946350451045873342081904411315917969e+04  -1.4421782112686963955638930201530456542969e+04  +5.0613886592601884331088513135910034179688e+03
-2.1372330438068397597817238420248031616211e+03  +2.6638655211595551008940674364566802978516e+03  +1.3771004259608462234609760344028472900391e+04
+1.4625799792984021223674062639474868774414e+03  -1.1925361729649557673837989568710327148438e+03  +2.8562328355982020866576931439340114593506e+02
-2.9846307371245409740367904305458068847656e+04  +2.5890803599969163769856095314025878906250e+04  +1.4498713663067075685830786824226379394531e+04
+5.9566901237408001179574057459831237792969e+02  -1.2144139069961770474037621170282363891602e+03  +3.8236689416105405143753159791231155395508e+03
-1.8343042006554701401910278946161270141602e+03  -2.8119934894755829191126395016908645629883e+03  -3.1231889304922390238061780110001564025879e+02
+2.3370258371247558670802391134202480316162e+02  +9.0482001748566308378940448164939880371094e+03  +6.0848023498281709180446341633796691894531e+03
-1.2447123528546069337608059868216514587402e+03  +8.5318597220950528026151005178689956665039e+02  -4.0322111298368410459147526125889271497726e+00
+2.7603005130558881319302599877119064331055e+02  -8.5436551637357956678897608071565628051758e+02  -4.7914357943220750257751205936074256896973e+02
+1.6598935445004194377816020278260111808777e+01  -1.2617653748387430923116880876477807760239e+01  +5.3093895694993396006111652241088449954987e+00
-8.8375339810545682439624215476214885711670e+01  +8.9347780783636960677540628239512443542480e+02  -4.4686814272926955027287476696074008941650e+02
+7.5292370047859549231361597776412963867188e+02  -1.4462200190285609551210654899477958679199e+03  -1.2934038678107035593711771070957183837891e+03
-6.9179265047894693907437613233923912048340e+02  +7.8483414286674621962447417899966239929199e+02  +3.0565823693496508894895669072866439819336e+02
+6.0271655924400015180708578554913401603699e+01  -2.3632535968118605751442373730242252349854e+02  +2.8531829069189899428238277323544025421143e+02
+7.9710599198825127587042516097426414489746e+02  +9.2347365648401125781674636527895927429199e+02  +4.5947541386101545413112035021185874938965e+02
-3.1187616245435115160944405943155288696289e+03  -4.6066986800601489449036307632923126220703e+03  +4.4078325987876223734929226338863372802734e+03
+2.0249028295239291765028610825538635253906e+04  -3.0415516026406730816233903169631958007812e+03  +1.0659559804494756463100202381610870361328e+04
-3.2630212839277028251672163605690002441406e+03  -1.9393046121351410420174943283200263977051e+03  -8.1073762693793653966167767066508531570435e+01
+2.2446341796501005205755063798278570175171e+02  +1.7044397094838859629817306995391845703125e+03  -1.7610655485910479001177009195089340209961e+02
-3.1665698112441755256440956145524978637695e+03  -6.6012754650524921089527197182178497314453e+03  +3.0632662659511820493207778781652450561523e+03
+1.1221689444289695529732853174209594726562e+03  +9.1636451709393932105740532279014587402344e+03  +7.5926867695045730215497314929962158203125e+03
-1.2079904090667614582343958318233489990234e+03  -1.4667429349361532331386115401983261108398e+03  -6.9333530954234004184399964287877082824707e+02
+8.1399046737693595332530094310641288757324e+02  -3.1019745767524527764180675148963928222656e+03  +1.7994972490159075277915690094232559204102e+03
-1.0702137548007031000452116131782531738281e+03  +2.4929797532604982279735850170254707336426e+02  +5.1723736814927042360068298876285552978516e+02
-4.9868938586720869352575391530990600585938e+03  -6.5735360629459055417100898921489715576172e+03  +4.9621687079774517314945114776492118835449e+02
+4.4750903146313248726073652505874633789062e+02  -2.3993040529469326429534703493118286132812e+03  -2.1997293790084568172460421919822692871094e+03
-9.1844402357008475519251078367233276367188e+03  -1.8454166072179057209723396226763725280762e+03  +2.1377740060964993062952999025583267211914e+03
-9.4471624081710217524232575669884681701660e+02  +1.7069967142257248724490636959671974182129e+03  -1.1932492750382346002879785373806953430176e+03
-2.6901144229702182201435789465904235839844e+04  +5.6187234148424584418535232543945312500000e+04  -7.6902104758329209289513528347015380859375e+04
-1.6720703743235862930305302143096923828125e+03  -8.4554440645461897929635597392916679382324e+02  +3.5563438870564078797542606480419635772705e+02
-2.1046351685494032608403358608484268188477e+03  -2.9895737163641883853415492922067642211914e+03  +1.7487967310440180881414562463760375976562e+03
+1.2118594464497566605132305994629859924316e+03  -4.9158479745518297931994311511516571044922e+03  -7.4926167418420527610578574240207672119141e+02
-1.6920360021074604901514248922467231750488e+03  -8.2769702892170573704788694158196449279785e+02  +1.1608316214214848969277227297425270080566e+03
+1.2300818282209271274041384458541870117188e+05  +2.8478964188199670752510428428649902343750e+05  -1.1665088984345921198837459087371826171875e+05
+8.8032646880190452520764665678143501281738e+02  -6.7281359379890982381766662001609802246094e+03  +2.9671541221910952117468696087598800659180e+03
+1.0351753851492794638033956289291381835938e+03  -1.8845729890565601749585766810923814773560e+02  +1.6430452862478061888396041467785835266113e+03
+2.2955542564839875012694392353296279907227e+03  -3.7710682823884269510017475113272666931152e+02  -8.5984196623548484694765647873282432556152e+01
-6.6522816006608167072045034728944301605225e+01  +1.2730233019209674694138811901211738586426e+03  +7.5263498290709203502046875655651092529297e+03
-2.3055536438651493517681956291198730468750e+05  -8.1964186893076141132041811943054199218750e+04  +6.3227425021265909890644252300262451171875e+04
-1.9896170324029866605997085571289062500000e+05  +3.8345286748259456362575292587280273437500e+05  +5.0455524354816781124100089073181152343750e+05
+9.7301898549972829641774296760559082031250e+03  +8.8212671174869046808453276753425598144531e+02  +8.6621006584979807030322263017296791076660e+02
-2.4141965985939914389746263623237609863281e+03  +4.4263924418995811720378696918487548828125e+03  -5.6554489771986588664276496274396777153015e+01
-2.4317107150546617049258202314376831054688e+03  -2.8213397324405271149316831724718213081360e+01  +1.5419197151165540162764955312013626098633e+03
+6.8301660604328702675047679804265499114990e+01  -1.7751828310526971677063556853681802749634e+02  +7.8618961342556588078878121450543403625488e+01
+6.3313212410556019449359155260026454925537e+01  +2.2416802648263586661414592526853084564209e+02  +7.6099505649419836572633357718586921691895e+02
-1.9278523821774815587559714913368225097656e+03  +9.1098986573461820626107510179281234741211e+02  -3.1274422537589492776533006690442562103271e+02
+4.4504916334713323067262535914778709411621e+02  +1.1867494046043211710639297962188720703125e+03  -1.1158257395182497475616401061415672302246e+03
-1.4521940752442746997985523194074630737305e+03  -5.3493119085757587072293972596526145935059e+02  +7.7754628268971168836287688463926315307617e+02
-3.2483701416600291622671647928655147552490e+02  -1.0250280057228499117627507075667381286621e+03  -4.0374498032857940188478096388280391693115e+02
+1.7355317651130542799364775419235229492188e+04  -1.0897028311602853136719204485416412353516e+04  -2.3430636902020585694117471575736999511719e+04
-3.0450178215148216622765175998210906982422e+03  -2.9212019810745864560885820537805557250977e+03  -1.8642613367222711531212553381919860839844e+03
-3.6373729086686404343709000386297702789307e+02  -3.8624334187568811103119514882564544677734e+03  +8.0565956619948724437563214451074600219727e+02
+5.7976865757232171745272353291511535644531e+03  +1.9726278436344816213932062964886426925659e+02  +9.3957515804662193659169133752584457397461e+02
+2.1773456453136455479580035898834466934204e+02  +5.0147461327589915924818342318758368492126e+01  +8.9185056402061468361353036016225814819336e+02
-1.5462025315238090570346685126423835754395e+03  +1.7550221530634539703896734863519668579102e+03  +1.4264958813769073913135798647999763488770e+03
+7.2884658136778771222452633082866668701172e+03  -2.7257954001713669640594162046909332275391e+03  -2.0100754182711552857654169201850891113281e+03
+2.8299083449787603967706672847270965576172e+03  +1.1309268076149102853378280997276306152344e+04  +5.3501933486160087340977042913436889648438e+03
+3.2791221710195918603858444839715957641602e+03  +1.6459080842610710533335804939270019531250e+04  -3.0121209284988268336746841669082641601562e+04
-1.6254596684263310635287780314683914184570e+02  -8.3777110314506182930927025154232978820801e+02  -1.7498603823288405578750825952738523483276e+02
+8.3052364081841199094924377277493476867676e+02  -1.8037944629185460598819190636277198791504e+03  -4.8581564265353239306932664476335048675537e+02
-1.3124078813982905558077618479728698730469e+03  -3.0752101545608243213791865855455398559570e+03  +2.9443653506554630894243018701672554016113e+02
+7.7462359342220935332079534418880939483643e+01  -1.6141332153289894790759717579931020736694e+02  -2.4885852036724935487654875032603740692139e+02
-1.4761025292556100794172380119562149047852e+03  +1.0859450583102602649887558072805404663086e+03  -2.7056198901025408076748135499656200408936e+02
+1.1461968611952006540377624332904815673828e+03  +1.4442435091616482623066985979676246643066e+03  +2.7765753174090091306425165385007858276367e+03
-1.4082795118151545921136857941746711730957e+03  -8.6407055894117675052257254719734191894531e+03  -2.9419838721618293675419408828020095825195e+02
+1.4999852580521492839693564746994525194168e+01  +6.5647131171008379624254303053021430969238e+02  -1.8398064516918136632739333435893058776855e+03
-3.9395571739644806257274467498064041137695e+03  -7.3600791088784262683475390076637268066406e+03  +4.0197731337352552145603112876415252685547e+03
-1.4712839427424074756345362402498722076416e+02  +9.7507906564587585762637900188565254211426e+02  +2.2018832662171041647525271400809288024902e+02
+7.4647466099636460512556368485093116760254e+02  +1.0423891770595596426574047654867172241211e+03  +4.3525307439922625007966416887938976287842e+02
+1.4526129493233296670950949192047119140625e+05  -1.5017139498226493014954030513763427734375e+05  +1.0805937436650418385397642850875854492188e+05
+2.5296756942837515680366777814924716949463e+02  +3.6548678845051156827139493543654680252075e+01  +1.8130473831706115106499055400490760803223e+02
-2.0925242231673546484671533107757568359375e+03  +4.3844418391813196649309247732162475585938e+03  +5.6752623820557531075792212504893541336060e+01
-1.1506437073007145954761654138565063476562e+03  -1.1234848034353506136540090665221214294434e+03  +1.2035119475677881837327731773257255554199e+03
+6.1011603395044003264047205448150634765625e+03  +1.0095945227418572176247835159301757812500e+05  +1.5517338903002199003822170197963714599609e+04
-4.6296244617789380981776048429310321807861e+02  -2.7176996255692361046385485678911209106445e+03  -1.5339908220360976898177796101663261651993e+01
+2.4301970358365465472161304205656051635742e+03  +5.7552254971855506937572499737143516540527e+02  -8.4849119148358488473604666069149971008301e+02
-9.0777725304154932928213384002447128295898e+02  +9.2167146743604462244547903537750244140625e+02  +1.3228625688535025517467147437855601310730e+01
+1.5944443257708833243668777868151664733887e+03  +6.2350909859275532198807923123240470886230e+02  +1.3366319028341176817775703966617584228516e+03
-1.2836055813000004945934051647782325744629e+03  -2.2305635100171862177376169711351394653320e+03  -3.8334590511940482429054100066423416137695e+03
-1.4874652000985813629085896536707878112793e+03  +1.2957070555780219365260563790798187255859e+03  -1.1465393086611911712680011987686157226562e+03
-8.1871525869974925626593176275491714477539e+02  +1.4430775462570732088352087885141372680664e+03  +3.7919775424285177223282516933977603912354e+02
-2.5191832000197064189705997705459594726562e+04  +4.6989860896250896621495485305786132812500e+05  -6.8463441706045996397733688354492187500000e+04
+6.6751932489880991852260194718837738037109e+03  +3.9352497975533788121538236737251281738281e+03  +3.0030156268445080058882012963294982910156e+03
+3.9866826781877452958724461495876312255859e+03  -3.2475457910705536050954833626747131347656e+03  -1.3280879891564580248086713254451751708984e+04
+2.0782008679435048748018743935972452163696e+02  -3.8656195208942449426103848963975906372070e+02  +3.8614763845734887581784278154373168945312e+02
+2.0083633830872489767216393374837934970856e+01  -1.0162208622362525201054950230172835290432e+00  +1.9640767834427130367203062633052468299866e+01
-1.5971007510688664865483588073402643203735e+01  -9.8110292016482048893522005528211593627930e+01  +3.7497892401689973951306456001475453376770e+01
-9.2255868223658296756184427067637443542480e+01  -2.2785479406703984750492963939905166625977e+03  -6.9746640878721507306181592866778373718262e+02
+4.5673805135677639555069617927074432373047e+02  +7.8171432124019190723629435524344444274902e+01  +6.8806039272356076708092587068676948547363e+02
+5.6937618830555784370517358183860778808594e+03  -1.6421917150442310230573639273643493652344e+04  -1.8716934549919296841835603117942810058594e+04
+1.7889540187708294904922468049335293471813e+00  -2.2641646608065166219603270292282104492188e+03  -2.9498475151301909136236645281314849853516e+03
+3.0873019130176087010397623089374974370003e+00  +3.5764524247702655657121795229613780975342e+02  -1.2038896275072584529652885976247489452362e+01
+1.9669963222088583279401063919067382812500e+05  -3.8452432488063030177727341651916503906250e+05  -4.9677100148852379061281681060791015625000e+05
+4.1529556857848410800215788185596466064453e+02  +1.0977935873221748863670654827728867530823e+02  -3.2060477142483016166352172149345278739929e+01
-8.1561441655658112722449004650115966796875e+04  -3.6184336156631086487323045730590820312500e+05  +2.8412674773978851590072736144065856933594e+04
-3.9653584728001681014575297012925148010254e+02  +3.0307998292334509642387274652719497680664e+03  -2.0771855213283515695366077125072479248047e+03
+1.6356287952758721075952053070068359375000e+03  -1.2444006403145708645752165466547012329102e+03  -1.8544036464721316406212281435728073120117e+03
-5.2928305669440385372581658884882926940918e+02  -7.6410171881039730124030029401183128356934e+02  +1.8252876768046266420242318417876958847046e+02
-1.7260422832011143327690660953521728515625e+05  +2.8228672145522028586128726601600646972656e+04  -1.1340938330413187213707715272903442382812e+05
+1.1711099069253180005034664645791053771973e+03  -1.7439719031466884189285337924957275390625e+03  +7.6918900310041017291950993239879608154297e+03
-6.9191969251332241519492072256980463862419e-01  -3.0611704759472933012887096992926672101021e+00  -4.8484144178155018367615269880843698047101e-02
-6.4325131069489827950746985152363777160645e+02  -1.7015549184528720161324599757790565490723e+03  +2.8330961262712611414826824329793453216553e+02
+1.2230301258458200663881143555045127868652e+03  +2.0992510212084162048995494842529296875000e+03  -1.5211009314710855733210337348282337188721e+02
+7.1417706604610566500923596322536468505859e+03  +1.7783065111716441606404259800910949707031e+04  -6.9492216877895198194892145693302154541016e+03
-1.0646946961084690741472513764165341854095e+01  -2.4324443438798263628086715470999479293823e+02  -8.4747933753229358444514218717813491821289e+02
-1.3406706944185721113171894103288650512695e+03  +1.6962295564837813799385912716388702392578e+03  +2.5499089297547429850965272635221481323242e+03
+3.0986354258743835998757276684045791625977e+02  +2.5302404076494048013046267442405223846436e+02  -1.2953813486072988325759069994091987609863e+02
+4.5091350246760237041598884388804435729980e+02  -1.4323964592402120388214825652539730072021e+02  -6.9740536016409947706051752902567386627197e+01
-7.6773714378972581471316516399383544921875e+04  -3.2738217260014343992224894464015960693359e+03  -2.8714383197291270334972068667411804199219e+04
+1.3839233632671748637221753597259521484375e+03  +5.9707167313315665069239912554621696472168e+02  -9.8108407900937800150131806731224060058594e+02
-3.9391718051688435764390305848792195320129e+01  -4.0808072810561988319477677578106522560120e+01  +6.2196888450107870482952421298250555992126e+01
-9.9483138481716305250301957130432128906250e+04  -9.7600535944943112554028630256652832031250e+04  -1.2653740831614004855509847402572631835938e+05
-1.2859958724080394176780828274786472320557e+02  -3.4660196389032726926870964234694838523865e+01  +5.0020875337823426320937869604676961898804e+01
+1.4010157231541248279427236411720514297485e+02  +6.0907117919445158804592210799455642700195e+02  -4.5150261944203765551719698123633861541748e+02
-8.1803396165330504175017267698422074317932e+00  +4.9797881086334330191789376840461045503616e+00  -3.7149646668688995987395173870027065277100e+02
-6.8767568676703031087527051568031311035156e+03  -1.6524996658515825401991605758666992187500e+04  -1.1026063818976021138951182365417480468750e+04
+1.7731187022603735385928303003311157226562e+03  -7.1155310816831820375227835029363632202148e+02  -2.5535612466495890657824929803609848022461e+03
-5.5724764773058950595441274344921112060547e+03  -1.2661654938861811388051137328147888183594e+04  -2.2423295519483133830362930893898010253906e+04
-8.6152134671628630258055636659264564514160e+01  -3.3024486257673879663343541324138641357422e+02  -2.7937636095750974618567852303385734558105e+02
+7.1127821251316408961429260671138763427734e+03  -9.8434132981050297530600801110267639160156e+03  -6.7766393169060193031327798962593078613281e+03
+5.6893313551441942763631232082843780517578e+03  +8.5753398681944363488582894206047058105469e+03  -9.0257521549071807385189458727836608886719e+03
+1.6695860649259429919766262173652648925781e+04  -1.6208551309843047420145012438297271728516e+04  -1.5836057072632584095117636024951934814453e+03
-7.9225742691800257944123586639761924743652e+02  +4.0208181197915946540888398885726928710938e+03  -1.5023409668392164348915684968233108520508e+03
-2.0422763353416469271905953064560890197754e+03  -3.6937114044270610975218005478382110595703e+03  +1.4340418438829819933744147419929504394531e+03
+1.1248746097814850145368836820125579833984e+04  -4.6743228881236591405468061566352844238281e+03  -2.5154871997754084986809175461530685424805e+03
-1.1588043291981637594290077686309814453125e+04  +6.9367929685619910742389038205146789550781e+03  -7.0296061798380796972196549177169799804688e+03
-5.4742291262743222546305332798510789871216e+01  +1.2261410840904347878677072003483772277832e+03  +2.9309568296056674796545848948881030082703e+01
+1.0037083706478664453243254683911800384521e+03  -2.7752126209110197123663965612649917602539e+03  +1.9662610628256854852224932983517646789551e+03
-2.1430030998225856819772161543369293212891e+02  +2.7699828121409348113957094028592109680176e+02  +2.4875439315730318412533961236476898193359e+02
+4.4129040206646612887197989039123058319092e+02  -1.7344318403462007154303137212991714477539e+03  -6.3589881540595877140731317922472953796387e+02
-7.0095849567561836011009290814399719238281e+03  -5.6930924404902862079325132071971893310547e+03  +1.4860845106065635263803415000438690185547e+03
-2.0091242747279522973258281126618385314941e+03  +5.4133302253361011935339774936437606811523e+02  -5.2266200183735726625400275224819779396057e+01
-5.5704461074332414227683329954743385314941e+02  -2.3633639822735116808871680404990911483765e+02  +3.0232120761916366973309777677059173583984e+03
-2.7893134727569872666208539158105850219727e+03  -2.7184408759814846234803553670644760131836e+03  -7.9953508606764617070439271628856658935547e+03
-1.9231897882813805154000874608755111694336e+03  -2.0784574954004083338077180087566375732422e+03  -4.7802653264306468372524250298738479614258e+02
-3.9744219551605482365630450658500194549561e+01  +1.6981605282974624060443602502346038818359e+02  +2.3302231655041362046176800504326820373535e+02
-4.7280837421943436993387877009809017181396e+02  +1.6602061382915487683931132778525352478027e+03  -9.3899909944510636705672368407249450683594e+02
-3.0946546971703328381408937275409698486328e+03  -2.2825465117035328148631379008293151855469e+04  -4.9224930950767929971334524452686309814453e+02
-1.5921351685903016459633363410830497741699e+03  +1.0085262688262173469411209225654602050781e+04  +1.1955405805660086116404272615909576416016e+04
+4.0132760716502839386521372944116592407227e+03  -4.3935984846128167191636748611927032470703e+02  -2.4691100657097927069116849452257156372070e+03
+1.5589086661299650131695671007037162780762e+03  +1.3312606508145995576342102140188217163086e+03  +1.7272819234193818829226074740290641784668e+03
+7.6057171919893453377881087362766265869141e+03  +2.9325413580638955863832961767911911010742e+03  -1.8000945540969271974063303787261247634888e+02
+4.4984248721566735184751451015472412109375e+04  +9.3985256168719948618672788143157958984375e+04  -1.3701699301561804531957022845745086669922e+04
-5.8904667480480344966053962707519531250000e+05  -1.7095379661124653648585081100463867187500e+05  +7.1162121138783928472548723220825195312500e+05
+1.1331428685146555653773248195648193359375e+05  +7.0548778609184941160492599010467529296875e+04  +4.2055645985527253287727944552898406982422e+03
+1.4731176953232221649159328080713748931885e+02  -2.0467801798280861476087011396884918212891e+03  +9.1923059718606612022995250299572944641113e+02
-3.5587548991601638590509537607431411743164e+03  -9.6785470779518418567022308707237243652344e+03  +4.8156325009448970376979559659957885742188e+04
+1.8433437525480603653704747557640075683594e+03  +1.8147342119551711220992729067802429199219e+04  -1.7387806444719419232569634914398193359375e+04
-9.1614532870800610453443368896842002868652e+02  +1.0696369179464559238112997263669967651367e+03  -1.3095064000782708717451896518468856811523e+03
+2.3670169469181524618761613965034484863281e+04  -1.5070874474990718226763419806957244873047e+04  -2.0633498189280915539711713790893554687500e+04
+1.6045847478633495484245941042900085449219e+03  -2.0025328111541259659134084358811378479004e+03  +1.0455950606251892054388008546084165573120e+02
+1.5062866582237542024813592433929443359375e+05  -9.1189176432546264550182968378067016601562e+03  +3.8289295469230070011690258979797363281250e+04
+4.7057746479590568924322724342346191406250e+03  -1.0718249410752353014686377719044685363770e+03  -2.4549717244699395450879819691181182861328e+03
-1.2608918564249208429828286170959472656250e+04  +8.2766480663354395801434293389320373535156e+03  -1.5528503493713787975138984620571136474609e+03
+6.6559345291408035905078577343374490737915e+01  +8.2873390115313824821896560024470090866089e+01  +8.4724298631175010143579129362478852272034e+00
+2.3670009924600612976064439862966537475586e+03  +1.1230815057026907197723630815744400024414e+03  +4.8885274391495913732796907424926757812500e+03
-9.9599236666579940902011003345251083374023e+02  +3.3544740485950201218656729906797409057617e+03  -1.0704219853191768834221875295042991638184e+03
+2.5456568520465016263187862932682037353516e+03  -7.5885489865515719429822638630867004394531e+03  -1.0811670679485421715071424841880798339844e+04
-1.4604340193747761986742261797189712524414e+03  -2.6874236391648546486976556479930877685547e+03  +4.1854450437915565998991951346397399902344e+03
-1.7999369953656657799001550301909446716309e+03  +4.5628883520794661308173090219497680664062e+03  -3.0851990909205560456030070781707763671875e+03
-5.1508793045707452620263211429119110107422e+03  +4.7477923292529550280960393138229846954346e+02  -5.9550722855854664885555393993854522705078e+03
-1.7806800957886646301631117239594459533691e+03  -1.2387697958221051521832123398780822753906e+03  +5.6273196862646886984293814748525619506836e+02
+2.2495816090157578582875430583953857421875e+05  +9.0813141319067246513441205024719238281250e+04  -6.8066478981053980533033609390258789062500e+04
+5.1443041282703625256544910371303558349609e+03  +3.5143481823635879663925152271986007690430e+03  -1.6690981291366235836903797462582588195801e+03
+3.2121446548636205989168956875801086425781e+04  -2.4110960222821981005836278200149536132812e+04  +4.0689145405479568580631166696548461914062e+04
-2.7321981053551091633835312677547335624695e+01  +6.9756050487877445220874506048858165740967e+01  -3.9699283245557474231191008584573864936829e+01
-3.1752393774411575577687472105026245117188e+02  +5.5893021590962061964091844856739044189453e+03  -2.2384803084341278918145690113306045532227e+03
-3.3973304777047133029554970562458038330078e+02  +5.8409272454881386238412233069539070129395e+02  +7.7297328028916422226757276803255081176758e+02
-7.1154745896439385433041024953126907348633e+02  -8.6803889132712140508374432101845741271973e+02  -4.8114850976836208928943960927426815032959e+02
-4.0352391491955800120194908231496810913086e+03  +7.4260824269261511290096677839756011962891e+03  -6.3864657749824846177943982183933258056641e+03
-9.0377868106518604918164783157408237457275e+01  +9.1006920589252740683150477707386016845703e+02  +4.5704295858183024847676279023289680480957e+02
-5.8859237498217211737028264906257390975952e+00  +1.3474712201496313923598791006952524185181e+02  -3.7423268308133742721111048012971878051758e+01
-2.3052927831910983513807877898216247558594e+03  +1.2258631575934391548798885196447372436523e+03  +5.1308107135659020059392787516117095947266e+02
-3.4399642831696445455236244015395641326904e+02  -2.7058774081899298380449181422591209411621e+02  +2.4738230620380605273567198310047388076782e+02
+8.5073518660291153992147883400321006774902e+02  -1.0507916515821791847429267363622784614563e+02  +1.4417102965833103667137038428336381912231e+02
-9.1059486945739052998760598711669445037842e+01  -3.5046476812692326063825021265074610710144e+01  +4.4884391487556129618496925104409456253052e+01
-5.1293550968728186489897780120372772216797e+02  +3.1680132667777746746651246212422847747803e+02  -1.0536056626327454068814404308795928955078e+03
+3.6808287777819299435577704571187496185303e+02  +1.8740405739645755147648742422461509704590e+03  -7.5749142323941009635746013373136520385742e+02
+8.5280442778930173517437651753425598144531e+03  +3.0059990542899859065073542296886444091797e+03  -8.9780908470861832029186189174652099609375e+03
-6.8981540919437941283831605687737464904785e+02  -2.6251497902964570130279753357172012329102e+02  +1.1635783049154299533256562426686286926270e+03
-3.2224130019171315097992192022502422332764e+02  -1.2878526508995500989840365946292877197266e+03  +5.1635068606561571868951432406902313232422e+02
+5.6403262307748758757952600717544555664062e+04  -9.3358891588019716436974704265594482421875e+04  +3.1604224742613048874773085117340087890625e+04
-1.8134282338039981823385460302233695983887e+03  +2.0677801483909970556851476430892944335938e+03  -6.5501529350976477417134447023272514343262e+02
-2.6292672864008025499060750007629394531250e+04  +1.3891569908524304992170073091983795166016e+04  +1.4466828344148027099436149001121520996094e+04
+3.7983068875422741257352754473686218261719e+03  -3.3657961711679413383535575121641159057617e+03  +1.1254268959175713007425656542181968688965e+03
+1.6781923865708813536912202835083007812500e+03  -1.1262325319787629496204317547380924224854e+02  -5.8514396759631915756472153589129447937012e+02
+1.4089465061143005186750087887048721313477e+02  -7.8818524471384444041177630424499511718750e+02  +2.3514946521206989018537569791078567504883e+03
+2.9747159580485668328719839337281882762909e+01  -1.4956506204409785709685820620507001876831e+02  -4.1641050971259787161216081585735082626343e+01
+2.3210224186846426164265722036361694335938e+04  +3.1614378384732526683364994823932647705078e+03  +1.1495572967828438777360133826732635498047e+04
+5.5851436638084334845189005136489868164062e+04  +6.9363336723835163866169750690460205078125e+04  -3.9642360316755994062987156212329864501953e+03
+1.5059873906256329973984975367784500122070e+03  +1.9375117802682950696180341765284538269043e+03  +2.5756796710822854947764426469802856445312e+03
-2.9502141607898388429020997136831283569336e+03  +5.7787633924983288125076796859502792358398e+02  -2.3688936351568354439223185181617736816406e+03
+7.4347248948545927760278573259711265563965e+02  +1.6739564008353283952601486817002296447754e+02  -8.1495233908533890598846483044326305389404e+01
+7.2477289426378007419771165587007999420166e+01  +2.5559808987846317052117228740826249122620e+01  -6.5651193754018905224256741348654031753540e+01
