DirectForce: 68977; ParticleCell: 56004; NodesUsed: 454; NodesAvailable: 500; TimeLoad: 0.000122634; TimeUpward: 1.2622e-05; TimeForce: 0.00599868; TimeTotal: 0.00614041
1000

-7.0253994060289242042927071452140808105469e+03  -1.1678284783806795530836097896099090576172e+04  -4.2054751735534664476290345191955566406250e+03
-1.9358552430372533592617401154711842536926e+01  -4.5462860634410304783159517683088779449463e+01  +3.1894637967432672986944908188888803124428e+00
+7.9681936407495174989890074357390403747559e+02  -6.9371471298998665133694885298609733581543e+02  +6.5069071019873138084221864119172096252441e+02
+3.1093027856691510351083707064390182495117e+03  -1.8848407204673794694826938211917877197266e+03  +6.4906700366939694504253566265106201171875e+03
+4.8524443336117719809408299624919891357422e+03  -5.9513368985389679437503218650817871093750e+03  -2.8440152149435893988993484526872634887695e+03
+7.6756699821187894485774450004100799560547e+03  -4.4402873211688665833207778632640838623047e+03  -1.0874356419516227106214500963687896728516e+04
-1.8013493986287729057949036359786987304688e+04  -7.9514691210016621880640741437673568725586e+02  +1.1685855761671587970340624451637268066406e+04
-5.8833424114494079049109132029116153717041e+01  +1.7685993574457700105995172634720802307129e+02  +2.4819894801596805677945667412132024765015e+02
-1.3778697540061490144580602645874023437500e+04  -4.6761366699564032387570478022098541259766e+03  +8.4129410974557213194202631711959838867188e+03
+1.3462676573354397646653524134308099746704e+02  +1.3223590200678856376725889276713132858276e+01  -1.4211417808549037999910069629549980163574e+02
-7.5019166156300525472033768892288208007812e+03  +1.7848216952657568867834925185889005661011e+02  -4.3636966816177528016851283609867095947266e+03
+1.1845459319928768309182487428188323974609e+04  -1.5873744854844424025941407307982444763184e+03  -3.4007887454543532612660783343017101287842e+02
+4.3061255052450205766945146024227142333984e+03  -1.0545327107701221393654122948646545410156e+04  -5.2309523178506151452893391251564025878906e+03
-1.2966829001729690844513243064284324645996e+03  -7.4087580895195117136609042063355445861816e+02  -2.0593266548012984458182472735643386840820e+03
+8.4863277273454768874216824769973754882812e+03  -1.0633199030149844475090503692626953125000e+04  +4.0170671097645190457114949822425842285156e+03
-1.4090972469621883647050708532333374023438e+03  -2.8721639809336357984648202545940876007080e+02  +5.9260676190362471515982178971171379089355e+02
+4.6083597030367027400643564760684967041016e+03  +1.1027624496825394089682959020137786865234e+04  -1.1380138039925417615449987351894378662109e+04
-5.7793497727552896492397849215194582939148e+01  +9.7916158299186960789484146516770124435425e+01  +6.4608885260389769200628506951034069061279e+01
+7.7517201108847293653525412082672119140625e+03  +3.2145648477978276787325739860534667968750e+04  +4.1073975093930821458343416452407836914062e+04
-1.0705764525335071084555238485336303710938e+03  -4.2591561760844388118130154907703399658203e+03  +7.0291865833077035858877934515476226806641e+03
+6.4403884974941320251673460006713867187500e+02  +3.3384730623574596393154934048652648925781e+03  -4.8106967084180751044186763465404510498047e+03
-4.0467949897959820191317703574895858764648e+03  -3.8134434288847451171022839844226837158203e+03  -2.1454694745440033329941798001527786254883e+03
-2.7018014287875776062719523906707763671875e+03  +6.5345680789419668599293800070881843566895e+02  +1.3945673370847827754914760589599609375000e+04
+1.8979349304244908580585615709424018859863e+03  +3.1709456548843905920875840820372104644775e+02  -8.6010401829667205220175674185156822204590e+02
+8.3617005170799347979482263326644897460938e+02  +5.6365691689569866866804659366607666015625e+03  -4.3182359887539932969957590103149414062500e+03
-6.7173190009841264327405951917171478271484e+03  -1.9729445934127672899194294586777687072754e+03  +3.3344313721315656948718242347240447998047e+03
+3.2825833283009728802426252514123916625977e+03  -5.8129638738969779296894557774066925048828e+03  +5.2073573593686223830445669591426849365234e+03
+1.7104028711557093629380688071250915527344e+04  -6.7310216908150723611470311880111694335938e+03  -7.8843385812821488798363134264945983886719e+03
+1.2286501313813810156716499477624893188477e+03  -7.9090991345812153667793609201908111572266e+03  +1.8294252521723089444094512145966291427612e+02
+9.1243524183528443245450034737586975097656e+03  +2.0256436776059833846375113353133201599121e+03  +1.7926261107462854852201417088508605957031e+04
-1.6253051359945900458114920184016227722168e+03  +9.0087641106735336506972089409828186035156e+03  -5.3618578782570357361692003905773162841797e+03
-4.1809129059770747005586599698290228843689e+01  -2.9355233312305699655553326010704040527344e+03  +1.1380563695220021145360078662633895874023e+03
-8.0824608280342232546900049783289432525635e+01  +2.4888675045757818224956281483173370361328e+03  +3.0960046928479923735721968114376068115234e+03
+6.0550420437483808200340718030929565429688e+02  -1.5061080966667336156206147279590368270874e+02  -4.0614799820874526403713389299809932708740e+02
-2.2673070660414764461165759712457656860352e+03  -6.6440351726574617714504711329936981201172e+03  +8.7785732695152307769603794440627098083496e+02
+9.6803260749106248113093897700309753417969e+03  +1.6116140785556297487346455454826354980469e+04  +1.8964233266024599288357421755790710449219e+04
+1.7207630256059915154764894396066665649414e+03  -5.1342404859423404559493064880371093750000e+03  +1.6751146805213368224940495565533638000488e+03
-9.0378039901995489344699308276176452636719e+03  -8.6148271716043052492750575765967369079590e+02  +1.1304620405901962385541992262005805969238e+03
+1.1373467339982598787173628807067871093750e+03  +2.8069985940566571116505656391382217407227e+03  -2.9943592260702134808525443077087402343750e+03
-2.5751345473179033433552831411361694335938e+04  -4.4243152077537735749501734972000122070312e+04  +8.5854379827464163099648430943489074707031e+03
-1.4365685766633148432447342202067375183105e+03  -1.9780293430269830423640087246894836425781e+03  +8.4021491401075411431520478799939155578613e+02
+1.9386023011815757399745052680373191833496e+02  +7.5219021715818723805568879470229148864746e+02  +1.5173074648159678190495469607412815093994e+02
-7.9920774998208833039825549349188804626465e+02  -8.4687850910577458307670895010232925415039e+02  -3.1761164969465116882929578423500061035156e+03
+2.3758663731229626137064769864082336425781e+03  -5.6268093086185226638917811214923858642578e+03  +7.7387424771779054211151560593862086534500e+00
-2.1100881402429782610852271318435668945312e+04  +1.1077956292214556015096604824066162109375e+04  +2.8702562008399410842685028910636901855469e+04
+9.5276817345253220992162823677062988281250e+03  +1.5015998630408565077232196927070617675781e+04  -1.3346742961909831501543521881103515625000e+05
-7.1643574755471818207297474145889282226562e+03  -9.0498565148494742516049882397055625915527e+02  -1.9444414557481970859953435137867927551270e+03
+8.8366905365799248102121055126190185546875e+03  +1.6530212038429275708040222525596618652344e+04  +1.7471931025058616796741262078285217285156e+04
+7.9398316197682710480876266956329345703125e+04  +3.1442359880933476233622059226036071777344e+04  -6.8956183498983637036872096359729766845703e+02
-2.4081002504865623450314160436391830444336e+03  +1.0139983456804905870285438140854239463806e+02  +6.2568878840589532046578824520111083984375e+03
+1.2991325306756336431135423481464385986328e+04  -8.5050742780561483868950745090842247009277e+02  +1.1741138790805776807246729731559753417969e+04
+3.4659408537174240336753427982330322265625e+03  +5.5208531301405209887889213860034942626953e+03  -1.5269094224384500193991698324680328369141e+04
+8.5547965715343266879244765732437372207642e+01  -9.2457487388808949617668986320495605468750e+03  +1.9393362001227549171744612976908683776855e+03
-2.9367191874907922510828939266502857208252e+02  -4.4110204125981016431978787295520305633545e+02  -5.4759646241867744720366317778825759887695e+02
-6.7268757080313605456467485055327415466309e+02  -3.0718569146433657124362071044743061065674e+02  -1.8726416517592956552107352763414382934570e+03
+5.0646221511101821306510828435420989990234e+03  +6.7894996696712096309056505560874938964844e+03  +2.2869901094889005435106810182332992553711e+03
-1.9722320988245596709020901471376419067383e+03  +1.8094290484713891942192276474088430404663e+02  -1.6267396932568481133785098791122436523438e+03
-2.9672548705849903853959403932094573974609e+03  -1.1403907670317774318391457200050354003906e+04  -3.4140860761821695632534101605415344238281e+03
+7.1725046729397668968886137008666992187500e+04  +3.7704766748874640143185388296842575073242e+03  -2.6776930713841045417211716994643211364746e+02
-1.4318712711573607521131634712219238281250e+04  +6.7417488440852603162056766450405120849609e+03  -4.6024486657168665260542184114456176757812e+04
+8.8919155765150961201470636297017335891724e+01  -1.3254352738974801013682736083865165710449e+03  +3.2331951696684873240883462131023406982422e+03
+8.2730094993658849489293061196804046630859e+02  -5.0758225908416097809094935655593872070312e+03  +1.5213309529054335143882781267166137695312e+04
-1.3634897037671671569114550948143005371094e+03  -4.2876304142393820484358002431690692901611e+02  +8.3590063584499546323058893904089927673340e+02
+6.5494759594507615929614985361695289611816e+02  -1.1285390383475394173729000613093376159668e+03  -5.7874393114392034931370289996266365051270e+02
-9.7134182395052050651429453864693641662598e+02  -2.9016347232862108285189606249332427978516e+02  -3.8581203453686740090233797673135995864868e+01
+1.9555514828494997345842421054840087890625e+04  +8.2798842788797787761723157018423080444336e+02  +1.6123242998575849924236536026000976562500e+04
+3.4770566955450645764358341693878173828125e+04  +1.0676879039627558540814789012074470520020e+03  +1.4392521835859637576504610478878021240234e+04
-6.4644781912830540022696368396282196044922e+03  +8.7139325686299480366869829595088958740234e+02  +6.5443052677268678962718695402145385742188e+03
-7.5592967740270556532777845859527587890625e+04  -1.8330460877074577729217708110809326171875e+05  -2.1474229288956521486397832632064819335938e+03
+3.1260655632242815045174211263656616210938e+04  -3.9613775158659718726994469761848449707031e+03  -3.1829848612078967562410980463027954101562e+04
-8.0310736633729914046853082254528999328613e+02  -1.7756512853313382947817444801330566406250e+04  -8.7386409430212752340594306588172912597656e+03
+2.2349601187034104441408999264240264892578e+03  +4.3834440314182438669377006590366363525391e+03  -5.2860007482306478721056919312104582786560e+01
-1.4104718484217606601305305957794189453125e+04  -6.0797944364665170269290683791041374206543e+02  -1.0287262075159871528740040957927703857422e+04
-3.2810041960852545344096142798662185668945e+03  +9.5874575116352880286285653710365295410156e+03  +3.4970793613883528450969606637954711914062e+04
-1.0933461484446997928898781538009643554688e+03  +2.1812025170622598579939221963286399841309e+02  +9.0156295515301405885111307725310325622559e+02
+3.7191240803215833921058219857513904571533e+02  +4.5810813898241103743202984333038330078125e+03  +7.8755340957624412112636491656303405761719e+03
+1.4093344197111144239897839725017547607422e+04  -8.5307119830179271957604214549064636230469e+03  -8.9183697817949414456961676478385925292969e+03
+4.6580941804107114876387640833854675292969e+03  +3.4213543571505647378216963261365890502930e+03  -7.2790117594328685299842618405818939208984e+03
-3.2096614832939701500436058267951011657715e+02  -4.1260413331651216140016913414001464843750e+02  +1.7026473997716479971131775528192520141602e+03
+4.8788961479707347734802169725298881530762e+02  +1.2808326473693307434587040916085243225098e+03  -5.1627887586547522005275823175907135009766e+03
+5.9345112243304856747272424399852752685547e+03  -1.2215632268191438924986869096755981445312e+04  +1.0389808772463638888439163565635681152344e+04
-1.0152803717309423518599942326545715332031e+04  +2.8816388404852546045731287449598312377930e+03  -4.9112534101120041896137990988790988922119e+02
+8.1286284951460027059511048719286918640137e+02  -6.2646518144293522709631361067295074462891e+03  -1.0053827793619866497465409338474273681641e+04
-4.6679337485599135106895118951797485351562e+03  -1.1815703084504119033226743340492248535156e+04  +4.5796622189065592465340159833431243896484e+03
+3.6304956993702347745056613348424434661865e+01  +2.1257532853457328769763989839702844619751e+02  +2.0013802671386403631004213821142911911011e+02
-3.5191906861561146335759531211806461215019e+00  -5.1429400499014050751611648593097925186157e+01  -2.0955709570235868000054324511438608169556e+02
+1.0237995149960802336863707751035690307617e+03  +1.2959335396634111248204135335981845855713e+02  +2.0691295717739964743486780207604169845581e+02
-1.0803331013427108700852841138839721679688e+04  +4.6726794686763794743455946445465087890625e+04  -3.1329829498595168843166902661323547363281e+04
-2.1054369371638148322745109908282756805420e+02  -5.5961251357640878723032074049115180969238e+02  -5.8032926339581699721748009324073791503906e+03
-1.9426775405900494661182165145874023437500e+04  -7.4150663496845236295484937727451324462891e+03  +3.1297987572552890924271196126937866210938e+04
-1.7520099364666020846925675868988037109375e+02  -9.6291415706371935812057927250862121582031e+03  +4.0146541085461562943237368017435073852539e+03
+3.4098943113039081254100892692804336547852e+03  -6.2460696352840898271097103133797645568848e+02  -2.4898062285864307341398671269416809082031e+03
+2.3563685675112964190702768974006175994873e+02  -8.2551014025213717104634270071983337402344e+03  -5.1040110342604693869361653923988342285156e+03
+1.7627781130650869272358249872922897338867e+03  +1.2229402012803013803932117298245429992676e+03  +1.4785813841454353678273037075996398925781e+04
+7.8573901188821828327490948140621185302734e+03  -6.0564404856845894755679182708263397216797e+03  +1.2497896856785955606028437614440917968750e+04
-2.4295808613134980191716749686747789382935e+02  +1.7359025897760414380854854243807494640350e+01  +1.0242171157109644354932243004441261291504e+03
+2.1882888282622780025121755897998809814453e+03  +5.6201060726229061401681974530220031738281e+03  -6.0205439264716169418534263968467712402344e+03
-1.3195026051372502706726663745939731597900e+02  +3.9856057894442066924511891556903719902039e+01  +2.0920144397217879372874449472874402999878e+02
+1.9393238216862289118580520153045654296875e+05  +3.3057168879937235033139586448669433593750e+04  -7.3367092608718201518058776855468750000000e+04
+4.5249669817806592618580907583236694335938e+04  +2.0829782129836163221625611186027526855469e+04  -1.5986063937903271289542317390441894531250e+05
-5.7532774728752410737797617912292480468750e+03  +1.9187898233347536915971431881189346313477e+03  -9.0543934997189523983252001926302909851074e+02
-2.1700438886440197165939025580883026123047e+03  -1.0645996771685562634957022964954376220703e+04  -5.1389747484402805639547295868396759033203e+03
-1.5411890043908922962145879864692687988281e+04  -5.6511758973392961706849746406078338623047e+03  -3.2255774817252410002765827812254428863525e+02
-4.0525903950396354957774747163057327270508e+03  +3.8353787628337654496135655790567398071289e+03  +2.4074270691235865342605393379926681518555e+03
+3.2640793103430537485110107809305191040039e+03  -3.2788082032797979081806261092424392700195e+03  +5.0087289912456071760971099138259887695312e+03
-1.8423782280935186008719028905034065246582e+03  -4.4501923542234335400280542671680450439453e+03  -1.2208569852874200023507000878453254699707e+03
-7.0168309152454621653305366635322570800781e+03  +4.9817001570292813994456082582473754882812e+03  -1.3127450121550371022749459370970726013184e+03
+3.3430768598955469315114896744489669799805e+03  +1.7122144403550109927891753613948822021484e+03  -8.1081903220083986525423824787139892578125e+03
+1.7945859878360683978826273232698440551758e+03  +1.3244178056962634855153737589716911315918e+03  +1.3425464676275687452289275825023651123047e+03
-3.6972947336753594527181121520698070526123e+02  +5.2710770085429248865693807601928710937500e+02  -2.8240975566762767812178935855627059936523e+02
+3.7672322111460346150124678388237953186035e+02  +1.6611279681294575993888429366052150726318e+02  +3.4916830675631820213311584666371345520020e+02
+1.4636615904705186039791442453861236572266e+04  +6.3494267194227659274474717676639556884766e+03  -9.7118662520559428230626508593559265136719e+03
+7.7476225856987421138910576701164245605469e+03  +1.7138417290265759220346808433532714843750e+04  -6.1104747074197905476466985419392585754395e+02
-1.2430766384571956223226152360439300537109e+04  +1.8815191012522998789791017770767211914062e+04  -2.6316116781910142890410497784614562988281e+04
-2.3508169766841247110278345644474029541016e+03  +4.3897667541902646917151287198066711425781e+03  -7.5328272786454526794841513037681579589844e+03
-2.2768284931150632473872974514961242675781e+04  +6.9143376695546692189964232966303825378418e+01  -1.0047809284546836352092213928699493408203e+04
-1.8559394006170559441670775413513183593750e+05  -8.0094545082067299517802894115447998046875e+04  +3.5829726672803174005821347236633300781250e+05
-1.8218670591140755732340039685368537902832e+03  +1.1823846609359261492500081658363342285156e+03  -4.1119041608897720152526744641363620758057e+02
-3.1687747247687173057784093543887138366699e+02  -1.3009961805148841449408791959285736083984e+03  -1.1769719632258158981130691245198249816895e+03
+6.2987261546496674782247282564640045166016e+03  +1.0362711308138868844253011047840118408203e+04  +8.0134346020066595883690752089023590087891e+03
+1.6658018900953797128750011324882507324219e+04  -6.1993841257606663930346257984638214111328e+03  +7.4940057460087155050132423639297485351562e+03
+9.0457707091394200688228011131286621093750e+04  +7.0428655994017477496527135372161865234375e+04  -5.8816943094925634795799851417541503906250e+04
+1.3295831493848040736338589340448379516602e+03  -1.4339021787077637782203964889049530029297e+04  -7.6146691067024812582531012594699859619141e+03
-1.7249897294400964256055885925889015197754e+03  -6.2232853209226823310018517076969146728516e+02  +1.1139525181835265357221942394971847534180e+03
+5.3095691468040222389390692114830017089844e+03  -1.1576717291840155667159706354141235351562e+04  -4.9891251038920463543036021292209625244141e+03
+7.6043081149267413820780348032712936401367e+02  +1.4776003314207634957710979506373405456543e+03  -3.5186408973121575627374113537371158599854e+02
-3.1080869236871090834029018878936767578125e+04  -2.3532926042548206169158220291137695312500e+04  -8.8418039535475345473969355225563049316406e+03
+1.1217026034541619083029218018054962158203e+04  -4.0972515205994994857974234037101268768311e+02  +1.8409928493066476221429184079170227050781e+04
+6.0026258373713695618789643049240112304688e+04  +2.2150215892609668662771582603454589843750e+05  +5.9948249781284721393603831529617309570312e+04
+1.6636458130461363907670602202415466308594e+04  -1.5528836948772792311501689255237579345703e+04  +2.2210142477711611718405038118362426757812e+04
-5.5909505444559081297484226524829864501953e+03  -3.7660141357074226107215508818626403808594e+03  +6.3467551130799017755634849891066551208496e+02
+1.4840912232929655147017911076545715332031e+04  -3.9163167180321725027170032262802124023438e+04  +2.7586878497229781714850105345249176025391e+03
+1.5690487676142736745532602071762084960938e+04  +3.3713890324718187912367284297943115234375e+04  +1.3233010162205519009148702025413513183594e+04
-5.8590089656977386312064481899142265319824e+02  +1.9026732273560712656035320833325386047363e+03  -8.3583230517689901262201601639389991760254e+02
-2.2586201333206048730062320828437805175781e+04  +6.3658656163129480773932300508022308349609e+03  +2.5682957714884643792174756526947021484375e+04
-8.0567515319127160182688385248184204101562e+03  +3.8450520543695330388800357468426227569580e+02  -2.7464200568252349512476939707994461059570e+03
-8.9948916127753764158114790916442871093750e+03  -7.4763645825256635362165980041027069091797e+03  +4.3172510328611324439407326281070709228516e+03
-9.1575372824748250422999262809753417968750e+04  +1.2797996140089158143382519483566284179688e+05  +3.1351508426837396109476685523986816406250e+05
-1.8269767826604197580309119075536727905273e+03  +2.1395750772113287894171662628650665283203e+03  -5.7313128449497608016827143728733062744141e+03
-8.8291624017201900187501451000571250915527e+02  +3.3923842797282345600251574069261550903320e+03  -1.3249987768174756638472899794578552246094e+04
-2.5216394936778715418768115341663360595703e+03  +2.9916961068236167875511455349624156951904e+02  +1.8115630028045549693160864990204572677612e+02
-1.7680403679253431619144976139068603515625e+04  -8.5186018378597293576603988185524940490723e+02  -2.5531482982601810363121330738067626953125e+04
+1.0323485034539314710855251178145408630371e+03  +1.7676461283863677635963540524244308471680e+03  +2.4745216048009988298872485756874084472656e+04
-6.2473156221272265611332841217517852783203e+03  -3.1150984423502441131859086453914642333984e+03  -2.6314526626543001839308999478816986083984e+03
+3.8007429680510267644422128796577453613281e+02  +1.2114986949909060058416798710823059082031e+04  +2.2439911024279308549012057483196258544922e+03
-1.1294439782192162965657189488410949707031e+04  +2.9093983026949532359139993786811828613281e+04  +2.6238949183576485665980726480484008789062e+04
-1.3378619592677991022355854511260986328125e+04  -1.4078854314029640590888448059558868408203e+04  +1.7756137314194726059213280677795410156250e+04
-1.0776133276177166408160701394081115722656e+04  +8.6205585042941420397255569696426391601562e+03  -3.5140704089694213507755193859338760375977e+03
-2.4025330357453444776183459907770156860352e+03  +2.1462023314775601647852454334497451782227e+03  -2.8665873006826559503679163753986358642578e+03
-1.8036830417071168994880281388759613037109e+03  +6.2742876770959651366865728050470352172852e+02  +7.1175138314021410224086139351129531860352e+02
+8.4598849865796546509955078363418579101562e+03  +2.1453019493484957820328418165445327758789e+03  +1.1346118983740312614827416837215423583984e+04
-1.1006793510754194358014501631259918212891e+04  -1.3060318845523701384081505239009857177734e+04  +3.2165497674609759997110813856124877929688e+03
+4.9027686505182522523682564496994018554688e+04  -7.3539004004073403848451562225818634033203e+03  +2.2377748912561244651442393660545349121094e+04
+1.4247255815569533297093585133552551269531e+03  +2.7188256529448284481986775062978267669678e+02  +2.2835610601355342623719479888677597045898e+03
-4.4771545393689528680170042207464575767517e+01  -3.7763119256091476927394978702068328857422e+03  +5.4390484705798871800652705132961273193359e+02
-6.2235968944577962247421965003013610839844e+02  -9.5484723745491487534309271723031997680664e+02  +4.6816267832479820754087995737791061401367e+02
-9.5851944398170926433522254228591918945312e+03  +9.5326029688942412576579954475164413452148e+02  +1.6993074579966512374085141345858573913574e+03
+1.9566574167527314784820191562175750732422e+03  -5.1769075107963890332030132412910461425781e+03  -2.1342842309983887389535084366798400878906e+04
-1.2699307260900226879130059387534856796265e+02  -2.7765281257013481308604241348803043365479e+02  -2.0102625455087883210580912418663501739502e+02
-5.2705775168065031266451114788651466369629e+01  -5.5264021899517949520941328955814242362976e+01  +1.9148289686973427592420193832367658615112e+01
-2.8801471584157604866049950942397117614746e+02  -1.7327133819583841614075936377048492431641e+03  -1.1560081591459338596905581653118133544922e+03
-1.2012043304496530254255048930644989013672e+04  +7.4237280818097806331934407353401184082031e+03  +5.9555859471029307314893230795860290527344e+03
-1.0473432476127668451226782053709030151367e+03  -1.7221168418258714609692106023430824279785e+03  -1.6280561440537132966710487380623817443848e+03
+4.0920157907245979345134401228278875350952e+01  +2.0651343985660911783952542464248836040497e+01  -2.4695755060510311551524864626117050647736e+01
+1.0622943783658418396953493356704711914062e+04  +4.9442753660058351670159026980400085449219e+03  -1.3308963334664184003486298024654388427734e+04
+4.4624384632041710574412718415260314941406e+03  +1.7196285662541506553679937496781349182129e+03  -6.7552846979157548048533499240875244140625e+03
+3.6805142488251708527968730777502059936523e+03  +4.4522288977200923909549601376056671142578e+02  -7.5950038166570777775632450357079505920410e+02
-7.3695597988596055074594914913177490234375e+03  +2.6995323790685511085030157119035720825195e+03  +3.5951305296843675023410469293594360351562e+03
+5.2923568642790485228033503517508506774902e+02  +1.6659349854803112975787371397018432617188e+03  +5.0836401614632910650470876134932041168213e+02
-5.4706269174526585175044601783156394958496e+02  -4.5344714557022774670258513651788234710693e+02  -5.6194859721031683363889897009357810020447e+01
-2.4153021256067742683626420330256223678589e+02  +3.1019385895424420596100389957427978515625e+03  -6.4754853831184971113543724641203880310059e+02
-1.7643307606755670349230058491230010986328e+03  -2.2806470743368652165372623130679130554199e+02  +2.9842403593958971441679750569164752960205e+02
+4.7903176858403884352810564450919628143311e+02  +2.6844240850136094422850874252617359161377e+02  +5.8617857479159575007088278653100132942200e+01
-2.8057405130171678138140123337507247924805e+03  -1.5787069163181258772965520620346069335938e+03  -1.0558614250268619798589497804641723632812e+03
-2.4114658383981345650681760162115097045898e+03  +3.2120936133558181609259918332099914550781e+04  +2.3082829714309813425643369555473327636719e+04
+1.9494598509755494887940585613250732421875e+04  -2.9255867018154353900172282010316848754883e+03  -1.1813851846187852061120793223381042480469e+04
+4.0587926626081667791368090547621250152588e+02  -2.9797779660307501217175740748643875122070e+03  -2.0466116519909685393940890207886695861816e+03
+2.9602149753872340625093784183263778686523e+03  +9.5962895217538164160941960290074348449707e+02  -3.1556732962387955012673046439886093139648e+03
-2.5629500015461362636415287852287292480469e+03  +4.5823944720268747232694295234978199005127e+02  -6.8093858032574132721492787823081016540527e+02
+2.2043607870366903966896643396466970443726e+02  -2.3203311249316243447537999600172042846680e+02  -2.7974241656069807504536584019660949707031e+02
-3.8865426626226167172717396169900894165039e+01  -1.1359095788939424664931721054017543792725e+02  -2.6166628058526424638330354355275630950928e+02
-6.1187031738782507090945728123188018798828e+03  +8.5504697933815114083699882030487060546875e+03  -4.0656427635533991633565165102481842041016e+03
+2.6995462429184290158445946872234344482422e+03  -2.7256014950033357990832882933318614959717e+02  -2.3231564616692659910768270492553710937500e+04
-1.8993182650363221910083666443824768066406e+04  -2.2478695150430771718674805015325546264648e+03  -2.5340911057385223102755844593048095703125e+04
+2.2710364571178703045006841421127319335938e+04  +1.5476222574121518846368417143821716308594e+04  -1.6369267532444707740069134160876274108887e+03
-4.6507187853832482460347819142043590545654e+02  +1.7175167623052995622856542468070983886719e+04  +8.0520386506345734233036637306213378906250e+04
-2.6457958315216830669669434428215026855469e+04  +2.9968112840300876996479928493499755859375e+04  -1.8380441542528333798145467881113290786743e+02
+6.1206274600518258921511005610227584838867e+02  -4.9582234090042556999833323061466217041016e+03  +1.4475162730870995801524259150028228759766e+04
-1.1313301776487301140150520950555801391602e+03  -5.0138475530981968404375948011875152587891e+03  -1.0746960509398659269209019839763641357422e+03
+2.1082183971917565941112115979194641113281e+03  -6.2470903862055325589608401060104370117188e+04  +1.1514064051846659276634454727172851562500e+05
+4.6259846069239796406691311858594417572021e+02  +1.9918901463127990609791595488786697387695e+03  +3.7916075171284069256216753274202346801758e+03
+3.1552478189650164495105855166912078857422e+03  +8.8485506187398768815910443663597106933594e+03  +7.9986006192988188558956608176231384277344e+03
+2.0666442865750144846970215439796447753906e+04  +2.5454262665524080944123852532356977462769e+02  -2.1499290094002477417234331369400024414062e+04
-2.1574774019008229515748098492622375488281e+04  -3.9011606802671027253381907939910888671875e+04  -1.3079574977336811571149155497550964355469e+04
+1.9553551156770736270118504762649536132812e+04  +9.6698313256138426368124783039093017578125e+04  +9.2764016734326709411107003688812255859375e+04
+2.0740809528831691750383470207452774047852e+03  -2.9026760019688535976456478238105773925781e+03  -6.7529818148125204970710910856723785400391e+03
+6.9370021791929832488676765933632850646973e+02  +4.1649628017567702045198529958724975585938e+03  -7.2248724771520835474802879616618156433105e+02
-1.1521528369394118840318697039037942886353e+02  -3.6810108938135016387604991905391216278076e+01  -4.0279158776701308397605316713452339172363e+02
+8.6632849961055580934043973684310913085938e+03  +7.4563907470094718519248999655246734619141e+03  -2.4798713148359961451205890625715255737305e+03
-6.6665509895040586343384347856044769287109e+03  +6.0176139015603286679834127426147460937500e+04  -6.0744491440924990456551313400268554687500e+04
+1.3201723735030656825983896851539611816406e+04  -1.9264407684330348274670541286468505859375e+04  -5.6996719663280407530692173168063163757324e+02
-1.4913402688020014466019347310066223144531e+03  +8.1968681291487282578600570559501647949219e+03  -1.1777359164653223615459864959120750427246e+03
-1.0112941043771992553956806659698486328125e+04  -5.1885091687074082074104808270931243896484e+03  -2.7470004372888711259292904287576675415039e+03
+7.6294565281296245302655734121799468994141e+03  +3.0217139274929035309469327330589294433594e+04  -2.1038084418382106377976015210151672363281e+04
+2.5252493623723908058309461921453475952148e+03  +4.7248888345810692044324241578578948974609e+03  +1.1532511299118082206405233591794967651367e+03
+6.1361190922256409976398572325706481933594e+03  +3.8388313585202104150084778666496276855469e+03  +6.6645698064614634859026409685611724853516e+02
-3.8554617167022538524179253727197647094727e+03  +3.2741445371130032526707509532570838928223e+02  -5.3420235463464932763599790632724761962891e+03
-1.3417434024670074066420966119039803743362e+01  -1.1193683824547940730553818866610527038574e+02  +7.6396113892562169667144189588725566864014e+01
-1.4950143760029131954070180654525756835938e+03  +6.1006838784112132998416200280189514160156e+03  +1.8585455988900464490143349394202232360840e+03
-6.3446975650553747527737868949770927429199e+02  +9.4254405082072935329051688313484191894531e+03  +8.8689521119086475664516910910606384277344e+03
+8.0873227051967626266559818759560585021973e+02  -3.9387172583752126229228451848030090332031e+03  -1.8639609183831573773204581812024116516113e+03
+1.0128942226316352162029943428933620452881e+03  +2.0557053709015531239856500178575515747070e+03  -1.2646633758267691973742330446839332580566e+03
+6.2051533839407966297585517168045043945312e+01  -1.9612385221887214470370963681489229202271e+02  +3.4901507532996265403824054374126717448235e+00
+8.9365790047362861514557152986526489257812e+03  -1.2361044415632950403960421681404113769531e+04  +3.9006673673773229893413372337818145751953e+03
+9.7086392036597699188860133290290832519531e+03  -1.9056140040141949612007010728120803833008e+03  +2.3184627011923203099286183714866638183594e+03
-4.0703483507356878590144333429634571075439e+02  +4.0768311360070703130986657924950122833252e+02  -7.9475861677518469150527380406856536865234e+02
-3.4778204826657209196127951145172119140625e+04  +5.1545037339284499466884881258010864257812e+03  +3.3221705278393037588102743029594421386719e+03
-6.9374064774881499033654108643531799316406e+03  +3.1194544608372320908529218286275863647461e+03  -4.5940746111900771211367100477218627929688e+03
+1.6462437458008669182163430377840995788574e+03  +3.8134855194798365118913352489471435546875e+03  +2.2108580612383775587659329175949096679688e+03
+4.3406562668924323133978759869933128356934e+02  +2.8250081713486105172705720178782939910889e+02  +4.3365230206465035678320418810471892356873e+01
+9.3267450849467441003071144223213195800781e+03  -2.0858772253691971855005249381065368652344e+04  -2.7648415214492902123311068862676620483398e+03
+2.8808501440671684576955158263444900512695e+03  -9.1488066073558238713303580880165100097656e+03  +4.9102678351784052210859954357147216796875e+03
-2.2183849072938411239874767488799989223480e+01  +7.9558938901766936169224209152162075042725e+01  +2.5220798448504471167552765109576284885406e+01
+3.1730417130925437959376722574234008789062e+04  -4.5064257008906215560273267328739166259766e+03  +1.5672790201276691732346080243587493896484e+04
+3.9032626053262688219547271728515625000000e+05  +9.2416364974114141659811139106750488281250e+04  +2.3278053829692080034874379634857177734375e+05
-1.3786573121648311825993005186319351196289e+03  +1.0424604977191833313554525375366210937500e+04  -1.2376849885576564702205359935760498046875e+04
-1.3322229053014056262327358126640319824219e+04  +1.1546501463902823161333799362182617187500e+03  +1.7956141692646433511981740593910217285156e+04
-1.6328154586472220444193226285278797149658e+02  -4.8685681753258307935539050959050655364990e+02  +3.0967659958020317390037234872579574584961e+02
+2.5576796773767790371678643168706912547350e-01  -2.5418627341819405529577124980278313159943e+01  -1.0077974292843266823638259666040539741516e+02
+3.4399444040983420563861727714538574218750e+04  +6.4407373509286317130317911505699157714844e+03  -9.0782394670870526169892400503158569335938e+03
+2.6362138521847064112080261111259460449219e+04  -5.3025493633034584490815177559852600097656e+03  +7.8801790915545243478845804929733276367188e+03
+1.5599338602089172127307392656803131103516e+04  +2.4597833458427903678966686129570007324219e+03  +1.2517318743681893465691246092319488525391e+04
+3.2954536662318487287848256528377532958984e+03  +1.5066286901877236232394352555274963378906e+04  -8.7729966799632347829174250364303588867188e+03
-1.5895710105614577969390666112303733825684e+03  +5.4976862226404919056221842765808105468750e+03  +2.9148339045818414888344705104827880859375e+04
+2.3111916037051611056085675954818725585938e+04  +9.6243877090858622977975755929946899414062e+03  -5.3348043305271485223784111440181732177734e+03
+1.6440672695962330180918797850608825683594e+03  -1.4722581227891671460383804515004158020020e+03  +4.7305811070021145496866665780544281005859e+03
-3.9785378679038531117839738726615905761719e+03  -2.5114157138435697561362758278846740722656e+04  -1.5308764828145005594706162810325622558594e+04
+9.5501987998236279509001178666949272155762e+02  -7.1035596334876515811629360541701316833496e+02  -4.9372491184012451412854716181755065917969e+03
+1.7337224286343833227874711155891418457031e+04  -9.2219981413124933169456198811531066894531e+03  -1.7785970525106469722231850028038024902344e+04
+1.3571544907965679885819554328918457031250e+05  +2.3690264128189659095369279384613037109375e+05  -1.8145298454144000425003468990325927734375e+05
+6.6333381960472831906372448429465293884277e+02  +5.7956545156470383517444133758544921875000e+02  +2.3183351289241198855961556546390056610107e+02
+3.0191194181492807757649643463082611560822e+01  -2.5424044838230457798999850638210773468018e+02  -1.1972745299565788457130111055448651313782e+02
-1.4616551697204213269287720322608947753906e+04  -1.7691580681346968049183487892150878906250e+04  +1.0526696807519057983881793916225433349609e+04
+7.7717972453794864122755825519561767578125e+03  +2.2184066445536020182771608233451843261719e+04  -4.3258573072080544079653918743133544921875e+03
+3.3884695387994675002119038254022598266602e+03  -4.6931630571313689870294183492660522460938e+03  +6.4327110200221968625555746257305145263672e+03
-2.7417029557273285718110855668783187866211e+03  -9.4243515550736981367663247510790824890137e+02  -2.0077172240359846000501420348882675170898e+03
+4.4502820319224720151396468281745910644531e+03  -8.6540366655033467395696789026260375976562e+03  +2.8304629863130953708605375140905380249023e+03
-9.0836152613830199697986245155334472656250e+03  -4.0865018004699531957157887518405914306641e+03  +1.0923024019623408094048500061035156250000e+04
+1.2544031955111111528822220861911773681641e+04  +1.9286894103831396932946518063545227050781e+04  +8.6184841360822574642952531576156616210938e+03
-5.8092800852746018790639936923980712890625e+04  +8.0249900601385728805325925350189208984375e+04  -1.1151701033152498712297528982162475585938e+05
+8.7569144943665367009089095517992973327637e+02  +8.0754340154889632685808464884757995605469e+02  +1.2132545794390332503098761662840843200684e+03
-1.3705774240678620117250829935073852539062e+03  +2.4390913402212774485633417498320341110229e+01  +3.4578177231519844099238980561494827270508e+03
+1.3801903466388600350001070182770490646362e+02  -8.4173074873350174129882361739873886108398e+01  +4.0738293245348927484883461147546768188477e+02
-4.3089877251410109693097183480858802795410e+02  +2.3459443505515388096682727336883544921875e+04  +1.2913797803604520595399662852287292480469e+04
+7.5494011858112162371980957686901092529297e+03  +7.6625273110925729724840493872761726379395e+02  +2.9445775431078222936776001006364822387695e+03
-8.1441667083589236426632851362228393554688e+03  -7.4746192057656662655062973499298095703125e+03  -8.0615905304967018309980630874633789062500e+03
-1.4683329796548130161681910976767539978027e+03  -1.0853335654563677962869405746459960937500e+04  -2.7690800515314663243771065026521682739258e+03
-3.6065812239628789939160924404859542846680e+03  +2.0803073854527092407806776463985443115234e+03  -2.4844398446244931619730778038501739501953e+03
+2.0566134295380819821730256080627441406250e+04  +1.0293676574433145560760749503970146179199e+03  +1.5675656493481401412282139062881469726562e+04
+1.2964102620306210155831649899482727050781e+04  -5.0925788163752567925257608294486999511719e+03  -1.2134410452188762974401470273733139038086e+03
-1.3647800786564373538567451760172843933105e+03  -7.0654062122960560373030602931976318359375e+04  +4.9283561688506168138701468706130981445312e+04
-2.0746785110913546645861060824245214462280e+02  -3.0062762972991737342454143799841403961182e+02  -3.8745076556719538984907558187842369079590e+02
+5.2725829880060246068751439452171325683594e+02  +4.2165115655385161517187952995300292968750e+03  -2.0372558068760799869778566062450408935547e+03
+2.2282649126746077854477334767580032348633e+03  +7.9821280943372505589650245383381843566895e+02  +2.6360775811711246205959469079971313476562e+03
+3.2310744885407824767753481864929199218750e+04  +2.8446740560384292621165513992309570312500e+04  +3.6063466611628733517136424779891967773438e+04
+6.4761933282552206492255209013819694519043e+02  +1.6248866002461494417730136774480342864990e+02  +1.0785964438326789149869000539183616638184e+03
+2.7189134780429986903982353396713733673096e+02  +1.1859714362311983677500393241643905639648e+03  -8.3727240358320830182492500171065330505371e+02
+7.4205749277995153079245937988162040710449e+02  -3.9669133406856320789302117191255092620850e+02  -9.3795276210211443412845255807042121887207e+02
+1.9626903881625115900533273816108703613281e+04  +1.3940538466968237116816453635692596435547e+04  -8.3915717484586451746508828364312648773193e+01
-7.0461023787779106442030752077698707580566e+02  +2.2475177512792441120836883783340454101562e+04  -2.9400457919592830876354128122329711914062e+04
+5.0873904439413054205942898988723754882812e+03  -4.1485815613486365691642276942729949951172e+03  +6.7374120295058646661345846951007843017578e+03
-1.0726429004888566396402893587946891784668e+03  +3.1171518086691230564611032605171203613281e+02  -2.7945893762135860924900043755769729614258e+03
-2.2016428761514266625454183667898178100586e+03  -3.1864958596813244184886571019887924194336e+02  +1.7760206482045778102474287152290344238281e+03
+1.9744923168499251460161758586764335632324e+03  -3.2793804724853775951487477868795394897461e+03  +9.0666371006472418230259791016578674316406e+03
-2.5726776950380717607913538813591003417969e+04  +4.3522221511976451438385993242263793945312e+04  +5.6021416937385511118918657302856445312500e+03
-5.7768613458647232619114220142364501953125e+03  +9.5741529448979763401439413428306579589844e+03  -1.6378004611552998994739027693867683410645e+03
-7.8371452335049380053533241152763366699219e+03  +1.0755649975203035864979028701782226562500e+04  -5.2088915215840397650026716291904449462891e+03
-3.3689015566329385364952031522989273071289e+03  -3.2984607421489701664540916681289672851562e+04  -1.4715755246124528639484196901321411132812e+04
+3.4820551504309969459427520632743835449219e+03  +7.2733572759648304781876504421234130859375e+03  +4.7822062792171600449364632368087768554688e+03
-8.0012889484060235645301872864365577697754e+02  -1.5797515952893711528304265812039375305176e+03  +1.6997616432017164811441034544259309768677e+02
+1.5042260188570921286554948892444372177124e+02  -5.4298607065126443558256141841411590576172e+03  -8.1325018911018232756759971380233764648438e+03
-2.7388223845101830278281340724788606166840e+01  -1.9957691939052121909980996861122548580170e+01  -1.3760908366518460610450347303412854671478e+01
-6.3051044524913158966228365898132324218750e+03  +2.7480505664187762704386841505765914916992e+03  +8.3399421822964432067237794399261474609375e+03
+1.9047766372779860830632969737052917480469e+03  +2.7550655056207215238828212022781372070312e+03  -2.7193522047496403502009343355894088745117e+03
-2.8140903939160558365983888506889343261719e+04  -1.2721096502619922830490395426750183105469e+04  -9.3011683645870856707915663719177246093750e+04
+6.9788577879301033135561738163232803344727e+02  +3.2084674297108458631555549800395965576172e+03  +1.9477180645477392317843623459339141845703e+03
+4.2125192315969597984803840517997741699219e+03  +4.8012313583746899894322268664836883544922e+03  -3.7869265518272454755788203328847885131836e+03
-7.7133097916053457083762623369693756103516e+03  -3.1312995422083631638088263571262359619141e+03  -1.4214549062451162626530276611447334289551e+03
+9.5295524345152425667038187384605407714844e+03  +8.6325329650452094938373193144798278808594e+03  +8.9663105358914599491981789469718933105469e+03
+3.1521384772825193067546933889389038085938e+04  +3.7374173214300069957971572875976562500000e+04  +2.5482220387870988815848249942064285278320e+03
+2.3615865374883567710639908909797668457031e+04  +3.3255741491175846022088080644607543945312e+04  +1.9797740887943196867126971483230590820312e+04
-6.1224142160620453068986535072326660156250e+04  -4.3521167002134017820935696363449096679688e+04  -2.9942902692706269590416923165321350097656e+04
-6.9815924983950690148049034178256988525391e+03  +7.6548711831415346296125790104269981384277e+01  +6.5436454979303262007306329905986785888672e+03
+1.1356627951067282992880791425704956054688e+04  +9.9775624171630497585283592343330383300781e+03  -2.4782251336862689640838652849197387695312e+04
-6.3918042751887496706331148743629455566406e+03  +3.8267344036185895674861967563629150390625e+03  +1.2870469838839311705669388175010681152344e+04
-1.1404172465035055211046710610389709472656e+04  -2.9539975765803123977093491703271865844727e+03  +8.4042032290162285335100023075938224792480e+02
+6.4763323470984987579868175089359283447266e+03  +9.0849850465407453157240524888038635253906e+03  +3.2039225279582603889139136299490928649902e+02
-1.5275521804079384310171008110046386718750e+05  +6.6920360880986452684737741947174072265625e+04  +5.2915366371021209488390013575553894042969e+03
-4.1398550225026756379520520567893981933594e+03  +5.7415035728152333831530995666980743408203e+03  +3.5073311803513979612034745514392852783203e+02
-6.8961697702678211499005556106567382812500e+03  -1.7238766453094551252434030175209045410156e+04  -1.8840380987619760162488091737031936645508e+03
-1.5672725773777125723995595762971788644791e+01  -1.4345225804633324528936100250575691461563e+01  +1.3346831587874786961833706300240010023117e+01
+3.4077456572531693382188677787780761718750e+04  -1.7213678392823530884925276041030883789062e+04  +9.9576877881036816688720136880874633789062e+03
-9.5667815243269512848200974985957145690918e+02  +1.3678585564877139404416084289550781250000e+03  +2.6079275636990405473625287413597106933594e+02
-1.2164248995572490457561798393726348876953e+04  -1.7501711099261221534106880426406860351562e+04  -2.3840664678315642959205433726310729980469e+04
-1.6912940571551147149875760078430175781250e+05  -1.4669349775270823738537728786468505859375e+05  -8.3435314547566857072524726390838623046875e+04
-1.2867918033279531755397329106926918029785e+03  +1.6037982714790430236462270841002464294434e+03  -5.1774701056697790590988006442785263061523e+02
+1.2286468934630245257721981033682823181152e+03  +3.9294142745117852655312162823975086212158e+02  -3.6059096095246616187068866565823554992676e+02
-8.7027077977859139679139843792654573917389e+00  +1.2139370541771407729925158491823822259903e+01  -2.9942051291300684212615124124567955732346e+00
+1.1155418741848829085938632488250732421875e+05  -1.7164123305238626198843121528625488281250e+05  +5.8697119324324576155049726366996765136719e+03
+8.0759373408712144737364724278450012207031e+02  +1.3349656872079995082458481192588806152344e+03  +8.9926721288106898555270163342356681823730e+02
+3.0450966941941396726178936660289764404297e+03  -9.1829694593888223153044236823916435241699e+02  -4.6073826910101643079542554914951324462891e+03
-5.4712143358679304583347402513027191162109e+02  -2.3218691985976265641511417925357818603516e+03  +4.6885420708332060257816920056939125061035e+02
+1.1246613826156117283971980214118957519531e+03  +7.4697684889672473218524828553199768066406e+03  -3.3740778183599400108505506068468093872070e+03
+2.6697429688941115273337345570325851440430e+03  -7.8682544825765571658848784863948822021484e+03  +3.1710078908036311986506916582584381103516e+03
-3.6596307326632981130387634038925170898438e+04  -3.1663925522408622782677412033081054687500e+04  +1.7879314408178011944983154535293579101562e+04
-1.8106630469945748984628153266385197639465e+01  -1.4132291233458598611605339101515710353851e+01  -2.2591336866110500736226640583481639623642e+00
-3.0699562846973258274374529719352722167969e+03  -1.3047031220922799548134207725524902343750e+03  +1.1814476088478788824431831017136573791504e+03
+1.8455912254814262496438459493219852447510e+02  -9.2573197050489241632931225467473268508911e+01  -1.8033666159635004078154452145099639892578e+02
+1.9847213264689681818708777427673339843750e+05  +1.8767279647416705847717821598052978515625e+05  +9.2972588239829885424114763736724853515625e+04
-2.5394363213010710751404985785484313964844e+04  +3.0239308173278204776579514145851135253906e+04  +1.0235623647998834712780080735683441162109e+04
+1.6680968595891597942681983113288879394531e+04  +1.0383520553982678393367677927017211914062e+04  -1.0912079931961623515235260128974914550781e+04
+4.7992012692692821929085766896605491638184e+02  +4.5914223614069726409070426598191261291504e+01  -1.4456327563613419897592393681406974792480e+03
+1.2753178803760965465130539087112993001938e+01  -2.5791335202761349165712090325541794300079e+01  +4.5849966310667209512530462234281003475189e+00
+3.3754037470763350938796065747737884521484e+03  -1.6462339058585585007676854729652404785156e+04  +5.4380322014825023870798759162425994873047e+03
+4.0423887178586926438583759590983390808105e+02  +1.3881661464519356741220690310001373291016e+03  +1.4881274301363553149712970480322837829590e+03
+1.1019085786859534437098773196339607238770e+03  -3.1933768661258102383726509287953376770020e+02  -3.8023031144271571974968537688255310058594e+03
-8.7960677788405337196309119462966918945312e+02  +2.3576423889789034546993207186460494995117e+03  -4.1181147079678179778738922323100268840790e+00
-8.6317697177592301159165799617767333984375e+04  -6.2958324327335947600658982992172241210938e+04  +2.0892008026432467886479571461677551269531e+04
-1.4935988801514954502636101096868515014648e+03  -3.1763368194988474897400010377168655395508e+03  +2.4000093185848027133033610880374908447266e+03
+1.8273070214454219239996746182441711425781e+04  -2.3975712167958034115144982933998107910156e+04  -1.7731615461756373406387865543365478515625e+04
-1.7198342091529964363871840760111808776855e+03  -9.5056959792854320312471827492117881774902e+02  -1.1692333026191240605839993804693222045898e+03
-1.1301429705972593637852696701884269714355e+03  -5.9683405451483340584672987461090087890625e+03  +8.1766357446272677407250739634037017822266e+03
+1.9668852645327376649220241233706474304199e+03  -1.7122949104424280903913313522934913635254e+03  -1.7949653004524434436461888253688812255859e+03
-1.4683152994719697744585573673248291015625e+05  +5.0063796711477712960913777351379394531250e+04  +6.7976055962390138301998376846313476562500e+05
-1.0912731760688751819543540477752685546875e+05  -1.1248935439662894350476562976837158203125e+05  +3.4928520283742409446858800947666168212891e+03
-2.0578505711063833587104454636573791503906e+04  -3.9046667891648969089146703481674194335938e+04  -1.6839150060808071430074051022529602050781e+04
+9.7500214548354706494137644767761230468750e+03  +4.1172588909157911984948441386222839355469e+03  -1.6053131251254626477020792663097381591797e+03
-1.2289708471295447452575899660587310791016e+04  +3.7928047131284256465733051300048828125000e+03  -9.8070326023577945306897163391113281250000e+03
-1.6050932088580018444190500304102897644043e+03  -1.1508956534596009078086353838443756103516e+03  -3.3276638892804317038098815828561782836914e+02
+5.1647787244729508529417216777801513671875e+04  -2.1140870386091496584413107484579086303711e+03  -1.3621127188958675105823203921318054199219e+04
+5.0390508984931893792236223816871643066406e+03  +1.7975822076497372563608223572373390197754e+03  +2.0213878779094216042722109705209732055664e+03
-7.2966903011548504309757845476269721984863e+02  -1.6789366388920927420258522033691406250000e+04  +3.3197896261815449179266579449176788330078e+03
-2.5837216026183373287494760006666183471680e+03  -3.7858466599532185625776037340983748435974e+01  +6.9678838952204694123793160542845726013184e+02
-2.3465649929465757850266527384519577026367e+03  -2.5109264309647001027769874781370162963867e+03  +2.4385462844473349264262651558965444564819e+02
+6.2057372466452425214811228215694427490234e+03  -1.7159194053412647917866706848144531250000e+04  -3.2941950776571125061309430748224258422852e+03
-1.5024368165728076291998149827122688293457e+03  -4.3566061337824739894131198525428771972656e+03  +5.2077910653112967338529415428638458251953e+03
-7.4633818189359144525951705873012542724609e+03  -6.2920963333121535470127128064632415771484e+03  +6.2619466676165593526093289256095886230469e+03
+1.1923081126764444093169004190713167190552e+02  +5.7137701751407903429935686290264129638672e+03  +1.2243055377282249537529423832893371582031e+04
+4.1094329794568257057107985019683837890625e+03  +1.4316607377689961140276864171028137207031e+04  +4.4581711966730681524495594203472137451172e+03
+1.5819470217405325456638820469379425048828e+04  +1.9851718420740278816083446145057678222656e+04  -6.9036957996856290264986455440521240234375e+03
-6.5498396859984522961894981563091278076172e+03  +6.3382721717083802559500327333807945251465e+02  -1.1835739771308681156369857490062713623047e+03
-3.2726632765541580738499760627746582031250e+04  +1.0195415467338065354852005839347839355469e+04  -2.1442283126439058833057060837745666503906e+04
+7.1140280358773748048406559973955154418945e+02  +1.2296909173848553109564818441867828369141e+03  +2.2857767605925801035482436418533325195312e+03
+9.1892453063681489311420591548085212707520e+02  -3.9800992934898295061429962515830993652344e+03  -1.5317607414139392858487553894519805908203e+03
-2.4168618717682958231307566165924072265625e+05  -2.0330501847936061676591634750366210937500e+05  -3.8320471014976332662627100944519042968750e+05
-2.3265797124045693777816268266178667545319e+01  +2.5677817050258204290003050118684768676758e+02  +4.8353787878279354117694310843944549560547e+03
-1.8655619061993170362256933003664016723633e+03  +8.0078924059984490213537355884909629821777e+02  -2.5979094242586811560613568872213363647461e+03
+5.1248382587003106891643255949020385742188e+03  -1.1001043159717928574536927044391632080078e+04  -1.1235943922502203349722549319267272949219e+04
+2.0996147623643228143919259309768676757812e+03  +5.3128138784571337964734993875026702880859e+03  +1.0986373865182281406305264681577682495117e+03
-1.0070746366089465482218656688928604125977e+03  +1.8665662998219373548636212944984436035156e+04  +9.5316322403495064463641028851270675659180e+02
-2.1880675364559670560993254184722900390625e+05  -3.8809171454716171137988567352294921875000e+05  +7.8653191436262836214154958724975585937500e+05
+4.4894049221256373130017891526222229003906e+03  -2.4982694308740565247717313468456268310547e+03  +4.1628039804446725611342117190361022949219e+03
-1.0986876514711918844113824889063835144043e+03  -1.2315525299970372543612029403448104858398e+03  +6.7530261745042425900464877486228942871094e+03
+9.5019993810498988295876188203692436218262e+01  -5.2657850642386438266839832067489624023438e+03  +9.5609777521117230207892134785652160644531e+03
+1.1396224824704731872770935297012329101562e+04  +1.2623115964695473394385771825909614562988e+03  +2.0570871747882632917026057839393615722656e+04
+2.5987475867720399946847464889287948608398e+03  -5.2902795143362855014856904745101928710938e+03  +8.6357264758635701582534238696098327636719e+03
-3.5871186822030163057206664234399795532227e+03  -6.5285208392976596769585739821195602416992e+02  -1.4644386927956838917452841997146606445312e+04
-5.0935002059525022559682838618755340576172e+03  +5.1580299655961498501710593700408935546875e+03  -4.5989508125555694277863949537277221679688e+03
-4.7954596978993123457257752306759357452393e+02  -5.4348562669275236203247914090752601623535e+02  +4.9187260668668028529282310046255588531494e+02
+4.8362103879820369911612942814826965332031e+03  -1.5718118696333397110720397904515266418457e+03  +4.8405955517475767919677309691905975341797e+03
+8.3645117754191471703961724415421485900879e+02  -1.2465435965540494578362995525822043418884e+02  -8.5805033071916102471732301637530326843262e+02
-7.2769713592679738667357014492154121398926e+02  -6.4959919977617141739756334573030471801758e+02  +2.6391465305511042060970794409513473510742e+03
-4.6398090494406227790591401571873575448990e+00  +6.5524671444171829648439597804099321365356e+01  +2.0348014666309435938273963984102010726929e+02
-3.4978735608364659128710627555847167968750e+03  -3.1800017316522676082968246191740036010742e+03  +1.2687460644696168401424074545502662658691e+03
+6.9594925471363467295304872095584869384766e+03  +2.5269889671077844468527473509311676025391e+03  -3.4959440876608027792826760560274124145508e+03
-3.2937430409476014574465807527303695678711e+03  +1.0810105623478625602729152888059616088867e+03  -1.1425095840363549086760031059384346008301e+03
-6.7379675750977946790953865274786949157715e+02  -5.1248400396601973625365644693374633789062e+04  -1.6931498098298914555925875902175903320312e+04
+3.6570649974089660645404364913702011108398e+03  -3.8331905790919613536971155554056167602539e+03  -6.3631734710891487338813021779060363769531e+02
+8.3539975255055887828348204493522644042969e+03  +2.4079008606367256106750573962926864624023e+03  -5.0502495849801143776858225464820861816406e+03
+8.3201581091543539514532312750816345214844e+02  -6.1025446455896178576949751004576683044434e+02  -3.1605343479941261648491490632295608520508e+03
+2.2658995365944733748619910329580307006836e+03  +8.8811846260433976567583158612251281738281e+03  -5.8793974405338876749738119542598724365234e+03
+1.7087617850974715111078694462776184082031e+04  -4.8387698230504793173167854547500610351562e+04  -2.8158608328264936062623746693134307861328e+03
+1.1869380511136280347272986546158790588379e+03  -2.6877825145566013816278427839279174804688e+04  -3.3413378883444289385806769132614135742188e+04
-5.7480091962896167956387216690927743911743e+01  -3.0022634994153955631190910935401916503906e+04  +2.4974517076744514270103536546230316162109e+03
-1.4337406306253453749377513304352760314941e+03  -9.0869098699543137627188116312026977539062e+03  +1.7483375892419808224076405167579650878906e+04
+2.4947893644678310920426156371831893920898e+03  -2.3963813061672362891840748488903045654297e+03  +3.2507905984895464825967792421579360961914e+03
+8.4781203548140140924260776955634355545044e+01  +9.8665934469794706274115014821290969848633e+02  +3.1089302029909089242210029624402523040771e+02
-9.0871739994520089567231480032205581665039e+02  -4.4638330767712210445097298361361026763916e+02  +2.0416611619440764116006903350353240966797e+03
-1.3318357441252685475774342194199562072754e+03  -7.0078725613573305963655002415180206298828e+03  +5.6389657169234133107238449156284332275391e+03
-9.0095253867001680191606283187866210937500e+04  -2.0678987017490633297711610794067382812500e+05  -2.0164184831372287590056657791137695312500e+05
-2.6258725635730902467912528663873672485352e+03  +3.0745278308338392889709211885929107666016e+03  -5.1884289043767430484876967966556549072266e+03
-3.3495548010410551796667277812957763671875e+04  -4.3827045892050213296897709369659423828125e+04  +8.2093416809090427932460443116724491119385e+01
+6.2266699111774005359620787203311920166016e+03  +2.2625281540766587568214163184165954589844e+04  -1.1167679798602684968500398099422454833984e+03
-4.3013307062192848206905182451009750366211e+02  +3.3972987803266084938513813540339469909668e+02  -1.0591775033096979541369364596903324127197e+02
+4.8030196144891770018148235976696014404297e+03  +4.3458664745415120478355675004422664642334e+02  +1.2775828694647343581891618669033050537109e+04
+1.3815753416633684537373483180999755859375e+04  -1.9123537380879902229935396462678909301758e+03  +5.5119179099438160847057588398456573486328e+03
+5.2693595886253815478994511067867279052734e+03  -6.2700638161006836526212282478809356689453e+03  -1.0896775879675783471611794084310531616211e+03
+7.6395380676374643371673300862312316894531e+03  -6.0807291041497792321024462580680847167969e+03  -1.7646804309454726080730324611067771911621e+03
-2.7767632753368707199115306138992309570312e+03  +6.5715471631631662603467702865600585937500e+03  +2.2443537878712381825607735663652420043945e+03
-2.2008312379710983805125579237937927246094e+04  +1.1872307136948595143621787428855895996094e+04  -1.5713868796238302820711396634578704833984e+04
+1.0467341472696771961636841297149658203125e+05  -5.6264328967421424749772995710372924804688e+04  -1.5844582822527535608969628810882568359375e+05
+1.2715960783228567265723540913313627243042e+01  +1.4044558145940825397701701149344444274902e+03  +1.3455364576461672641016775742173194885254e+03
+4.5426445143807018212100956588983535766602e+02  -1.1670242472922682281932793557643890380859e+03  +2.2362590997976267317426390945911407470703e+03
+1.3255430566802402609027922153472900390625e+04  -2.1094671410993587414850480854511260986328e+03  -1.9315591417658888531150296330451965332031e+04
-7.5436492787444331042934209108352661132812e+03  -4.2061982821350984522723592817783355712891e+03  -5.5657484463167184003395959734916687011719e+03
-9.3837797089768503155937651172280311584473e+02  +1.4764626869514556801732396706938743591309e+03  +3.9032190511876278833369724452495574951172e+03
-5.2119388707226207770872861146926879882812e+03  -3.0450937143529245076933875679969787597656e+02  +2.7291930453599743486847728490829467773438e+03
-9.0762465035211265785619616508483886718750e+04  +3.9964758610925629909615963697433471679688e+04  -7.8573354130534688010811805725097656250000e+04
+5.0014048213214982752106152474880218505859e+02  +5.0010350263047376984104630537331104278564e+02  -6.7576977262236675869644386693835258483887e+02
+3.4452157076955743832513689994812011718750e+04  -1.8533961928078158962307497859001159667969e+04  -7.2308833331900395933189429342746734619141e+03
+4.6997121676449678489007055759429931640625e+03  -4.2536692600416827190201729536056518554688e+03  -2.3903907993774278111231978982686996459961e+03
+2.4259902744550690840696915984153747558594e+03  -4.6179464796018220340556581504642963409424e+02  -7.1836512600996275068609975278377532958984e+03
-3.0693522950818212848389521241188049316406e+04  -4.3196606298994898679666221141815185546875e+04  +1.2437319070372057012718869373202323913574e+03
+9.4943094501829473301768302917480468750000e+03  -7.0986514440511255088495090603828430175781e+03  -2.6520894706992439751047641038894653320312e+03
-1.2451509354161400551674887537956237792969e+04  -1.4033152873354695202579023316502571105957e+03  +7.4176479497081345471087843179702758789062e+03
-9.5241737699711928144097328186035156250000e+04  -1.8796327906992801581509411334991455078125e+05  -6.0828516860432529938407242298126220703125e+04
+9.3493868061526211477030301466584205627441e+02  +1.6853961775600683381526323501020669937134e+02  -3.3699784341251432806529919616878032684326e+02
+1.5432654846306459717197867576032876968384e+02  +1.1373104829005319515999872237443923950195e+03  -5.1017605513767801994617911987006664276123e+02
-2.5608629313435699259571265429258346557617e+03  -1.2882182506428662236430682241916656494141e+03  -3.6788600685436458661570213735103607177734e+03
+5.0655084810202633889275602996349334716797e+03  +5.5456715518217133649159222841262817382812e+03  +2.7324512372575313747802283614873886108398e+03
+1.4457535205055482947500422596931457519531e+03  -5.1228601861370598271605558693408966064453e+03  -1.4557343083831772673875093460083007812500e+04
-6.5477703927827724328381009399890899658203e+02  -5.4514034833435573546012165024876594543457e+02  +4.9694244258907656330848112702369689941406e+02
+4.1166469720334844168974086642265319824219e+03  +1.5770436510336723586078733205795288085938e+04  +2.9192565847511559695703908801078796386719e+03
+4.2770163941973265764318057335913181304932e+02  +4.6949175695345346071007952559739351272583e+01  -5.0364925533394483636584482155740261077881e+02
+8.3004531631349777853756677359342575073242e+01  +1.1317333197722641457971803902182728052139e+01  -1.6208651413032818311421578982844948768616e+01
-8.8017019806658402103494154289364814758301e+02  -5.6731247371642950838577235117554664611816e+02  -9.6618423702712630074529442936182022094727e+02
-8.6615765329631051372416550293564796447754e+02  -1.1536469941378811199683696031570434570312e+04  +6.6819972940260231553111225366592407226562e+03
-4.5886352394050281873205676674842834472656e+03  -7.4422831389881309860356850549578666687012e+02  -2.3024244657865160661458503454923629760742e+03
+3.2857159969247099979838822036981582641602e+03  -5.6243949576397153578000143170356750488281e+03  +1.9739893469790122253471054136753082275391e+03
+1.0286785043034724367316812276840209960938e+03  -3.4205345229221998124558012932538986206055e+03  +7.8177395264010328901349566876888275146484e+02
-2.0335643537022167583927512168884277343750e+05  +2.0796540412643295712769031524658203125000e+05  +1.9568703876443573972210288047790527343750e+05
-2.5821784519213974817830603569746017456055e+03  +1.4376278697734957745524297934025526046753e+02  -4.0588912416616540212999098002910614013672e+03
+4.1289247183614788809791207313537597656250e+03  +1.1423939788574873091420158743858337402344e+04  -1.0556907114224632096011191606521606445312e+04
+1.0992152702346202204353176057338714599609e+03  +1.6169843982573252105794381350278854370117e+03  -5.2590235608235980180324986577033996582031e+03
-9.8756240421003603842109441757202148437500e+03  -7.4042832246731768464087508618831634521484e+03  +2.5531055261235123907681554555892944335938e+04
+5.2194559005478567996760830283164978027344e+03  -3.2402724736461145766952540725469589233398e+03  -1.1097717922434248976060189306735992431641e+04
-7.8317966228227717806475993711501359939575e+01  +1.5209263009371250063850311562418937683105e+02  -1.9624235946894398239237489178776741027832e+03
+6.2052232353254839836154133081436157226562e+03  +2.9863097716356583077867981046438217163086e+03  -1.2480006227167001270572654902935028076172e+04
-9.8222181416256785269069951027631759643555e+02  +1.6739334494238355546258389949798583984375e+04  -6.7560063593423838028684258460998535156250e+03
+3.1690681571820488215962541289627552032471e+02  +1.2302188803361682190029569028411060571671e+01  +9.9927218600244407298305304720997810363770e+02
+1.2706996215793239457525487523525953292847e+02  +7.6884467688000542693771421909332275390625e+04  +6.8618446822407815488986670970916748046875e+04
+9.1785075388773784652585163712501525878906e+03  +1.4618027830386631649162154644727706909180e+03  -5.2805402240997842454817146062850952148438e+04
-1.6457839869320788420736789703369140625000e+05  -7.4689264499099401291459798812866210937500e+04  +1.0092974759204234942444600164890289306641e+04
+4.3226972061398919322527945041656494140625e+04  +2.8919735569873220811132341623306274414062e+04  +4.3263334934208796767052263021469116210938e+04
+5.0145449886440070486059994436800479888916e+02  -1.5205757957978123158682137727737426757812e+04  -1.8019864681221642968012019991874694824219e+04
-1.6079936176694538971787551417946815490723e+03  -2.3620962428679372351325582712888717651367e+03  +2.3683131255983653318253345787525177001953e+03
+8.1568031655111562940874136984348297119141e+03  +6.5591693809207822596363257616758346557617e+02  +2.9848871515819482738152146339416503906250e+03
+1.8015425296264572807558579370379447937012e+03  -3.4885026601968202157877385616302490234375e+03  -3.2816187268812223010172601789236068725586e+03
-3.4962063499120340566150844097137451171875e+03  +1.0431037639043124727322719991207122802734e+03  -4.1417913033454715332482010126113891601562e+03
-2.9797239904837692847650032490491867065430e+03  -8.4046043259611451503587886691093444824219e+03  +5.6941914908646067488007247447967529296875e+03
-7.3424315323740829626331105828285217285156e+03  -2.8385611113911869551884592510759830474854e+02  -4.1700633434968312940327450633049011230469e+03
+1.7206416061435077153873862698674201965332e+03  +5.3880794074535406252834945917129516601562e+03  +7.2370536308226928667863830924034118652344e+02
+2.9805420871733540479908697307109832763672e+03  +2.1696702640761068323627114295959472656250e+03  -3.4585079588835169488447718322277069091797e+03
+1.0430572508631148593849502503871917724609e+04  -2.2214128534751689585391432046890258789062e+03  -2.7606549752650339542014990001916885375977e+03
-9.7568792175895578111521899700164794921875e+03  +2.0201021063934371341019868850708007812500e+04  +9.5689196504720803204691037535667419433594e+03
-9.0152049707349863183480920270085334777832e+02  +6.3810046199877785966236842796206474304199e+02  -3.4193216916051878797588869929313659667969e+03
+6.6357988307105479179881513118743896484375e+03  +1.8755334335215378814609721302986145019531e+04  -1.7756885017111151682911440730094909667969e+04
-1.5421053025940930820070207118988037109375e+05  +1.5312499731770079961279407143592834472656e+04  +2.0213070350531130679883062839508056640625e+05
-9.4521787020270548964617773890495300292969e+03  -4.5787296202258876292034983634948730468750e+03  +1.0582874981649325491162016987800598144531e+04
+1.2008031330407377390656620264053344726562e+05  -7.5699544511947824503295123577117919921875e+04  -4.9332829949806164222536608576774597167969e+03
-5.4297667496660633332794532179832458496094e+03  -1.2512909780116475303657352924346923828125e+04  +6.7559141907472248931298963725566864013672e+03
-3.4484851772517220524605363607406616210938e+04  -7.3088568772689359320793300867080688476562e+03  +4.8848182772416032094042748212814331054688e+04
-2.9811633338914953128551132977008819580078e+03  +9.5198757739194604710064595565199851989746e+02  -1.6645730162867472245125100016593933105469e+04
-1.2746144911986801162129268050193786621094e+04  -1.1372590216705494094640016555786132812500e+05  +2.1830714485686135594733059406280517578125e+05
-2.6205844975946606609795708209276199340820e+03  -8.6953138546623995353002101182937622070312e+03  -7.0830370154339425425860099494457244873047e+03
+1.7967548666926700207113754004240036010742e+02  +1.5080775142639558339396899100393056869507e+02  +6.6684563650775123733183136209845542907715e+02
-1.3385683585053009210241725668311119079590e+03  +9.3618869443654948554467409849166870117188e+03  -1.2954826639011814677360234782099723815918e+03
-1.4077598420846723456634208559989929199219e+04  -4.3115169559932473930530250072479248046875e+03  +5.8939408605910457481513731181621551513672e+03
+1.1112486482168480961263412609696388244629e+03  -4.2600219702799913648050278425216674804688e+03  +3.4324857001704658614471554756164550781250e+03
-7.7682266221182517256238497793674468994141e+03  +3.0361630745207483414560556411743164062500e+04  +2.4352529606881867039192002266645431518555e+03
+7.0375837573899643757613375782966613769531e+03  -8.2477192934281774796545505523681640625000e+03  -1.7119973489446856547147035598754882812500e+04
+1.6963858116388964845100417733192443847656e+03  +5.8264022117191925644874572753906250000000e+03  +6.0281474852281064613634953275322914123535e+02
+6.1726294223683389645884744822978973388672e+03  -4.9340161328393813164439052343368530273438e+04  -1.1342640529807707935106009244918823242188e+04
-1.5648253704973164985858602449297904968262e+03  -6.4592728987373050131282070651650428771973e+02  -1.0174622497727043082704767584800720214844e+04
-1.5264212383332076569786295294761657714844e+04  -2.4401974258514150278642773628234863281250e+04  -8.5242700723413781815906986594200134277344e+03
+3.7640033267414960391761269420385360717773e+03  -3.6434221396760731295216828584671020507812e+03  +2.2094850323649175152240786701440811157227e+03
+1.1562897099218704170198179781436920166016e+04  -1.8461398292014382604975253343582153320312e+04  -8.9513501003814017167314887046813964843750e+03
+4.2489649486950797907525156915653496980667e+00  -2.8744957404911357201626742607913911342621e+01  +4.2934083854554119241697662801016122102737e+00
+2.5052370080517894734839501325041055679321e+02  +3.4410029833316019676203723065555095672607e+02  +1.7500270634640349953770055435597896575928e+02
-1.6207182901152173144510015845298767089844e+03  -5.8578096523676531433011405169963836669922e+03  -4.7275965500852207696880213916301727294922e+03
-1.4849098054697121824574423953890800476074e+03  +8.9134186254778524016728624701499938964844e+02  +2.8299308357148888717347290366888046264648e+03
+1.9248033709972885844763368368148803710938e+04  +1.2289155736080656424746848642826080322266e+04  +9.1744379074796634085942059755325317382812e+03
+9.6652902446392511137673864141106605529785e+02  -3.1126883700540097379416693001985549926758e+03  +1.4645163599186334977275691926479339599609e+03
+1.8493671640122622648050310090184211730957e+03  -7.7068536616917231185652781277894973754883e+02  -4.1159078910672233178047463297843933105469e+03
-6.8284304731147740312735550105571746826172e+03  -1.0768964092671390972100198268890380859375e+04  +3.9460685892081521160434931516647338867188e+04
+6.4228692045452908132574521005153656005859e+02  +3.1152181915083374406094662845134735107422e+03  +5.5098325754952002242248454422224313020706e+00
+3.9662288138353622343856841325759887695312e+04  +1.9907455821975199796725064516067504882812e+04  +1.6247347876783071569661842659115791320801e+03
-9.0139147816563599917571991682052612304688e+03  +1.5165947067958486513816751539707183837891e+04  -4.6587289519472651591058820486068725585938e+03
-6.2250556339399081480223685503005981445312e+03  +4.1306429077312779554631561040878295898438e+04  -6.2948318316938812131411395967006683349609e+03
-1.2445999056747289159829961135983467102051e+03  +3.7102741980236514791613444685935974121094e+03  -1.6921626613719326996942982077598571777344e+03
+1.4417156820383879676228389143943786621094e+03  -5.3774126421984101398265920579433441162109e+03  -2.7705611308808079229493159800767898559570e+03
+2.6908821325242740840621991083025932312012e+02  +1.7822771057224875335123215336352586746216e+02  -2.4879543128905702076281158952042460441589e+01
-6.2450591830563917028484866023063659667969e+03  -1.5569693152123229538119630888104438781738e+03  -7.7212119126904044605907984077930450439453e+03
+3.5755423178282626395230181515216827392578e+03  -1.4038850398870429216913180425763130187988e+03  +4.6581911911170675466564716771245002746582e+02
-7.4503415486666208380484022200107574462891e+03  +6.4456560998096756520681083202362060546875e+02  +1.1341147448136505317961564287543296813965e+03
+1.2845597249747083878901321440935134887695e+03  +3.9039380450004969134170096367597579956055e+03  +1.7201257989209357219806406646966934204102e+03
-2.1451556881753884198360537993721663951874e+01  -5.4022642880143233924172818660736083984375e+04  +3.8776760108007205417379736900329589843750e+04
+1.6930976212771079190133605152368545532227e+03  -4.0751464201528106059413403272628784179688e+03  -8.9617298900025355123943882063031196594238e+02
-1.4373746941467234137235209345817565917969e+04  +6.6190457635932543780654668807983398437500e+03  +2.0564424255863297730684280395507812500000e+04
-3.4718215057339380109624471515417098999023e+03  +1.5334015998111894418798328842967748641968e+01  +8.3796322061010359902866184711456298828125e+03
+1.3056514294418548161047510802745819091797e+02  -5.9042046663775390697992406785488128662109e+03  +1.3356780793814403295982629060745239257812e+04
-2.1343359823521499492926523089408874511719e+04  -9.3452220053844448557356372475624084472656e+03  +1.5669777985944248939631506800651550292969e+04
-1.0046719640738649104605428874492645263672e+04  +9.1458186836146069254027679562568664550781e+03  +2.9118362912659431458450853824615478515625e+04
+9.9078682822116843453841283917427062988281e+03  -1.1098365031645731505705043673515319824219e+04  -2.1639575033350567537127062678337097167969e+04
-1.4824152024505157896783202886581420898438e+04  +7.8385897122035867141676135361194610595703e+03  -1.9454149665049999384791590273380279541016e+03
+2.3814937229443348769564181566238403320312e+03  -8.7531122692888254732679342851042747497559e+02  -9.0829955599372976848826510831713676452637e+02
-1.1170631841066695415065623819828033447266e+04  -6.4278945229639225544815417379140853881836e+02  -5.1937209797270816125092096626758575439453e+03
+8.4736053166209603659808635711669921875000e+03  -3.6918314915008199932344723492860794067383e+03  -8.9635786949371704395161941647529602050781e+03
+1.7403198112005117582157254219055175781250e+05  +8.9900041105318989139050245285034179687500e+04  +2.6086514599113128497265279293060302734375e+04
+4.2653189948962199196103028953075408935547e+03  +7.0415289190231014799792319536209106445312e+03  -2.8459639487057170299522113054990768432617e+03
+1.3827322540244167612399905920028686523438e+03  -6.7190969572058193080010823905467987060547e+03  -1.9993606008721201305888826027512550354004e+03
+5.2239620756130907466285862028598785400391e+03  +5.9788914488444930839250446297228336334229e+01  -1.1986828665385941349086351692676544189453e+04
-1.5333056356964028964284807443618774414062e+04  -2.6987286258888248084986116737127304077148e+03  -4.5027089528304226405452936887741088867188e+04
-6.9534187960300241684308275580406188964844e+03  +9.4531628083308933128137141466140747070312e+03  +1.4392065154504560632631182670593261718750e+05
+7.4434598645340865914477035403251647949219e+03  -6.5094953704899876356648746877908706665039e+02  +3.3248825995845727447886019945144653320312e+03
-8.1242544484846007435407955199480056762695e+02  +3.5627577560045810969313606619834899902344e+03  -7.0224990661634783464251086115837097167969e+03
+2.9047094792856464664509985595941543579102e+03  -5.0823154104279428793233819305896759033203e+03  -2.9998242946547352403285913169384002685547e+03
+7.8087483035765035310760140419006347656250e+02  -4.7705842250521509413374587893486022949219e+03  -2.9512254186061777545546647161245346069336e+03
-1.1592585628708022795763099566102027893066e+03  +2.4318251053551475706626661121845245361328e+03  +4.9791773151973739004461094737052917480469e+03
+3.5732570349403317777614574879407882690430e+02  +5.9420281453696998141822405159473419189453e+02  +7.1867520307071504248597193509340286254883e+02
+1.1412164858214413470705039799213409423828e+04  +1.7474448800352574835414998233318328857422e+03  -3.6011284841679234887124039232730865478516e+03
+9.5506555770271024812245741486549377441406e+03  +4.9950930468513379310024902224540710449219e+03  -5.4892305799771565943956375122070312500000e+02
-6.3544544635852671490283682942390441894531e+03  -2.3913271954380388706340454518795013427734e+03  +8.5788270937538782163755968213081359863281e+03
-3.7398097096694975334685295820236206054688e+04  -4.3483549775764149671886116266250610351562e+04  -3.0545232755220811668550595641136169433594e+04
+2.4723475076594007987296208739280700683594e+04  +1.1553962625926815235288813710212707519531e+03  -2.9737768072797548484231811016798019409180e+03
-2.9734274416083002279265201650559902191162e+02  +3.0121043153840417971878196112811565399170e+02  +2.2323172158106071947258897125720977783203e+03
-6.1476523038981540594249963760375976562500e+03  +2.8301838324266705058107618242502212524414e+03  -1.6380307709360777153051458299160003662109e+04
-6.5231158518004604047746397554874420166016e+03  +2.1968336286535250110318884253501892089844e+03  +3.0177625192889827303588390350341796875000e+03
-2.4511413353070643097453285008668899536133e+03  +4.8731777692768901033559814095497131347656e+03  -3.0452162071919719892321154475212097167969e+03
-6.6802039534360128527623601257801055908203e+03  -1.2373238668091165891382843255996704101562e+04  -1.0974994842733349287300370633602142333984e+04
-1.3375393154374865844147279858589172363281e+04  +7.8818010723702843733917688950896263122559e+02  -7.7923074575793407348101027309894561767578e+02
-6.1627604087389181586331687867641448974609e+02  -4.5178585551257192491902969777584075927734e+03  +4.5349129455878346561803482472896575927734e+03
+1.8672995921745084046960982959717512130737e+02  -6.4009866564269896116456948220729827880859e+02  -8.2023373998648173710535047575831413269043e+02
+2.9184910176941923509730258956551551818848e+02  +5.5482405291979075627750717103481292724609e+03  -4.7877755928856104219448752701282501220703e+03
+3.7765057969139790294832437211880460381508e+00  +1.6731034014090241157646232750266790390015e+02  -3.8005808517971132687307544983923435211182e+01
+2.9535012588067637295807799091562628746033e+01  +9.0344451342174880714708251616684719920158e-01  -9.0748266595353072716534370556473731994629e+01
-2.5696368806441278138663619756698608398438e+03  -5.1698019999618627480231225490570068359375e+03  +3.7606012688269938735174946486949920654297e+03
+6.5462476599476431147195398807525634765625e+03  -2.0370286080596140436682617291808128356934e+03  -7.6588377085865377011941745877265930175781e+03
+4.4522201154431149916490539908409118652344e+03  +7.1132880057082530811385367996990680694580e+01  -6.0631733269826972900773398578166961669922e+03
+9.0183547369385723868617787957191467285156e+03  -2.8950234970006795265362598001956939697266e+03  -2.2790429103485595987876877188682556152344e+04
-6.8922883463835773909522686153650283813477e+01  +7.1512103287819599017893779091536998748779e+01  -1.9803946564555051423894838080741465091705e+01
+1.3398019743817110338568454608321189880371e+03  +4.8749464843266978277824819087982177734375e+03  -3.2608063870170967675221618264913558959961e+03
+5.7286286205832684572669677436351776123047e+03  -2.9653774294797813126933760941028594970703e+03  +1.9223019582130191338364966213703155517578e+03
+1.8747823923869069403735920786857604980469e+04  -5.4230315547401560252183116972446441650391e+03  -2.5993521038513654275448061525821685791016e+02
+1.5437705104854336241260170936584472656250e+05  -3.4789824630005081417039036750793457031250e+05  -7.0982852307735796784982085227966308593750e+04
-1.8876243609777167876018211245536804199219e+04  +6.1034169102354608185123652219772338867188e+04  +6.5030864830336577142588794231414794921875e+04
+4.5039067586827195555088110268115997314453e+02  +1.0390001105413296045298920944333076477051e+03  +1.7391030085002630585222505033016204833984e+03
+1.0389645999124817535630427300930023193359e+04  -8.0920141384983016905607655644416809082031e+03  +1.0453522759235132980393245816230773925781e+04
+6.7597237892148143600934417918324470520020e+02  -4.9819178863036904658656567335128784179688e+03  +3.9297818892059858626453205943107604980469e+03
+1.9261488974170541041530668735504150390625e+04  -2.1649837090813936811173334717750549316406e+04  -1.5790009305118617703556083142757415771484e+04
+1.0849065726421475119423121213912963867188e+05  +1.7898472926537151215597987174987792968750e+05  +2.0922296112911961972713470458984375000000e+05
-1.2926527154520577322927010754938237369061e+00  -5.4819622551275028854433912783861160278320e+02  -6.5181155306532809845521114766597747802734e+03
-8.7169673197846295806812122464179992675781e+03  -2.3076887204208883304090704768896102905273e+03  +9.6331930010406722431071102619171142578125e+03
-1.8924362728252086526481434702873229980469e+04  -1.7278517978110128751723095774650573730469e+04  +1.9491083838837771509133744984865188598633e+03
-1.4798655977927788626402616500854492187500e+04  +1.7007655003866839251713827252388000488281e+04  +2.0273603291542229271726682782173156738281e+04
-3.8245844505582526835496537387371063232422e+03  -2.6229058562089185215882025659084320068359e+03  -5.6316308144027618709515081718564033508301e+02
-4.2252196638454165622533764690160751342773e+02  +2.2760058521899827610468491911888122558594e+02  +1.5462800551107042679177538957446813583374e+02
+1.3622036429919322472414933145046234130859e+04  -2.3177443173066385497804731130599975585938e+03  +1.0065714727171320191700942814350128173828e+04
+9.7688215905985671270173043012619018554688e+03  -1.2384541108329951839550631120800971984863e+03  +1.4221548994224502166616730391979217529297e+04
+2.9305173066787324387405533343553543090820e+02  -2.0421276336203519008449802640825510025024e+02  -3.6364882070267282188069657422602176666260e+02
-3.1183129978797656804090365767478942871094e+04  +1.9757510888319528021384030580520629882812e+04  +2.4156880291975849104346707463264465332031e+04
-1.3976496682416664043557830154895782470703e+03  +8.4364075353565830539537273580208420753479e+00  +2.3516459825135907522053457796573638916016e+03
+1.8478597371075251430738717317581176757812e+04  -1.8504540354046763241058215498924255371094e+04  -1.4860128057767045902437530457973480224609e+04
+1.0612827851045916759176179766654968261719e+04  -4.7207875443884026026353240013122558593750e+04  +1.6406010538471095060231164097785949707031e+04
+9.6524551627703476697206497192382812500000e+04  -3.5989288810423616087064146995544433593750e+05  -3.4309396063078712904825806617736816406250e+05
+2.1128919399179038009606301784515380859375e+04  -6.5113903232416123501025140285491943359375e+04  -7.1162392191322782309725880622863769531250e+04
-1.9024302637217806477565318346023559570312e+02  -4.9242489382738216363577521406114101409912e+02  -1.4804177159967636612236674409359693527222e+02
+1.9193228343216521807335084304213523864746e+03  -8.0171888117328921907756011933088302612305e+02  -5.6879604239897862498764880001544952392578e+03
+1.5439919068541385058779269456863403320312e+03  -5.6652869406269137471099384129047393798828e+03  +2.0800268868935249884088989347219467163086e+03
+1.1355272683019161377160344272851943969727e+03  -3.5329354587194616215128917247056961059570e+03  +1.9950817099648975272430106997489929199219e+04
+1.5318806784854195939260534942150115966797e+04  +4.0894997979019908598274923861026763916016e+03  +2.6190212850541131047066301107406616210938e+04
-4.6932089935655976660200394690036773681641e+03  +1.0099516662458958307979628443717956542969e+04  +9.0363693722937168786302208900451660156250e+03
+8.4618667509130445978371426463127136230469e+03  -5.0607325197778754954924806952476501464844e+03  +9.3721269718661540082393912598490715026855e+02
+2.0046651553798265013028867542743682861328e+03  +1.3068669599024490253214025869965553283691e+03  +2.2496616820246558745566289871931076049805e+03
+4.4900464165126948500983417034149169921875e+04  +4.4312404786080551275517791509628295898438e+03  -2.8391824998569161834893748164176940917969e+04
-1.1829068548307721357559785246849060058594e+04  -3.6080430833227892435388639569282531738281e+03  +1.2823715297451965398067841306328773498535e+03
+2.1330010779742089653154835104942321777344e+04  -1.1929148430743694916600361466407775878906e+04  +1.0614686663858234169310890138149261474609e+04
-9.0535174026784011402924079447984695434570e+02  +7.7452253484360626316629350185394287109375e+03  +9.3881610557767671707551926374435424804688e+03
+1.0193936187382571745274617569521069526672e+02  -6.0704467101898126202286221086978912353516e+03  -3.5497286149216761259594932198524475097656e+03
+1.1524643657925818843068554997444152832031e+04  -7.7631871546818783826893195509910583496094e+03  -6.5716308539002557154162786900997161865234e+02
+3.9950681614874076331034302711486816406250e+04  +1.3680926350280204133014194667339324951172e+04  +2.3018600409844184468965977430343627929688e+04
-2.2349864931835713832697365432977676391602e+03  +5.2761488325414375140098854899406433105469e+03  +1.9018784524722409514652099460363388061523e+03
-4.5150801491756546965916641056537628173828e+03  -6.5297884512610417004907503724098205566406e+03  -8.1102206750579598519834689795970916748047e+03
-5.1018462471975180960725992918014526367188e+03  -1.1916330705627218776498921215534210205078e+04  +1.9507603440982427855487912893295288085938e+04
-2.4990137211030605612904764711856842041016e+03  -6.4564368300071719204424880445003509521484e+03  -3.6024608119873751093109603971242904663086e+03
+7.0244157624579920593532733619213104248047e+03  -9.0476782602287039480870589613914489746094e+03  -6.9210969490579200282809324562549591064453e+03
+2.0012109782751447255577659234404563903809e+03  +4.2666762488349093018769053742289543151855e+02  -4.3008786830324552283855155110359191894531e+03
-9.2081544243590378755470737814903259277344e+03  +1.7566172145327149337390437722206115722656e+04  -3.3325371928801455396751407533884048461914e+03
+2.8553609537362244736868888139724731445312e+03  +2.5804929424784472757892217487096786499023e+03  -3.7613811611313008143042679876089096069336e+03
-6.2155233051769791075003013247624039649963e+01  -3.3926447055538795893880887888371944427490e+02  +6.5488748499737107522378209978342056274414e+02
+6.6394393570176198409171774983406066894531e+03  -8.9088557084366857452550902962684631347656e+03  -3.1690738200980995316058397293090820312500e+03
-5.1277582976043653616216033697128295898438e+04  +1.5563262585683533689007163047790527343750e+05  +5.3664788568504322029184550046920776367188e+04
-1.4487399494769641705715912394225597381592e+02  -3.4065882226202948004356585443019866943359e+03  -3.6840830506829402111179661005735397338867e+03
+1.3219916180345899192616343498229980468750e+03  +1.3743227209329050310770981013774871826172e+04  +6.2369746400016047118697315454483032226562e+03
-1.2926066450935277316602878272533416748047e+04  -6.6953076298382848108303733170032501220703e+03  +1.0735941880319314805092290043830871582031e+03
-3.6772744891992838347505312412977218627930e+03  -5.4490115492759277913137339055538177490234e+03  -1.1374528334862779956893064081668853759766e+04
+3.2840526276071650499943643808364868164062e+03  +8.2937596902227698592469096183776855468750e+04  -3.5017136802846936916466802358627319335938e+04
-8.9921670418039630021667107939720153808594e+03  +1.4109653970503063646901864558458328247070e+03  +3.0980147827210862487845588475465774536133e+03
-4.9215984975582532570115290582180023193359e+03  -1.1123176482821436366066336631774902343750e+03  +4.0667687897975661144300829619169235229492e+03
-4.6035459868350051237939624115824699401855e+02  -7.7871336655632876500021666288375854492188e+02  +3.0007109977346894993388559669256210327148e+03
+1.2058452468072318879421800374984741210938e+04  -1.2965264000658045915770344436168670654297e+04  -3.6534173358315968016540864482522010803223e+01
-3.0600068290476269794453401118516921997070e+02  +1.6565201506070848154195118695497512817383e+03  +3.6772981154329232822419726289808750152588e+02
-7.8253860721261899016099050641059875488281e+03  +5.4864357687493784396792761981487274169922e+03  -7.3420629059558168592047877609729766845703e+03
-8.1082993474381655687466263771057128906250e+03  -2.4762674518685325892874971032142639160156e+03  -1.8316403245986755791818723082542419433594e+04
-3.4975832555320534993370529264211654663086e+03  +1.6241363006140447851066710427403450012207e+03  -2.0204187393979082116857171058654785156250e+03
+3.6623286590137351595330983400344848632812e+04  +3.9244322401249155518598854541778564453125e+04  +2.4122681120698158338200300931930541992188e+04
+3.1926676003343189222505316138267517089844e+04  +1.7882432748458275455050170421600341796875e+04  +9.9255398037403519992949441075325012207031e+03
-1.4004539358990805339999496936798095703125e+03  +1.7021364231920017573429504409432411193848e+01  +7.4226726365052661549270851537585258483887e+02
-7.1486702629121413337998092174530029296875e+04  +1.3275133560002810554578900337219238281250e+05  -7.3499764220117227523587644100189208984375e+04
+6.6674130743539853938273154199123382568359e+03  +3.6617423308635848115955013781785964965820e+03  +2.0449757466403549187816679477691650390625e+04
-1.0081399418771735554400947876274585723877e+03  +2.0877603824383581354595662560313940048218e+02  -5.5080095603975951235042884945869445800781e+02
-1.9177842243481065906962612643837928771973e+03  +1.6353185865748839660227531567215919494629e+03  -4.0348498961715808945882599800825119018555e+03
-9.5350387310843143495731055736541748046875e+03  +3.9791651150285438234277535229921340942383e+03  -4.6318991345535805521649308502674102783203e+03
+8.2529686129993240228941431269049644470215e+02  -4.4803996875195825850823894143104553222656e+03  -3.6865359816304503510764334350824356079102e+03
-9.5429779889550934512953972443938255310059e+02  +2.8515129039868560312243062071502208709717e+02  -6.7029535350337403087905840948224067687988e+02
-4.4167898776159199769608676433563232421875e+03  -8.9181429416607988969190046191215515136719e+03  -1.8477114543632540062390035018324851989746e+03
+8.1648052307449563613772625103592872619629e+02  -7.4464437879717013402114389464259147644043e+02  +1.1819698862578559328539995476603507995605e+03
-5.1491562260541422801907174289226531982422e+03  -8.3825474553103922517038881778717041015625e+03  -2.7267758801392966461207834072411060333252e+02
-1.4147381582361892924382118508219718933105e+03  +1.3015405312357877846807241439819335937500e+04  +6.5693804198409361561061814427375793457031e+03
-1.0923572242252921569161117076873779296875e+04  +1.3913722960559376588207669556140899658203e+04  +6.2518118423785359482280910015106201171875e+04
+1.1447644619113394583109766244888305664062e+04  -5.8142733694196642318274825811386108398438e+04  +4.0646185145905968965962529182434082031250e+04
+5.5172265865193976424052380025386810302734e+03  +5.8332166539310683219810016453266143798828e+03  -2.9045257487528068907067790860310196876526e+01
-4.6246500705183352692984044551849365234375e+03  -6.6003573585052854468813166022300720214844e+03  +1.5863528539886401631520129740238189697266e+03
-6.9970191206534104821912478655576705932617e+02  -3.4090338839104520047840196639299392700195e+03  +1.9151018500455554658401524648070335388184e+03
+3.6042053131427433072531130164861679077148e+03  -5.4676246619186431416892446577548980712891e+03  +4.4625796718417598185624228790402412414551e+02
+6.0054549275080194092879537492990493774414e+02  -1.6264901416257805522036505863070487976074e+03  +2.1863402797819167062698397785425186157227e+03
+4.6177422107274105655960738658905029296875e+03  -2.9644810233368752960814163088798522949219e+03  +1.4998470083019346930086612701416015625000e+03
-1.4382340008715593171473301481455564498901e+02  +1.1991590565483152275305656075943261384964e+01  -1.8481048951789387047028867527842521667480e+02
-2.5215980514733990275999531149864196777344e+04  -1.0578546565608290256932377815246582031250e+05  +1.0645797732835928036365658044815063476562e+05
+7.1267076918282386031933128833770751953125e+04  -4.5551467206041990721132606267929077148438e+04  +5.2083285038043504755478352308273315429688e+04
+2.3542779649456668266793712973594665527344e+04  -1.1135820074975308671128004789352416992188e+04  +3.0079618036772553750779479742050170898438e+04
+5.2350193571511899790493771433830261230469e+03  -2.9375851745511126864585094153881072998047e+03  -7.4469580665114176554197911173105239868164e+02
+4.1450183575546134306932799518108367919922e+03  +8.9531608361760227126069366931915283203125e+03  -6.6573825735060354418237693607807159423828e+03
+1.2002308146930208749836310744285583496094e+04  +3.2985424164217997713421937078237533569336e+03  +1.9934739901954482775181531906127929687500e+04
+8.8625715936522956326371058821678161621094e+03  -1.2041611500721805896318983286619186401367e+03  -1.3814330891572584732784889638423919677734e+04
-3.1481122107542200865282211452722549438477e+03  +3.4117491337844688814584515057504177093506e+02  -2.6858154927868981758365407586097717285156e+03
-1.1790602711759437806904315948486328125000e+05  +1.3017634246934967814013361930847167968750e+05  -1.3474294415133079382940195500850677490234e+04
-3.3113390983072138624265789985656738281250e+05  +1.4739165782213900820352137088775634765625e+05  +1.4645325018851630738936364650726318359375e+05
-7.5215275363700311572756618261337280273438e+03  +4.5262132849127701774705201387405395507812e+03  +5.6319290155784519811277277767658233642578e+03
+5.1541531476203354031895287334918975830078e+03  +4.5200210239632897355477325618267059326172e+03  +2.2217965138643089630932081490755081176758e+03
-3.9462669704865948006045073270797729492188e+04  -2.6007174973415327258408069610595703125000e+04  -7.2111640070309673319570720195770263671875e+04
-7.6263620939813954464625567197799682617188e+03  +1.0501985409210425132187083363533020019531e+04  +4.2701850009527115616947412490844726562500e+03
-7.8601040377416020419332198798656463623047e+03  -2.2966016324332085787318646907806396484375e+04  -2.0089266113188455165072809904813766479492e+03
+5.8867968438880117901135236024856567382812e+04  +6.2538448825319610477890819311141967773438e+03  +5.3694340950066602090373635292053222656250e+04
-4.0083796170170520781539380550384521484375e+04  -8.2698363636671929270960390567779541015625e+03  +3.1390000615870234469184651970863342285156e+04
-5.3758983347723078622948378324508666992188e+03  +4.3070217589644826148287393152713775634766e+03  -6.1012773314651421969756484031677246093750e+03
+4.6530986536730852094478905200958251953125e+03  -7.8718203509622453566407784819602966308594e+03  -2.6730799778379562781083222944289445877075e+01
+6.4320037467513785145456495229154825210571e+01  +2.5311351830921006467178813181817531585693e+02  -1.0938830771761566040822799550369381904602e+01
+2.1969305455099438404431566596031188964844e+03  -5.0072945123060362675460055470466613769531e+03  +9.7867211248293297103373333811759948730469e+03
-3.9081681007988845522049814462661743164062e+02  -6.6902999477811067663424182683229446411133e+02  -3.9439518734068535366077412618324160575867e+01
-2.2402128980881766295851775794290006160736e+01  -1.2932983365214174682478187605738639831543e+03  +7.3859857779143123934773029759526252746582e+02
-1.0615936006007271430462424177676439285278e+02  +8.8834772586978090203047031536698341369629e+01  -1.6054507503893621134238856029696762561798e+01
-2.3442606313241117987899997388012707233429e+01  -9.4238189066162260587589116767048835754395e+02  +4.0875295331134850584930973127484321594238e+01
+1.7178631954700540518388152122497558593750e+04  -1.1776368409595466800965368747711181640625e+04  +1.0531307546155230738804675638675689697266e+03
-5.1207723493376533951959572732448577880859e+02  +2.6209971548187985490585560910403728485107e+02  +2.6175785659549765114206820726394653320312e+03
+5.4179524812062072669505141675472259521484e+02  +4.3917006636932947003515437245368957519531e+03  +1.6349896305097823301366588566452264785767e+02
-3.7407904907604738582449499517679214477539e+03  +9.2352217251522506558103486895561218261719e+03  -2.0122812861411213816609233617782592773438e+04
+9.9898830504789111728314310312271118164062e+03  +3.9903308859944118012208491563796997070312e+04  +6.5473079069317645917180925607681274414062e+03
-4.1297186503377415647264569997787475585938e+03  +7.3151615681028879407676868140697479248047e+03  +5.0459078666466284630587324500083923339844e+03
+9.6062542310140474910440389066934585571289e+02  -2.4454478635363948342273943126201629638672e+03  -7.6090407802865574922179803252220153808594e+03
+2.3395504047395475026860367506742477416992e+03  -8.6210078530656719522085040807723999023438e+03  -1.2582790859657106921076774597167968750000e+04
+4.7875938401862649698159657418727874755859e+03  +1.4785846674422086834965739399194717407227e+03  -8.6719995787217317229078616946935653686523e+02
+8.0159052030377085884538246318697929382324e+02  +3.9539675835344373808766249567270278930664e+03  -5.6132589933824165200348943471908569335938e+03
+6.4193013409343675448326393961906433105469e+03  +3.2036160879682843187765683978796005249023e+03  -2.3130602138520198423066176474094390869141e+03
+3.5602608484282181962043978273868560791016e+03  -9.9427151070174404594581574201583862304688e+03  +1.0020836564703680778620764613151550292969e+04
-6.8184032649805004666632157750427722930908e+01  -1.4319430034924840811072499491274356842041e+02  +4.1859691614058203157355819712392985820770e+00
-2.5777829448123402471537701785564422607422e+03  -2.5127394824340381092042662203311920166016e+03  -1.4467592759751371431775623932480812072754e+03
-1.0099053165954841233542538248002529144287e+03  -3.2927188732258236996131017804145812988281e+03  -1.1970041841968313747202046215534210205078e+03
-1.0548897531440190505236387252807617187500e+04  -1.3998589776816006633453071117401123046875e+04  +1.6849643010808034887304529547691345214844e+04
-9.7729883420642872806638479232788085937500e+03  -2.2212683045906333063612692058086395263672e+03  -6.2855343269585100642871111631393432617188e+03
+1.2932981140117311952053569257259368896484e+04  +2.9427797537608847733281436376273632049561e+02  -6.5161932287267618448822759091854095458984e+03
+1.0950648611062313648290000855922698974609e+04  -6.1549377176967243485705694183707237243652e+02  +4.2545898014439217149629257619380950927734e+03
+8.2299263604068460153939668089151382446289e+02  +7.0481072684201808442594483494758605957031e+03  +2.7025023136203449212189298123121261596680e+03
+8.5191073598859270532557275146245956420898e+02  +1.1488498353901209156902041286230087280273e+03  -3.9990597507557886274298653006553649902344e+03
+4.5406221045221805979963392019271850585938e+04  -1.6250040530104414210654795169830322265625e+05  -7.0276039844993953010998666286468505859375e+04
+1.9114071784803920763806672766804695129395e+03  -3.0821924629451063992746639996767044067383e+03  +4.9364697472135248972335830330848693847656e+03
+6.3177661444029199628857895731925964355469e+03  +3.1590232932750318468606565147638320922852e+03  +1.1462488578998038065037690103054046630859e+04
-5.6000707385443583916639909148216247558594e+03  +2.4147884752843557976120791863650083541870e+02  +1.1328873743465112056583166122436523437500e+04
-2.0861306791849660839943680912256240844727e+03  +9.8087857582148972142022103071212768554688e+03  +4.2992810386143546566017903387546539306641e+03
+2.3403156827948923819349147379398345947266e+03  -9.7140546612811249360674992203712463378906e+02  -1.0604740246485628176742466166615486145020e+03
-2.0224802674390539323212578892707824707031e+03  +1.8635363496413067423418397083878517150879e+03  +3.9263912719541389151345356367528438568115e+02
+1.1158598748087717467569746077060699462891e+04  +8.3506505930155935857328586280345916748047e+02  +2.5178938063302453542746661696583032608032e+02
-9.6806858185105345910415053367614746093750e+04  -3.3510476258928261813707649707794189453125e+04  -9.9395639443707754253409802913665771484375e+04
-1.3055462225022101847571320831775665283203e+03  +2.0880819855998961429577320814132690429688e+03  -1.4153087730599393125885399058461189270020e+03
+2.5234802363651861014659516513347625732422e+03  +2.7521698202734842197969555854797363281250e+03  +3.3928538343147374689579010009765625000000e+03
+1.0614465812622072462545474991202354431152e+03  -8.5290092370926267903996631503105163574219e+03  -1.7731182681664149640710093080997467041016e+03
+5.9332840251850475397077389061450958251953e+03  +2.1944149199445532758545596152544021606445e+03  +2.0131008137296164477447746321558952331543e+03
+3.2138865220090706134214997291564941406250e+05  +2.0812841673833965614903718233108520507812e+04  +1.6509284818388803978450596332550048828125e+05
+3.4829100481391753874049754813313484191895e+02  +7.4311044204302709204057464376091957092285e+02  +1.6954844800132312229834496974945068359375e+04
+4.9439415352191399506409652531147003173828e+03  -6.6650487616397813326329924166202545166016e+03  -2.3440816310312202404020354151725769042969e+03
-2.9775200190273594671452883630990982055664e+03  +4.6085590176376791760048945434391498565674e+02  -7.0251396527441909256594954058527946472168e+02
+2.1339982914387837809044867753982543945312e+03  -9.9633861129217439156491309404373168945312e+03  +1.2194705852599288846249692142009735107422e+04
+1.5513894620093058165366528555750846862793e+03  +2.1246657575238964454911183565855026245117e+03  +5.7702542944204733430524356663227081298828e+03
+7.6868859929864044033820391632616519927979e+01  -2.4047227285685529807324201101437211036682e+01  -2.8863141314860718544821338582551106810570e+00
+8.4741498995007748362695565447211265563965e+02  +4.7097008491875982372221187688410282135010e+01  -4.5026777073515432903150212951004505157471e+02
+5.8915764391862489901541266590356826782227e+02  -1.6824111225440529437946679536253213882446e+02  +6.6231947431942637649626703932881355285645e+02
+2.2525344795231742267560548498295247554779e+01  -3.1968123415239343643179381615482270717621e+01  +6.2164838342089669964707354665733873844147e+00
-2.3566787664632179257750976830720901489258e+03  -1.5353965428659048484405502676963806152344e+03  -2.1549115616559392947237938642501831054688e+03
-9.3490939162851384480745764449238777160645e+02  -2.0925421463382317597279325127601623535156e+03  +6.3418953681911966668849345296621322631836e+02
+1.7280786750921481598197715356945991516113e+03  +2.8061156947093608323484659194946289062500e+04  -3.7767264538765783072449266910552978515625e+04
-2.5632272807654471762361936271190643310547e+03  -1.4314585767948328793863765895366668701172e+03  +1.9484120597364467357692774385213851928711e+03
+3.7601359784718665650871116667985916137695e+03  +2.7566190151786158821778371930122375488281e+03  -4.6480762283157328056404367089271545410156e+03
-5.7331584285424378322204574942588806152344e+02  -2.2560514647451347514106601011008024215698e+02  -4.3802877925293506677917321212589740753174e+02
+4.1801939197766050710924901068210601806641e+03  +1.1994046300346672069281339645385742187500e+03  -4.0207735768278726027347147464752197265625e+03
+1.6458336722958820246276445686817169189453e+03  -1.9984794370297193381702527403831481933594e+04  +2.7304476250495899876113981008529663085938e+03
-3.4523283720768417879298795014619827270508e+03  -5.4131498082160942431073635816574096679688e+02  -3.3222099762897473738121334463357925415039e+03
+5.4440586305965180144994519650936126708984e+03  +7.6339300865843722476711263880133628845215e+02  -8.9839788294377605780027806758880615234375e+04
-3.5856563301805781520670279860496520996094e+03  -2.4117150915199017617851495742797851562500e+03  -4.6745364489101521030534058809280395507812e+03
-1.1841709609635341621469706296920776367188e+04  +9.7543379382104212709236890077590942382812e+03  +1.6829115391734896547859534621238708496094e+04
-8.6354396601425050903344526886940002441406e+03  -1.8114984187737461525102844461798667907715e+03  +1.1083613709024984927964396774768829345703e+03
+5.9945160890853422586133092408999800682068e+01  +1.9176358122726639976463047787547111511230e+02  -7.6048239923309978394172503612935543060303e+01
-6.9794550672459645284106954932212829589844e+03  -1.5842073170037940144538879394531250000000e+04  +1.4234468476619431385188363492488861083984e+04
-1.9395803804267598025035113096237182617188e+03  -3.3657428376495608972618356347084045410156e+03  -1.6199154704288619086582912132143974304199e+03
-2.1029310739862053196702618151903152465820e+03  -4.2754958008566848093323642387986183166504e+02  -9.5565976943989056735517806373536586761475e+01
-4.4955417279349803720833733677864074707031e+03  -5.3672909388455327643896453082561492919922e+03  +2.5198990864473666988487821072340011596680e+03
-9.3837640134326138650067150592803955078125e+03  -4.9551244185574623770662583410739898681641e+03  -1.2373440639011929306434467434883117675781e+04
+2.0575790739846643191413022577762603759766e+03  -3.0361161940208512532990425825119018554688e+03  +1.7986338269889274670276790857315063476562e+03
+1.4423998283409193845727713778614997863770e+03  +3.1571142558129408826061990112066268920898e+03  +5.3334948060483811786980368196964263916016e+03
-1.8332824554803219143650494515895843505859e+03  -1.4614604892036143155564786866307258605957e+03  +2.8854300074363909516250714659690856933594e+03
+8.0154099016400359687395393848419189453125e+03  -2.3665880591312641627155244350433349609375e+04  -3.7516875084514645095623563975095748901367e+03
-4.8609237603457986551802605390548706054688e+03  +3.8826154584046748823311645537614822387695e+03  -1.5789430901659752635168842971324920654297e+04
+4.5756013254756034314141288632526993751526e+01  -1.4097149526323681811845744960010051727295e+02  -1.2058259862320635136256896657869219779968e+02
+1.5203221434928580492851324379444122314453e+04  -2.6071557695038056408520787954330444335938e+04  -5.2478562225828018199536018073558807373047e+03
+4.8930090289018962721456773579120635986328e+03  +1.7654165759941337455529719591140747070312e+04  +1.0255680732608961989171802997589111328125e+04
+6.1055786583018070814432576298713684082031e+03  +2.0226585939201799192233011126518249511719e+04  +2.6318569513028814981225878000259399414062e+04
+2.1734103429483070613059680908918380737305e+03  -3.9809320477036112606583628803491592407227e+03  -1.4062564075519155721849529072642326354980e+03
+3.4780248559466072038048878312110900878906e+03  -2.7930865358499704598216339945793151855469e+03  +2.5246161180093149596359580755233764648438e+03
-3.2515438576349583854607772082090377807617e+03  +9.5686758628188485431564913596957921981812e+01  -1.5723875774106325025059049949049949645996e+03
-1.0050168805341936604236252605915069580078e+03  -2.2836874279019366440479643642902374267578e+03  -1.0137192729855727293397649191319942474365e+03
-9.2895031083999697330000344663858413696289e+02  -1.1447024970935694000218063592910766601562e+04  -7.0536332560398377609089948236942291259766e+03
+2.9435116549048530032450798898935317993164e+03  -1.4735255302652183218015125021338462829590e+03  -9.6747017437848148802004288882017135620117e+02
+6.0499295879282553869416005909442901611328e+03  +5.6922085691002976091112941503524780273438e+03  +1.0538901843833062230260111391544342041016e+04
+1.0820013635237221023999154567718505859375e+04  -5.5089432913242771974182687699794769287109e+03  +5.3641037146155911614187061786651611328125e+04
-1.8549690456616790470434352755546569824219e+03  +6.2688965585247087801690213382244110107422e+03  +6.5864727471273636183468624949455261230469e+03
-2.5141126964626118933665566146373748779297e+03  +9.8307379920164498798840213567018508911133e+02  +6.9619402420908130579846329055726528167725e+01
+7.8192764264735142205609008669853210449219e+03  +5.6767745579106058357865549623966217041016e+03  -2.0849480682539938243280630558729171752930e+03
+1.6228015188890864010318182408809661865234e+04  +1.0141881616230813961010426282882690429688e+04  -8.9516023579149641591357067227363586425781e+03
-3.3729236727098191295226570218801498413086e+02  -3.0618209690644420106764300726354122161865e+02  +1.4729595355562031500085140578448772430420e+02
-2.9363008808021054392156656831502914428711e+03  +1.9851025488211087122181197628378868103027e+03  +1.3792359955127881221415009349584579467773e+03
-1.1254193735097758690244518220424652099609e+04  -1.0460959938276320826844312250614166259766e+04  -1.2589700832214824913535267114639282226562e+04
+9.5378214548917021602392196655273437500000e+03  +6.1225291717094441992230713367462158203125e+03  -3.5221869628767326503293588757514953613281e+03
-2.7623531469348581595113500952720642089844e+03  +6.6536605413282213703496381640434265136719e+03  -7.7828745384392314008437097072601318359375e+03
+2.3627358202557712729685590602457523345947e+02  -1.8783722799085298902355134487152099609375e+03  +1.2929057816396330963470973074436187744141e+04
-2.6929999411861576845694798976182937622070e+03  -2.9953876165088054221996571868658065795898e+03  +2.2536308888462604045344050973653793334961e+03
+1.2265325699889772295136936008930206298828e+04  -4.7571635529215136557468213140964508056641e+03  -8.4974869895402355268743121996521949768066e+02
-4.6063721206433227052912116050720214843750e+04  +2.8020524177066161064431071281433105468750e+05  +1.1631055498154941597022116184234619140625e+05
+1.7093069031790691951755434274673461914062e+04  -2.0096161656334443250671029090881347656250e+04  -3.6743816266894641557883005589246749877930e+03
+4.9784630429342348634236259385943412780762e+02  +2.4751120777010206097656919155269861221313e+02  -9.8531942741917032435594592243432998657227e+02
+1.0392920440729010778113661217503249645233e+01  +9.1855928563955764332149556139484047889709e+00  +5.1242195296804311510641127824783325195312e+00
+3.5062035564903737849817844107747077941895e+01  +6.7678151578273009363329038023948669433594e+03  +3.8396133352711622137576341629028320312500e+03
-2.0057841695661201811162754893302917480469e+04  +4.0030756187696584674995392560958862304688e+04  -7.5641813615811383897380437701940536499023e+02
+1.7497258698461402673274278640747070312500e+04  +1.0143908302427433227421715855598449707031e+04  +8.0139532477061402460094541311264038085938e+03
-3.8950449540174745379772502928972244262695e+03  +4.8370967424735772510757669806480407714844e+03  +1.5234784086179235600866377353668212890625e+04
-1.7421817917210264567984268069267272949219e+03  -2.4814371441346825122309383004903793334961e+03  -3.0773574315794539870694279670715332031250e+03
-4.3445843435549272726348135620355606079102e+02  +2.9846266102080494420079048722982406616211e+03  +7.5682617487250786325603257864713668823242e+02
-6.8649711313671505195088684558868408203125e+04  +6.3255406660328495490830391645431518554688e+04  -3.4551142772489911294542253017425537109375e+04
+8.3915803747658196698466781526803970336914e+02  +4.1132955052114293721388094127178192138672e+03  -1.6468927681318124086828902363777160644531e+04
-4.1125587656643638183595612645149230957031e+03  -7.6853030534015506418654695153236389160156e+03  -1.5026936396633702315739355981349945068359e+04
-2.4096932699487188074272125959396362304688e+03  +7.3768239409045236243400722742080688476562e+02  -2.1397674566378827876178547739982604980469e+03
+1.3031796567811077238729922100901603698730e+03  +1.4903615425641078218177426606416702270508e+03  -1.0634229410318687314429553225636482238770e+03
-1.2007866582856015156721696257591247558594e+04  +1.4500528668810659382870653644204139709473e+03  +1.3405736263650347609655000269412994384766e+04
+1.1395601116122981693479232490062713623047e+04  -8.4941060572696896997513249516487121582031e+03  -4.2487311273912519027362577617168426513672e+03
-1.1384208291457267137047892902046442031860e+02  -3.1542171534424164747179020196199417114258e+02  -7.4848254401941665037156781181693077087402e+02
+1.7057029342020314288674853742122650146484e+03  -2.6604887932665078551508486270904541015625e+03  -1.2865034638613647075544577091932296752930e+03
-2.2544110326717829593690112233161926269531e+04  +9.2381927909694843492616200819611549377441e+02  +5.4873538711563351171207614243030548095703e+03
-4.6126143249957167427055537700653076171875e+03  +4.6316100150289651082857744768261909484863e+02  -9.9039772101916344126948388293385505676270e+02
+1.1422409516417974373325705528259277343750e+03  -6.4608822192487014035577885806560516357422e+02  -2.1169716528613193418095761444419622421265e+02
+1.9744102989406269443861674517393112182617e+03  +1.8398091551469956357323098927736282348633e+03  -8.4799443867389197038164638797752559185028e+00
-8.7204277178893278232862940058112144470215e+02  +2.4909708988133206730708479881286621093750e+03  +4.7552070165248860575957223773002624511719e+03
-1.2069576420716454645543080914649181067944e+00  -4.0929719111878972626072936691343784332275e+02  +9.1400821254345930810814024880528450012207e+02
-2.0351896685799529223004356026649475097656e+04  +1.1058807267404012236511334776878356933594e+04  -1.1942415131313358870102092623710632324219e+04
+1.4533347029472124631865881383419036865234e+03  -2.3163032808709663186164107173681259155273e+03  +1.6201819906542380067548947408795356750488e+03
-4.5250989628604556855862028896808624267578e+03  +2.1181636439920617704046890139579772949219e+04  -5.8540098637740175036014989018440246582031e+03
-2.0436180486791861767414957284927368164062e+04  -3.0179813207672586941043846309185028076172e+03  -1.9180311604062546393834054470062255859375e+04
+2.3671974078169768063162337057292461395264e+02  +6.6895919711631020021513904794119298458099e+00  -1.3475536870330668648421124089509248733521e+02
-2.6299642760794136847835034132003784179688e+04  +1.9626255574441952376218978315591812133789e+03  -8.6538244801279251987580209970474243164062e+03
-2.4162315978552501292142551392316818237305e+03  +1.2728258715736621979885967448353767395020e+03  -4.8025277871097741808625869452953338623047e+03
+3.2613274423503657999390270560979843139648e+03  +7.5751457490830152892158366739749908447266e+03  -1.5313803226743291816092096269130706787109e+04
-1.0742997778813896729843690991401672363281e+03  -7.2257969697904873100924305617809295654297e+03  +2.4012302617486843701044563204050064086914e+03
-5.9506050661319175560493022203445434570312e+04  -3.9886507008633830992039293050765991210938e+04  +2.7144216176525940682040527462959289550781e+04
-3.5132337554712930796085856854915618896484e+03  +3.0059687186849896534113213419914245605469e+03  -4.6368163077012195572024211287498474121094e+02
-7.7293826820870826850295998156070709228516e+03  -8.1712139130438317806692793965339660644531e+03  -8.8339801811831730447011068463325500488281e+03
+2.1124403341158204057137481868267059326172e+03  +9.0780525112043608260137261822819709777832e+02  +2.8435280569868614293227437883615493774414e+03
+3.6511707661827126685238908976316452026367e+03  +4.1810795481674622351420111954212188720703e+03  -5.2687483374925268435617908835411071777344e+03
+7.4162832566841680090874433517456054687500e+03  +6.9747003920264432963449507951736450195312e+03  +4.8859498383088230184512212872505187988281e+03
-8.9439432976026580490724882110953330993652e+02  -1.3219492818757558438846899662166833877563e+02  +1.0190315036499194434327364433556795120239e+02
-1.1369250661053285512025468051433563232422e+04  -1.1726665764464441963355056941509246826172e+03  +1.2510906789329768798779696226119995117188e+04
+1.2759205530906092462828382849693298339844e+03  +9.7155185309781336400192230939865112304688e+02  +4.6953160891914683361392235383391380310059e+02
-2.8168481929646145545120816677808761596680e+03  -2.1506163538423325007897801697254180908203e+03  -1.6740317271929245634964900091290473937988e+03
-1.8571347699429825297556817531585693359375e+04  -2.0551023499080991314258426427841186523438e+04  -7.3334828316643915968597866594791412353516e+03
-5.4509194348210359137851810373831540346146e+00  +7.9516028911728383832269173581153154373169e+01  +5.7499856164276309300475986674427986145020e+02
-9.0764176311898103449493646621704101562500e+04  -8.6670064872886985540390014648437500000000e+04  -2.9160280566746322438120841979980468750000e+05
+1.7066061277046250324929133057594299316406e+04  +4.7895997033402500164811499416828155517578e+03  -7.1239787019348125340911792591214179992676e+02
-1.4894775625554506405023857951164245605469e+04  -1.6863509405851677001919597387313842773438e+04  +1.4063195151977474779414478689432144165039e+03
+2.2304581715561475903086829930543899536133e+03  +2.3438599499140300395083613693714141845703e+03  +7.9292987851946134014724520966410636901855e+02
+2.4989469314831316296476870775222778320312e+04  -2.4517414502174931840272620320320129394531e+04  -1.2690226227847000700421631336212158203125e+04
+7.3524354173756179875454108696430921554565e+01  +1.6723729354168662553092872258275747299194e+02  +2.3232764240013974443854749551974236965179e+01
+6.0088029696303037781035527586936950683594e+03  +1.1356931844176358481490751728415489196777e+03  +9.2712632773902751068817451596260070800781e+03
+1.2707407911110673012444749474525451660156e+04  -4.3101311929844823680468834936618804931641e+03  +3.8145717778255498160433489829301834106445e+03
+4.2405814850221913729910738766193389892578e+03  +4.7235128002127646595909027382731437683105e+02  +2.9634505213086749790818430483341217041016e+03
-3.7211345981356127595063298940658569335938e+04  -3.2552062142362312442855909466743469238281e+04  +6.5268701040763844503089785575866699218750e+04
-5.8517049605963325120683293789625167846680e+02  -6.2141986104019106278428807854652404785156e+03  -5.2257906193921189696993678808212280273438e+03
-1.6248736342575621165451593697071075439453e+03  +4.5437170699988282649428583681583404541016e+03  -6.2881979404318562956177629530429840087891e+03
-4.4518840604105289457947947084903717041016e+03  -1.4723719733280924629070796072483062744141e+04  +2.9867568006977730874496046453714370727539e+03
-3.5746448009960972740373108536005020141602e+03  +1.5107403903611380883376114070415496826172e+04  +2.4665239133076374855590984225273132324219e+03
-3.3648920767282520500884857028722763061523e+03  -8.5837232352393561995995696634054183959961e+02  +3.4636302918426781616290099918842315673828e+03
-6.9489201014296166249550879001617431640625e+04  -2.8563344080751590809086337685585021972656e+04  +9.1606528786815979401580989360809326171875e+03
-8.6301629217937090743362205103039741516113e+02  +5.5848187287168475450016558170318603515625e+03  +3.4358762807262071873992681503295898437500e+04
+4.4603592792981189631973393261432647705078e+03  -3.6342235699879834101011510938405990600586e+03  +8.6515891044163993228721665218472480773926e+02
+1.2732713113886343489866703748703002929688e+05  -2.2810671033266081940382719039916992187500e+05  -1.3297037154065104550682008266448974609375e+05
+1.4630919495897537672135513275861740112305e+03  -3.3924712621048465734929777681827545166016e+03  +1.1078382149059876610408537089824676513672e+04
-5.4630015763487235744833014905452728271484e+03  -8.3204607910837894451105967164039611816406e+03  -8.9465706207178959630255121737718582153320e+02
+5.6617322900080773706577019765973091125488e+02  +1.6141363007584879596834070980548858642578e+04  +1.4211336266212867485592141747474670410156e+04
-3.7630912320044385523942764848470687866211e+03  +2.5877045733231584563327487558126449584961e+03  -7.9511892549897593696073272440116852521896e+00
+8.4938506876225903852173360064625740051270e+02  -2.5931033987320788583019748330116271972656e+03  -1.4454434480450702267262386158108711242676e+03
+5.0893280384963112794594053411856293678284e+01  -3.8689197295844948598642076831310987472534e+01  +1.6278481166909728017344605177640914916992e+01
-2.6885785442293672531377524137496948242188e+02  +2.7309989703221185664006043225526809692383e+03  -1.3638877683080156657524639740586280822754e+03
+2.3202194033268146995396818965673446655273e+03  -4.3103187579084487879299558699131011962891e+03  -3.7509923021260392488329671323299407958984e+03
-2.1097870318521772787789814174175262451172e+03  +2.3946272844178156447014771401882171630859e+03  +9.3650735085927533418725943192839622497559e+02
+1.8445048455274931598069088067859411239624e+02  -7.2385155643688176496652886271476745605469e+02  +8.7418484724803704466467024758458137512207e+02
+2.4337255060051725195080507546663284301758e+03  +2.8219639711728427755588199943304061889648e+03  +1.3966580221944457207428058609366416931152e+03
-8.8431787613141350448131561279296875000000e+03  -3.1738042919603949485463090240955352783203e+03  +1.5886380896402313737780787050724029541016e+04
+7.0744757805852816090919077396392822265625e+04  -3.2691344749201965896645560860633850097656e+04  +2.1610935424290099035715684294700622558594e+04
-9.7868396153664962184848263859748840332031e+03  -5.5731220706940675881924107670783996582031e+03  -3.0142245751979749002202879637479782104492e+02
+6.8326591492740772082470357418060302734375e+02  +5.1223076742858220313792116940021514892578e+03  -5.4615578116984988810145296156406402587891e+02
-9.2687213230172765179304406046867370605469e+03  -1.9141549774357266869628801941871643066406e+04  +8.4882571230868470593122765421867370605469e+03
+5.1504845505895755195524543523788452148438e+03  +2.1364045243488326377701014280319213867188e+04  +2.3300736300975673657376319169998168945312e+04
-3.6189276986329673491127323359251022338867e+03  -4.3877144214158915929147042334079742431641e+03  -2.0578101522117844979220535606145858764648e+03
+2.2607181785175393997633364051580429077148e+03  -9.2282586872530446271412074565887451171875e+03  +5.3228120956617476622341200709342956542969e+03
-3.2665157428646671178285032510757446289062e+03  +7.5859179055727952345478115603327751159668e+02  +1.5820533893923700361483497545123100280762e+03
-1.4284209633531880172085948288440704345703e+04  -2.2871275833571035036584362387657165527344e+04  +1.2795848114674802218360127881169319152832e+03
+1.3277611133855621119437273591756820678711e+03  -7.1991436955417966601089574396610260009766e+03  -6.6633196345171390930772759020328521728516e+03
-2.4214168121245384099893271923065185546875e+04  -4.5248449632192850913270376622676849365234e+03  +6.0398029583772831756505183875560760498047e+03
-2.8108750032295756682287901639938354492188e+03  +5.1220551466206024997518397867679595947266e+03  -3.6125921866592793776362668722867965698242e+03
-7.5819227555391744317603297531604766845703e+03  +2.1161605791970080463215708732604980468750e+05  -1.3539958438093250151723623275756835937500e+05
-5.0672958582388200738932937383651733398438e+03  -2.5657699049904108505870681256055831909180e+03  +1.0611741541210453760868404060602188110352e+03
-6.9149142495370069809723645448684692382812e+03  -9.3128342737585226132068783044815063476562e+03  +5.3659391408411738666472956538200378417969e+03
+3.4860984111286466031742747873067855834961e+03  -1.4089364987303968518972396850585937500000e+04  -2.0531804825730728225607890635728836059570e+03
-5.0710993039900740768644027411937713623047e+03  -2.5607428495323574679787270724773406982422e+03  +3.5875861153612490852538030594587326049805e+03
+2.0581013652817395632155239582061767578125e+05  +3.9514268689901032485067844390869140625000e+05  -7.9046263441617425996810197830200195312500e+05
+1.7530799219602351968205766752362251281738e+03  -1.7121303591361545841209590435028076171875e+04  +8.2357548978791455738246440887451171875000e+03
+3.1542799842264371363853570073843002319336e+03  -5.7285089566970520991162629798054695129395e+02  +4.9980160311423614984960295259952545166016e+03
+6.7709521461607891978928819298744201660156e+03  -1.0983649951288775810098741203546524047852e+03  -2.4469860686109021230549842584878206253052e+02
-2.5563692828621177000059105921536684036255e+02  +3.1800618942206660904048476368188858032227e+03  +2.1813838645038853428559377789497375488281e+04
-2.8735255992162873735651373863220214843750e+05  -8.7519552000267198309302330017089843750000e+04  -1.6403136533642598078586161136627197265625e+05
-6.8415373276400514441775158047676086425781e+03  +3.6456790603011399980459827929735183715820e+03  +2.0256280266101312008686363697052001953125e+04
+2.2357783290699415374547243118286132812500e+04  +2.9789792893449464372679358348250389099121e+02  +2.1571241541125030494185921270400285720825e+02
-6.9450955936493055560276843607425689697266e+03  +1.2892358421495395305100828409194946289062e+04  -1.0471532574789620184674276970326900482178e+02
-7.3668872577711672420264221727848052978516e+03  -4.0689118217527436627278802916407585144043e+01  +4.6551586484144700079923495650291442871094e+03
+2.0923972963463938867789693176746368408203e+02  -5.4392483682429212876741075888276100158691e+02  +2.4084025760947562844194180797785520553589e+02
+1.9189468276690556081121030729264020919800e+02  +6.8576367075971563735947711393237113952637e+02  +2.3307822224095843921531923115253448486328e+03
-5.8908715432952476476202718913555145263672e+03  +2.7791126921514464811480138450860977172852e+03  -9.6370414567544344208727125078439712524414e+02
+1.3604912136162586193677270784974098205566e+03  +3.6065386469069735539960674941539764404297e+03  -3.4070660384075235924683511257171630859375e+03
-4.3967592641003038806957192718982696533203e+03  -1.6192136156787444178917212411761283874512e+03  +2.3281258860512375576945487409830093383789e+03
-1.0095699821870168761961394920945167541504e+03  -3.0705609736462524779199156910181045532227e+03  -1.2309150781679229567089350894093513488770e+03
+5.6787423129058493941556662321090698242188e+04  -4.8751682663057334139011800289154052734375e+04  -7.1758679840740893268957734107971191406250e+04
-9.0922348892214740772033110260963439941406e+03  -8.6523895573578338371589779853820800781250e+03  -5.3407841022672901090118102729320526123047e+03
-1.1194166353351042744179721921682357788086e+03  -1.1398716781219236509059555828571319580078e+04  +2.2660181649358974027563817799091339111328e+03
+1.7330666790770694206003099679946899414062e+04  +6.8429780707903478287335019558668136596680e+02  +2.9729752690631999030301813036203384399414e+03
+6.6372435906976033948012627661228179931641e+02  +1.5388472493126025142373691778630018234253e+02  +2.7292325459212966052291449159383773803711e+03
-4.6603181049314407573547214269638061523438e+03  +5.2789032386911176217836327850818634033203e+03  +4.2696916728761016202042810618877410888672e+03
+1.8486251171985513792606070637702941894531e+04  -6.4466071198912159161409363150596618652344e+03  -5.6876719477973747416399419307708740234375e+03
+8.8501678144436096772551536560058593750000e+04  +1.8543862334048087359406054019927978515625e+05  +1.0133789220522054529283195734024047851562e+05
+1.9426272289310767519054934382438659667969e+04  +1.6005617356209953868528828024864196777344e+04  -5.3802983766924007795751094818115234375000e+04
-4.9832947050886775741673773154616355895996e+02  -2.5640565446371911093592643737792968750000e+03  -5.3635668077995228486543055623769760131836e+02
+2.5280816133729358625714667141437530517578e+03  -5.5151458043409056699601933360099792480469e+03  -1.4890722211768729721370618790388107299805e+03
-3.9137808795915980226709507405757904052734e+03  -9.1299019274177717306884005665779113769531e+03  +9.0175678890906806373095605522394180297852e+02
+2.3619304624895752908741997089236974716187e+02  -4.9387268751911108211061218753457069396973e+02  -7.6089361156092718374566175043582916259766e+02
-4.7256529094307497871341183781623840332031e+03  +3.2955406375678330732625909149646759033203e+03  -7.6351288758536395562259713187813758850098e+02
+3.4240954959526889069820754230022430419922e+03  +4.3235919174273267344688065350055694580078e+03  +8.3970507438437598466407507658004760742188e+03
-3.1550904230925625597592443227767944335938e+03  -2.2148201381869694159831851720809936523438e+04  -1.2667179093354914130031829699873924255371e+03
+4.5723815363346005824496387504041194915771e+01  +1.9923902477926053506962489336729049682617e+03  -5.5461499804547129315324127674102783203125e+03
+2.3508069484913500491529703140258789062500e+05  +9.9786457085722402553074061870574951171875e+04  -3.2430656407642830163240432739257812500000e+05
-4.4710110190263583263003965839743614196777e+02  +2.9788159485991623114387039095163345336914e+03  +6.6786617273446836406947113573551177978516e+02
+2.2576195716163424549449700862169265747070e+03  +3.1657033752018210179812740534543991088867e+03  +1.3159067589853948447853326797485351562500e+03
+8.5306379091410402907058596611022949218750e+04  +1.7240776879775134148076176643371582031250e+05  +5.0073794883232236315961927175521850585938e+04
+7.7702129219156313411076553165912628173828e+02  +1.1277944237942242011740745510905981063843e+02  +5.5632975939067750914546195417642593383789e+02
-6.2778694572371314279735088348388671875000e+03  +1.3083520707938760097022168338298797607422e+04  +2.5335618045860965708016010466963052749634e+02
-3.4947513910958487031166441738605499267578e+03  -3.4202495150350109724968206137418746948242e+03  +3.6545957984380220295861363410949707031250e+03
+3.0991513999243834405206143856048583984375e+04  +1.1823794573328521437360905110836029052734e+04  +2.3319362386827322188764810562133789062500e+05
-1.4332578021510682901862310245633125305176e+03  -8.2265723347551065671723335981369018554688e+03  -5.2166745022156696620641014305874705314636e+01
+7.2536520580580508976709097623825073242188e+03  +1.7202174748697689210530370473861694335938e+03  -2.5393198334096628059342037886381149291992e+03
-2.7447477918097729343571700155735015869141e+03  +2.7950250496747758006677031517028808593750e+03  +4.4386735554882051246750052087008953094482e+01
+4.8287175157199008026509545743465423583984e+03  +1.7359011556911002571723656728863716125488e+03  +4.0358666122446607005258556455373764038086e+03
-3.8380914915820749229169450700283050537109e+03  -6.6631687483341747793019749224185943603516e+03  -1.1485951077423625974915921688079833984375e+04
-4.5216347420672691441723145544528961181641e+03  +4.0240207995525297519634477794170379638672e+03  -3.4538978987449845590163022279739379882812e+03
-2.5842450730387481598882004618644714355469e+03  +4.4355335373330881338915787637233734130859e+03  +1.3173514707688650560157839208841323852539e+03
+1.5977610986508580026566050946712493896484e+03  -4.9935712860538100358098745346069335937500e+04  +4.3441264570134218956809490919113159179688e+04
+1.8673742630164972069906070828437805175781e+04  +1.0830083094841786078177392482757568359375e+04  +9.1204365339380510704359039664268493652344e+03
+9.2930081887019296118523925542831420898438e+03  -8.9407748070526231458643451333045959472656e+03  -3.2951841525000854744575917720794677734375e+04
+6.3842236421713857907889178022742271423340e+02  -1.1804223030205121176550164818763732910156e+03  +1.1792479376843773479777155444025993347168e+03
+6.1684186238216078379537066211923956871033e+01  -3.1207773299410712652957045065704733133316e+00  +6.0352292660270016710910567780956625938416e+01
-4.8978816643842478129045048262923955917358e+01  -3.0152060210517163341137347742915153503418e+02  +1.1515347877587045388736441964283585548401e+02
-2.9688378702644450868319836445152759552002e+02  -6.9118994192307409321074374020099639892578e+03  -2.1225495758972815565357450395822525024414e+03
+1.3929574734952477683691540732979774475098e+03  +2.3521196167270687737982370890676975250244e+02  +2.1001446072562280278361868113279342651367e+03
+1.3245704175205361025291495025157928466797e+04  +2.2466452568424570017668884247541427612305e+03  -2.1799381659904800471849739551544189453125e+04
+7.2504453211803337353558163158595561981201e+01  -6.6362240492960008850786834955215454101562e+03  -8.6138118603913680999539792537689208984375e+03
+9.4478698232067408468992653070017695426941e+00  +1.0951713353372333585866726934909820556641e+03  -3.6830967687414180034011224051937460899353e+01
+4.2182176425398938590660691261291503906250e+02  -6.6939550703989989415276795625686645507812e+03  +2.2310577575717479703598655760288238525391e+03
+1.2717873417859188975853612646460533142090e+03  +3.3652307418818941187055315822362899780273e+02  -9.8278532373258556731343560386449098587036e+01
-2.9694881811919540632516145706176757812500e+05  +2.9097897289124653070757631212472915649414e+03  -1.1705133343101610080339014530181884765625e+05
-1.1132339770033229342516278848052024841309e+03  +9.1636875390797977161128073930740356445312e+03  -6.2545195499454903256264515221118927001953e+03
+4.9224033946742410989827476441860198974609e+03  -3.6058456318888643181708175688982009887695e+03  -5.4516324054608130609267391264438629150391e+03
-1.6196296949707254952954826876521110534668e+03  -2.3255194148639507147890981286764144897461e+03  +5.6474333544949922725209034979343414306641e+02
+2.0881526527284857002086937427520751953125e+05  -2.2255425484276257338933646678924560546875e+05  -2.2639850093528974684886634349822998046875e+05
+3.3107133230196069462181185372173786163330e+02  -1.9343411739214536737563321366906166076660e+03  +1.9326511805558497144374996423721313476562e+04
-2.1262885214745379514056367042940109968185e+00  -9.4046702325182209847298508975654840469360e+00  -1.4852960242861509843059764079953311011195e-01
-1.9490437109275189868640154600143432617188e+03  -5.1469939163434928559581749141216278076172e+03  +8.5738419913884320067154476419091224670410e+02
+3.6827037111436525265162345021963119506836e+03  +6.3106448477693056702264584600925445556641e+03  -4.2804677247192023514799075201153755187988e+02
-4.7391120552044172654859721660614013671875e+04  +8.1129616354682235396467149257659912109375e+04  +1.0647984747465761756757274270057678222656e+04
-3.0630232976260113986199939972721040248871e+01  -7.3601259293022917518101166933774948120117e+02  -2.5817371277478500815050210803747177124023e+03
-4.0359787177990947384387254714965820312500e+03  +5.1076152875799216417362913489341735839844e+03  +7.7210361462135242618387565016746520996094e+03
+9.4758686504373338266304926946759223937988e+02  +7.7366862445614617627143161371350288391113e+02  -3.9652280612749603960764943622052669525146e+02
+1.3786218917530172802798915654420852661133e+03  -4.3529460236414905693891341798007488250732e+02  -2.1286244906947865729307522997260093688965e+02
-1.2162837608648586319759488105773925781250e+05  -4.0605544508681035949848592281341552734375e+04  -1.3031863510095601668581366539001464843750e+04
+4.2348608744785533417598344385623931884766e+03  +1.8280020647710541652486426755785942077637e+03  -3.0041527514575695931853260844945907592773e+03
-1.2072489351897353060394380008801817893982e+02  -1.2513111978176162608633603667840361595154e+02  +1.9063476831147673351551929954439401626587e+02
-4.9522575706150913902092725038528442382812e+04  -1.9546558314513677032664418220520019531250e+04  -8.8828574510605627438053488731384277343750e+04
-3.9369939288462234117105253972113132476807e+02  -1.0631863802307401556390686891973018646240e+02  +1.5336148552083284357649972662329673767090e+02
+6.4374413560135985790111590176820755004883e+02  +1.8933100881151603971375152468681335449219e+03  -1.4337621988470812084415229037404060363770e+03
-2.4747320197821739640176019747741520404816e+01  +1.4599586667218318325467407703399658203125e+01  -1.1394652377129855267412494868040084838867e+03
-1.9156573480839022522559389472007751464844e+04  -4.1504593678854915197007358074188232421875e+04  -2.5773051165097789635183289647102355957031e+04
+5.3520366808426379066077060997486114501953e+03  -2.1594766662651754813850857317447662353516e+03  -7.7055525012909283759654499590396881103516e+03
-2.5598834300551789056044071912765502929688e+04  -2.2391148506411260314052924513816833496094e+04  -3.7882422673944281996227800846099853515625e+04
-2.6267983100872902468836400657892227172852e+02  -1.0082979942456911430781474336981773376465e+03  -8.5261878873224679864506470039486885070801e+02
+1.6739490460030265239765867590904235839844e+04  -2.6182699972478378185769543051719665527344e+04  -1.8516513474251467414433136582374572753906e+04
+1.5367724502140779804904013872146606445312e+04  +2.3909205814967528567649424076080322265625e+04  -2.5330994227320301433792337775230407714844e+04
+3.5538239101265353383496403694152832031250e+04  -3.6730624633151572197675704956054687500000e+04  -6.0857244123973832756746560335159301757812e+03
-1.8761153224770916949637467041611671447754e+03  +9.7119317147002184356097131967544555664062e+03  -4.5916347592330675979610532522201538085938e+03
-6.0486195585292298346757888793945312500000e+03  -1.1078064857878756811260245740413665771484e+04  +4.3453917834690773815964348614215850830078e+03
+2.8736942505492574127856642007827758789062e+04  -1.2066456212470708123873919248580932617188e+04  -4.7303382617895531438989564776420593261719e+03
-3.1855271699892364267725497484207153320312e+04  +1.8124612230590559192933142185211181640625e+04  -2.0055598371290725481230765581130981445312e+04
+8.9134103115149298446340253576636314392090e+02  +3.1434447442662130924873054027557373046875e+03  -2.8380470425382287658067070879042148590088e+02
+2.9737138630541762722714338451623916625977e+03  -8.3963945211514983384404331445693969726562e+03  +5.9413946916202057764166966080665588378906e+03
-6.5693997231580112838855711743235588073730e+02  +8.5060554212722445299732498824596405029297e+02  +7.6369705012123824872105615213513374328613e+02
+1.3017221070869848063011886551976203918457e+03  -5.2306102315607413402176462113857269287109e+03  -1.8986753802865634952468099072575569152832e+03
-1.9942869481953286594944074749946594238281e+04  -1.6373444922713091727928258478641510009766e+04  +4.0575147864890645905688870698213577270508e+03
-6.1203713576433456182712689042091369628906e+03  +1.6529381310503440545289777219295501708984e+03  -1.5206606114455823330899875145405530929565e+02
-1.6941160755935857196163851767778396606445e+03  -7.4039895217406331084930570796132087707520e+02  +8.9590863643941520422231405973434448242188e+03
-7.5681373730063241964671760797500610351562e+03  -8.3389708243316126754507422447204589843750e+03  -2.2181856088270538748474791646003723144531e+04
-5.7930095322721717820968478918075561523438e+03  -6.3016895341401232144562527537345886230469e+03  -1.4127150702082531097403261810541152954102e+03
-1.2161192406428691015207732561975717544556e+02  +5.1975590005666742854373296722769737243652e+02  +7.1312266956247401594737311825156211853027e+02
-1.4242217322089791196049191057682037353516e+03  +5.0669352843280330489506013691425323486328e+03  -2.8541489104793954538763500750064849853516e+03
-7.6933219445803451890242286026477813720703e+03  -5.1922255405368123319931328296661376953125e+04  +9.0598341350673617853317409753799438476562e+03
-1.7896483207273289735894650220870971679688e+04  +1.4994638479239578373380936682224273681641e+04  +5.0447146066115310532040894031524658203125e+04
+1.1468771381675564043689519166946411132812e+04  -9.8668043675481840182328596711158752441406e+02  -7.5616192352214038692181929945945739746094e+03
+4.7210677180694565322482958436012268066406e+03  +3.9765164351633197838964406400918960571289e+03  +5.2214207136404893390135839581489562988281e+03
+2.2128864015305447537684813141822814941406e+04  +8.5574595138853819662472233176231384277344e+03  -6.0679186520809275862120557576417922973633e+02
+6.1463169493150948255788534879684448242188e+04  +1.5941668566196931351441890001296997070312e+03  -1.0789191437633791792904958128929138183594e+04
-3.0380067359253574977628886699676513671875e+04  +1.1502031286599546729121357202529907226562e+05  -9.5324846352436405140906572341918945312500e+04
+6.3913501156246711616404354572296142578125e+04  +1.5624974396539645385928452014923095703125e+05  -2.4689108453947652014903724193572998046875e+05
+4.6085629704456988520178128965198993682861e+02  -6.2108995214464284799760207533836364746094e+03  +2.7930085859906434961885679513216018676758e+03
+1.7699511625516457570483908057212829589844e+04  -1.2172870300849306659074500203132629394531e+04  +4.4464216022758962935768067836761474609375e+04
+5.6355976262315507483435794711112976074219e+03  +3.9762456162735135876573622226715087890625e+04  -3.1148445761093189503299072384834289550781e+04
-2.7583624167357352234830614179372787475586e+03  +3.2019126345349300208908971399068832397461e+03  -3.9486573224761809797200839966535568237305e+03
+3.8583475280429397571424487978219985961914e+03  +9.1425541846283522318117320537567138671875e+04  -3.1465760513482127862516790628433227539062e+04
+4.9047805789517333323601633310317993164062e+03  -6.0591082280518612606101669371128082275391e+03  +3.1639488158244631677007419057190418243408e+02
-1.7643549394788520294241607189178466796875e+05  -4.5396311620780266821384429931640625000000e+04  +2.5105108299564794833713676780462265014648e+03
+1.4156741928813264166819863021373748779297e+04  -2.9067705147826504799013491719961166381836e+03  -7.0889394674061431942391209304332733154297e+03
-1.7376930053595300705637782812118530273438e+04  +1.1894069987578081054380163550376892089844e+04  +1.0252427987768730872630840167403221130371e+03
+2.0429316999951265643176157027482986450195e+02  +2.5429141581961346219031838700175285339355e+02  +2.5963743605314650864102077321149408817291e+01
+7.3560426012238967814482748508453369140625e+03  +2.3970102955654001561924815177917480468750e+03  +1.4576703156568908525514416396617889404297e+04
-3.0284993688001964073919225484132766723633e+03  +1.0110385673678410967113450169563293457031e+04  -3.2243647573185348846891429275274276733398e+03
+9.3547569076618092367425560951232910156250e+03  -1.8351370258474013098748400807380676269531e+04  -2.6695376961219313670881092548370361328125e+04
-4.4874475539369659600197337567806243896484e+03  -7.9876617177974221704062074422836303710938e+03  +1.2443542805082004633732140064239501953125e+04
-5.2695463444970073396689258515834808349609e+03  +1.3597836042720315163023769855499267578125e+04  -9.0380459342415906576206907629966735839844e+03
-1.4064493019411553177633322775363922119141e+04  +2.1748507114524804819666314870119094848633e+03  -1.6977583720717353571671992540359497070312e+04
-5.4132878419018907152349129319190979003906e+03  -3.7539605134834228010731749236583709716797e+03  +1.7138328282451402628794312477111816406250e+03
+2.7157184974596771644428372383117675781250e+05  +1.1337636637816220172680914402008056640625e+05  +1.5045416042652592295780777931213378906250e+05
+1.5024686143170996729168109595775604248047e+04  +1.0402198451632086289464496076107025146484e+04  -4.9333020162689108474296517670154571533203e+03
+5.9955474941525892518257023766636848449707e+02  -9.2898416175667516654357314109802246093750e+03  +5.6221072537569249107036739587783813476562e+04
-8.3713096696004328123308368958532810211182e+01  +2.1379627790947844800939492415636777877808e+02  -1.2167532592396527491018787259235978126526e+02
-9.8476873218460036696342285722494125366211e+02  +1.5203606400883314563543535768985748291016e+04  -5.7918631782948414183920249342918395996094e+03
-1.0259685729132145297626266255974769592285e+03  +1.7691026921707093606528360396623611450195e+03  +2.3561597330254599000909365713596343994141e+03
-2.1760144918754649552283808588981628417969e+03  -2.6493083544068504124879837036132812500000e+03  -1.4659837112361278741445858031511306762695e+03
-1.1587009984510492358822375535964965820312e+04  +2.0642200379798679932719096541404724121094e+04  -1.7361444731803941976977512240409851074219e+04
-2.7658826355340295322093879804015159606934e+02  +2.7838217974000981485005468130111694335938e+03  +1.3963107932341292780620278790593147277832e+03
-1.8043104268004722001705886214040219783783e+01  +4.1295689015598588866851059719920158386230e+02  -1.1465432482202589881126186810433864593506e+02
-6.9340455744847895402926951646804809570312e+03  +3.6887770742088005135883577167987823486328e+03  +1.5498955556553876249381573870778083801270e+03
-1.0520024231817801592114847153425216674805e+03  -8.2620703101874551066430285573005676269531e+02  +7.5487657888945216200227150693535804748535e+02
+2.6005417023362028885458130389451980590820e+03  -3.2029940547329829314548987895250320434570e+02  +4.4154486796381218027818249538540840148926e+02
-2.7916537792041498278194922022521495819092e+02  -1.0746725047482576087531924713402986526489e+02  +1.3760324730600740394947933964431285858154e+02
-1.5668112307374899501155596226453781127930e+03  +9.6945827086394763227872317656874656677246e+02  -3.1828385228701813502993900328874588012695e+03
+1.1208820903861426359071629121899604797363e+03  +5.6535814368369483418064191937446594238281e+03  -2.2764173875889960072527173906564712524414e+03
+2.3678042324566500610671937465667724609375e+04  +8.3070245616327538300538435578346252441406e+03  -2.5738049745055097446311265230178833007812e+04
-2.0864246901374644949100911617279052734375e+03  -8.1822473883395241500693373382091522216797e+02  +3.5738998919915447913808748126029968261719e+03
-9.9112628381913464181707240641117095947266e+02  -3.9453252701595447433646768331527709960938e+03  +1.5841973585750283746165223419666290283203e+03
+6.0380451664999254717258736491203308105469e+03  -1.8443012591258888278389349579811096191406e+04  -1.5939918281377913081087172031402587890625e+05
-5.4769282286573688907083123922348022460938e+03  +6.2927443886277287674602121114730834960938e+03  -1.9885583206211804281338118016719818115234e+03
-5.8760646929462302068714052438735961914062e+04  +2.0098231802598922513425350189208984375000e+04  +3.0241132144096554839052259922027587890625e+04
+1.1306887491271070757647976279258728027344e+04  -9.7983432867507544870022684335708618164062e+03  +3.4785552744839701517776120454072952270508e+03
+5.1097576277630187178147025406360626220703e+03  -3.4177934131277396545556257478892803192139e+02  -1.7752617646959974990750197321176528930664e+03
+6.0170783138395461264735786244273185729980e+02  -2.5354048976021044836670625954866409301758e+03  +7.0053974575444681249791756272315979003906e+03
+9.1065519038831155285151908174157142639160e+01  -4.5830241441487868314652587287127971649170e+02  -1.2753743915170279876747372327372431755066e+02
+4.7287127025464622420258820056915283203125e+04  +4.6135821530037406773772090673446655273438e+04  +3.0874186399970667480374686419963836669922e+03
-1.4241453347808906983118504285812377929688e+04  +1.2047742452025803504511713981628417968750e+05  -1.4992616201331788033712655305862426757812e+04
+4.3856333997646052011987194418907165527344e+03  +5.7388087263207880823756568133831024169922e+03  +7.5228392229702385520795360207557678222656e+03
-8.8913776526548954279860481619834899902344e+03  +1.7743488912232105576549656689167022705078e+03  -7.1522572675213650654768571257591247558594e+03
+2.2662617681693081976845860481262207031250e+03  +5.1274467248276710051868576556444168090820e+02  -2.4629884064452363645614241249859333038330e+02
+2.2219964794189101553456566762179136276245e+02  +7.8424723176916472766606602817773818969727e+01  -2.0127424305852210295597615186125040054321e+02
