DirectForce: 63604; ParticleCell: 50578; NodesUsed: 456; NodesAvailable: 500; TimeLoad: 0.000124937; TimeUpward: 1.2913e-05; TimeForce: 0.00632084; TimeTotal: 0.00646988
1000

-1.8631427839261684766825055703520774841309e+03  -3.0378718553223061462631449103355407714844e+03  -1.1078901624008453836722765117883682250977e+03
-4.8340709608581891032486055337358266115189e+00  -1.1351689005727005010726315958891063928604e+01  +7.9664060633222277818532575111021287739277e-01
+1.9885361161443361766032467130571603775024e+02  -1.7327220765489755649468861520290374755859e+02  +1.6216306908208559889317257329821586608887e+02
+7.7865974587467644596472382545471191406250e+02  -4.7708378241396667363005690276622772216797e+02  +1.6233416864215969326323829591274261474609e+03
+1.1800281811777874736435478553175926208496e+03  -1.5906320721290762776334304362535476684570e+03  -7.0859735437549784364819061011075973510742e+02
+1.6556687387680535721301566809415817260742e+03  -1.4392492747292660624225391075015068054199e+03  -2.8420562761407009020331315696239471435547e+03
-4.8852490131834902058471925556659698486328e+03  -5.8882460809234785870103223714977502822876e+01  +3.2245162097156744493986479938030242919922e+03
-1.4694013329512699783663265407085418701172e+01  +4.4159354134957808923900302033871412277222e+01  +6.1996291722162638393456290941685438156128e+01
-3.5385097295784639754856470972299575805664e+03  -1.1959366681820040412276284769177436828613e+03  +2.2297142880379060443374328315258026123047e+03
+3.3618757522884038735355716198682785034180e+01  +3.2976000140527692572334217402385547757149e+00  -3.5481233454272100402704381849616765975952e+01
-1.9257399314326958119636401534080505371094e+03  +1.8902818235808837243894231505692005157471e+02  -1.1175422791262819828261854127049446105957e+03
+3.5720234232876864552963525056838989257812e+03  -8.8668684633317479892866685986518859863281e+02  -3.0031516693472570977974100969731807708740e+02
+1.9423730629201677402306813746690750122070e+03  -4.4865716370343989183311350643634796142578e+03  -2.4235461176803373746224679052829742431641e+03
-3.2509106895128343239775858819484710693359e+02  -1.8510882865533972108096349984407424926758e+02  -5.1668016174797776329796761274337768554688e+02
+2.1746726332882981296279467642307281494141e+03  -2.7411351770807782486372161656618118286133e+03  +1.0245577682481468855257844552397727966309e+03
-3.5282460672014769897941732779145240783691e+02  -7.1925319922537525485495280008763074874878e+01  +1.4828088853720436190997133962810039520264e+02
+1.8305877504716879684565356001257896423340e+03  +2.8001097298682261680369265377521514892578e+03  -3.2169589696466991881607100367546081542969e+03
-1.4437887409072764910433761542662978172302e+01  +2.4451530813048830026446012197993695735931e+01  +1.6133583310294145718444269732572138309479e+01
+1.0789904258864522853400558233261108398438e+05  +8.9746533923154347576200962066650390625000e+04  +1.9856818836320628179237246513366699218750e+05
-2.7013526419953592494493932463228702545166e+02  -1.0862038290805942324368515983223915100098e+03  +1.7859263746170115609857020899653434753418e+03
+1.5913070537203537924142437987029552459717e+02  +8.3950249893200634687673300504684448242188e+02  -1.2097801291689972913445672020316123962402e+03
-1.0731974361416766896581975743174552917480e+03  -9.8509693744469041121192276477813720703125e+02  -5.6370861553554914280539378523826599121094e+02
-7.1589225511364054455043515190482139587402e+02  +1.4302034993483059110985777806490659713745e+02  +3.6688960786378920602146536111831665039062e+03
+4.7707175656263109431165503337979316711426e+02  +7.9832879491776679969916585832834243774414e+01  -2.1604183538757737892410659696906805038452e+02
+2.1244756816515752007035189308226108551025e+02  +1.4212883717971028545434819534420967102051e+03  -1.0896246272092901108408113941550254821777e+03
-1.7009473251508093198935966938734054565430e+03  -5.0070341849725900829071179032325744628906e+02  +8.5507090858480194128787843510508537292480e+02
+8.3598215558826825599680887535214424133301e+02  -1.5467803452753446435963269323110580444336e+03  +1.3346504537451901342137716710567474365234e+03
+4.7600563080857664317591115832328796386719e+03  -1.9275704577107928798795910552144050598145e+03  -2.4774644843451028464187402278184890747070e+03
+3.4225937485075417043844936415553092956543e+02  -1.9859520457463995626312680542469024658203e+03  +3.0667244792086556515187112381681799888611e+01
+2.7618438246913401599158532917499542236328e+03  +3.0212178502474034758051857352256774902344e+02  +5.6945577652520978517713956534862518310547e+03
-4.2403618891897724552109139040112495422363e+02  +2.2972549106077940450632013380527496337891e+03  -1.3673954124789934212458319962024688720703e+03
-8.8922494565589307313757672091014683246613e+00  -7.3869217307848953169013839215040206909180e+02  +2.8860105792632123211660655215382575988770e+02
-2.1654736822923023709108747425489127635956e+01  +6.3381070357197484099742723628878593444824e+02  +7.8118047883888141313946107402443885803223e+02
+1.5136403788500106770698039326816797256470e+02  -3.7552318354137632638867216883227229118347e+01  -1.0144095941973390040402591694146394729614e+02
-5.4938217694448894690140150487422943115234e+02  -1.6973663616829869624780258163809776306152e+03  +2.4684026265620036610926035791635513305664e+02
+2.6961882042843608360271900892257690429688e+03  +4.1752137493796835769899189472198486328125e+03  +5.0886122103064417387940920889377593994141e+03
+4.3348292144963778582678060047328472137451e+02  -1.3010646298844978900888236239552497863770e+03  +4.2056796724403545795212266966700553894043e+02
-2.2932184504782703697856049984693527221680e+03  -2.1403222006747577665919379796832799911499e+02  +2.8421243099615156779691460542380809783936e+02
+2.8138514194251212074959767051041126251221e+02  +7.1395774443635457373602548614144325256348e+02  -7.6888700619536359681660542264580726623535e+02
-7.4626477504265803872840479016304016113281e+03  -1.2657127029716188189922831952571868896484e+04  +2.9420028583026432897895574569702148437500e+03
-3.6038440043447866401038481853902339935303e+02  -4.9684219821237934411328751593828201293945e+02  +2.1151217578251615236695215571671724319458e+02
+4.8468414887965302284555946243926882743835e+01  +1.8793961395530578784018871374428272247314e+02  +3.7908282140444384822330903261899948120117e+01
-2.0095649887388870524773665238171815872192e+02  -2.1338384523044433649374695960432291030884e+02  -7.9779724524152095455065136775374412536621e+02
+5.9665161743105943514819955453276634216309e+02  -1.4146301329104792330326745286583900451660e+03  +6.4863536876987613055689507746137678623199e+00
-8.8251208133275795262306928634643554687500e+03  +4.7421332297651988483266904950141906738281e+03  +1.1350819477884551815805025398731231689453e+04
+2.7409730936289656710869167000055313110352e+03  +3.4492421429903479292988777160644531250000e+04  -8.9262657358424621634185314178466796875000e+03
-1.8165747020106298350583529099822044372559e+03  -2.3015346974549748892968636937439441680908e+02  -4.9731297926533858344555483199656009674072e+02
+7.9172975327753883902914822101593017578125e+03  +1.3981044667723268503323197364807128906250e+04  +5.6626645780131548235658556222915649414062e+03
+1.5599029078332939661777345463633537292480e+03  +4.9807189018591787316836416721343994140625e+04  +6.2352232157663838734151795506477355957031e+03
-6.2677789160587633432442089542746543884277e+02  -9.8075830847785319122067448915913701057434e+00  +1.5719279549234847763727884739637374877930e+03
+4.4497486134829814545810222625732421875000e+03  +6.8108889163057096993725281208753585815430e+02  +1.4460234382485205060220323503017425537109e+03
+1.2461439648936241155752213671803474426270e+03  +2.4609711197749124949041288346052169799805e+03  -4.9877333445925760315731167793273925781250e+03
+1.8554023602299920980840397533029317855835e+01  -2.3385118759104934724746271967887878417969e+03  +4.8296951907353832211811095476150512695312e+02
-7.3476994942348667905207548756152391433716e+01  -1.1030085673225627829197037499397993087769e+02  -1.3692992871668732846046623308211565017700e+02
-1.6818618247032375734306697268038988113403e+02  -7.6599647425535522415884770452976226806641e+01  -4.6768027742604982677221414633095264434814e+02
+1.3024950933802199415367795154452323913574e+03  +1.7543412135555845452472567558288574218750e+03  +5.9174684494900168374442728236317634582520e+02
-4.9328953475288801655551651492714881896973e+02  +4.6857200537693948660944442963227629661560e+01  -4.0712852507318865491470205597579479217529e+02
-7.6838368232624088705051690340042114257812e+02  -2.9979453115849642017565201967954635620117e+03  -8.7716932736833132366882637143135070800781e+02
+2.4923277058859897806541994214057922363281e+04  -2.8730902971744706064782803878188133239746e+02  -9.7698465277108026416641450850875116884708e-01
-6.2744157706836222132551483809947967529297e+03  +5.4511436535588454717071726918220520019531e+03  -1.9739954127515520667657256126403808593750e+04
+2.5618666313423918978742221952416002750397e+01  -3.3332608944037519904668442904949188232422e+02  +8.1319643577639965315029257908463478088379e+02
+7.9926734430640817663515917956829071044922e+02  -1.2990620599607832446054089814424514770508e+03  +3.9414189133699069316207896918058395385742e+03
-3.4033286928933461013002670370042324066162e+02  -1.0688105448784064321898767957463860511780e+02  +2.0874894624241318297208636067807674407959e+02
+1.6415422438082615030907618347555398941040e+02  -2.8270074216914656517474213615059852600098e+02  -1.4484501760205179721197055187076330184937e+02
-2.4292795633949339162427349947392940521240e+02  -7.2493743541460148094301985111087560653687e+01  -9.6418460486222912209086643997579813003540e+00
+5.4016136884683346579549834132194519042969e+03  +1.0514841084558288741845899494364857673645e+02  +4.2285706967479691229527816176414489746094e+03
+1.0381245858758797112386673688888549804688e+04  -6.0969933919738809890986885875463485717773e+02  +3.1284971814107752834388520568609237670898e+03
-1.6643977336086225022881990298628807067871e+03  +2.2924113984435874158407386858016252517700e+02  +1.6790662236337889225978869944810867309570e+03
-9.5152588983764017029898241162300109863281e+03  -1.1733882349778474235790781676769256591797e+04  +1.4693319173552436404861509799957275390625e+05
+1.3810487597254632419208064675331115722656e+04  -5.0575297244285479791869875043630599975586e+02  -1.0408958568097188617684878408908843994141e+04
+4.4141761491420460572498996043577790260315e+01  -4.8344622394484958931570872664451599121094e+03  -2.4515444249321230927307624369859695434570e+03
+5.6189339281336060594185255467891693115234e+02  +1.0978384111354782817215891554951667785645e+03  -1.2643390981588387589340527483727782964706e+01
-3.9373285995788464788347482681274414062500e+03  -2.6603982149178824556656763888895511627197e+02  -3.0265793275450223518419079482555389404297e+03
-2.1475305213329024809354450553655624389648e+03  +2.0185158730949897289974614977836608886719e+03  +1.1437365110632703363080509006977081298828e+04
-2.7340962628484845708953798748552799224854e+02  +5.4311363668999689480187953449785709381104e+01  +2.2544028100695055627511464990675449371338e+02
+1.1213917008281805465230718255043029785156e+02  +1.1798970555261591925955144688487052917480e+03  +2.0282385109801221005909610539674758911133e+03
+3.6842315598430313912103883922100067138672e+03  -2.1018621641826193808810785412788391113281e+03  -2.3034775458769186116114724427461624145508e+03
+1.2007789852605876603774959221482276916504e+03  +8.9630881430477995763794751837849617004395e+02  -1.9136071175636573116207728162407875061035e+03
-8.0460071426574472752690780907869338989258e+01  -1.0331901588307508177422278095036745071411e+02  +4.2532248310450250983194564469158649444580e+02
+1.0920151752124623101281031267717480659485e+02  +3.2694390742777181912970263510942459106445e+02  -1.3089913089636645509017398580908775329590e+03
+1.5674575532226367613475304096937179565430e+03  -3.1917128274444830822176299989223480224609e+03  +2.7311075092893465807719621807336807250977e+03
-2.6200850176603776162664871662855148315430e+03  +7.2581708687543607538827927783131599426270e+02  -1.1870820325710855058787274174392223358154e+02
+2.3437969260745308019977528601884841918945e+02  -1.7203707535405901580816134810447692871094e+03  -2.7723904073309099658217746764421463012695e+03
-1.3068567264863411310216179117560386657715e+03  -3.3719170926701785901968833059072494506836e+03  +1.3381227129647256788302911445498466491699e+03
+9.0757791439359873919556775945238769054413e+00  +5.3095423870263175558648072183132171630859e+01  +4.9984831780994923633443249855190515518188e+01
-8.7667840811338149098475014397990889847279e-01  -1.2833252188683657024625972553621977567673e+01  -5.2227781361673557114499999443069100379944e+01
+2.5565302681264827810991846490651369094849e+02  +3.2301316015803777759174408856779336929321e+01  +5.1636728352586288792736013419926166534424e+01
-3.3075977079392105224542319774627685546875e+03  +1.8007671155434425600105896592140197753906e+04  -1.2238601476121875748503953218460083007812e+04
-4.7197354792221041464017616817727684974670e+01  -1.3465362983212008884947863407433032989502e+02  -1.4851399584382477314647985622286796569824e+03
-3.9632250916218213205866049975156784057617e+03  +2.1822855609221191116375848650932312011719e+04  +1.8882983774911383079597726464271545410156e+04
-3.9745277642814151874972594669088721275330e+01  -2.5000175819069904719071928411722183227539e+03  +1.0203137756302363641225383616983890533447e+03
+8.8075136302773421448364388197660446166992e+02  -1.4143480437326658716301608365029096603394e+02  -6.4357340567151811683288542553782463073730e+02
+1.0564834888515029831523861503228545188904e+01  -1.8869468684766291062260279431939125061035e+03  -1.3365645639443093841691734269261360168457e+03
+6.8509805212523997397511266171932220458984e+02  +2.6804380495586485722014913335442543029785e+02  +3.9227772014395832229638472199440002441406e+03
+2.0381021464029236085480079054832458496094e+03  -1.8092074628854763886920409277081489562988e+03  +3.3555922960065809093066491186618804931641e+03
-6.0657812800590534152433974668383598327637e+01  +4.2373671824062482116346473048906773328781e+00  +2.5585434891716846550480113364756107330322e+02
+5.5102500084375935784919420257210731506348e+02  +1.4297050066336560121271759271621704101562e+03  -1.5336012527439286259323125705122947692871e+03
-3.2960728516222772555011033546179533004761e+01  +9.9468225423872524970647646114230155944824e+00  +5.2252090311692569457591162063181400299072e+01
+3.6133425451773247914388775825500488281250e+04  +1.9899891695299626007908955216407775878906e+04  -1.0383516768779630365315824747085571289062e+05
-3.6677940568171819904819130897521972656250e+04  -7.0175401743833645014092326164245605468750e+04  -8.4930230622192568262107670307159423828125e+04
-1.4708519331025115661759627982974052429199e+03  +5.0591098846926570331561379134654998779297e+02  -2.3437024592138413936481811106204986572266e+02
-5.4799996002878242506994865834712982177734e+02  -2.7568180874486538414203096181154251098633e+03  -1.3151024004367320685560116544365882873535e+03
-3.9539859377190746272390242666006088256836e+03  -1.4368898099677503523707855492830276489258e+03  -6.9544625732055678213328064884990453720093e+01
-1.0227316670476706121917231939733028411865e+03  +9.5379335331662889529980020597577095031738e+02  +6.0805130961352438134781550616025924682617e+02
+8.3768277211552072003541979938745498657227e+02  -8.4670837835282600281061604619026184082031e+02  +1.2800084118041818328492809087038040161133e+03
-4.6507848224407842963046277873218059539795e+02  -1.1257544118435489508556202054023742675781e+03  -3.1105573723262841667747125029563903808594e+02
-1.8360001893141170512535609304904937744141e+03  +1.3055136894505794771248474717140197753906e+03  -3.8420604447406628878525225445628166198730e+02
+8.8373922963193365376355359330773353576660e+02  +4.3536746975053864616711507551372051239014e+02  -2.0896630377133856200089212507009506225586e+03
+4.4932325856133701336148078553378582000732e+02  +3.3222885789331132855295436456799507141113e+02  +3.3803937587743558879083138890564441680908e+02
-9.2377829016397512873481900896877050399780e+01  +1.3164749174328912317832873668521642684937e+02  -7.0546520521458788266500050667673349380493e+01
+9.3960298655316307758766924962401390075684e+01  +4.1446081274729209553697728551924228668213e+01  +8.7190886385779151623864891007542610168457e+01
+3.8955874332009843783453106880187988281250e+03  +1.7120049065611401601927354931831359863281e+03  -2.2473965111598367911938112229108810424805e+03
+2.0310104101557183184922905638813972473145e+03  +4.4818657987315609716461040079593658447266e+03  -1.8682745537273453351190255489200353622437e+02
-3.7232230852039347155368886888027191162109e+03  +5.5041201343626198649872094392776489257812e+03  -7.2353415695962767131277360022068023681641e+03
-6.1163891734865694616019027307629585266113e+02  +1.1152948520319177987403236329555511474609e+03  -1.9143705557026635233341949060559272766113e+03
-6.1171455243590507961926050484180450439453e+03  +2.6006512251433929350241669453680515289307e+02  -2.6381386263162735303922090679407119750977e+03
+9.8511174655635386443464085459709167480469e+03  +4.5603485534395622380543500185012817382812e+03  +8.1371965382648113518371246755123138427734e+03
-4.5691621889787592181164654903113842010498e+02  +2.9604007448548077263694722205400466918945e+02  -1.0239722626418109996393468463793396949768e+02
-7.9478943458301401392418483737856149673462e+01  -3.2536169706661718237228342331945896148682e+02  -2.9414204156963046443706844002008438110352e+02
+1.6917608244894699964788742363452911376953e+03  +2.7648487940751374480896629393100738525391e+03  +2.1175376819016391891636885702610015869141e+03
+4.4366472843017991181113757193088531494141e+03  -1.6952915067054723294859286397695541381836e+03  +2.0230744566938462867256021127104759216309e+03
-6.3894362267964985221624374389648437500000e+04  +1.1713114612908243725541979074478149414062e+05  -3.1083182761784697504481300711631774902344e+04
+2.6725601026729196973974467255175113677979e+02  -3.9085947428103613674466032534837722778320e+03  -1.9897311542944930806697811931371688842773e+03
-4.3299242761516825339640490710735321044922e+02  -1.5599572947126205235690576955676078796387e+02  +2.7984744725840675982908578589558601379395e+02
+1.4133442790682099712284980341792106628418e+03  -3.0292815377535653169616125524044036865234e+03  -1.1926201426878594702429836615920066833496e+03
+1.9027956926071254883936489932239055633545e+02  +3.6970852023742935443806345574557781219482e+02  -8.8068005332505819637844979297369718551636e+01
-9.1709857419927557202754542231559753417969e+03  -6.9176996695101724981213919818401336669922e+03  -2.3265876995679668652883265167474746704102e+03
+2.7858425125959638535277917981147766113281e+03  -4.0687844188657015820353990420699119567871e+02  +6.0174859945322923522326163947582244873047e+03
-7.8921984868922436362481676042079925537109e+03  +1.1599027360494823369663208723068237304688e+05  -4.7517754889331044978462159633636474609375e+04
-2.1223929375219751818804070353507995605469e+04  +4.5754630089658130600582808256149291992188e+04  +9.8662261431162289682106347754597663879395e+02
-1.4623300153482323366915807127952575683594e+03  -9.4898961168071537031210027635097503662109e+02  +1.5881534499190064479989814572036266326904e+02
+5.8356751130874063164810650050640106201172e+03  -9.3936171275974484160542488098144531250000e+03  +1.0579462519340386279509402811527252197266e+03
-3.5278228381979533878620713949203491210938e+04  -7.9028110490233411837834864854812622070312e+03  +2.9613304399774049670668318867683410644531e+04
-1.4648632821367354495123436208814382553101e+02  +4.7657457429336380982931586913764476776123e+02  -2.0989634766487176875671138986945152282715e+02
-4.3817252690396944672102108597755432128906e+03  +9.7266811012907546682981774210929870605469e+03  +1.2721362315603386377915740013122558593750e+04
-2.0641442653106696525355800986289978027344e+03  +7.7370264013741106623456289526075124740601e+01  -7.3232996683603619203495327383279800415039e+02
-2.3839128342470571624289732426404953002930e+03  -1.9262993529994482742040418088436126708984e+03  +1.1709085604616013824852416291832923889160e+03
-1.6937124372618913184851408004760742187500e+04  +3.3612963321945579082239419221878051757812e+04  +2.9386548791963232361013069748878479003906e+04
-4.5535375384975020551792113110423088073730e+02  +5.4517205441768874152330681681632995605469e+02  -1.4491398247636382166092516854405403137207e+03
-2.5501932253109251291789405513554811477661e+02  +8.8064488327158676383987767621874809265137e+02  -3.4155695646578169544227421283721923828125e+03
-6.3244002676194725154346087947487831115723e+02  +7.4942192062370281746552791446447372436523e+01  +4.5376668869276187479044892825186252593994e+01
-5.1565421249111905126483179628849029541016e+03  -3.5099888118312537699239328503608703613281e+02  -7.5850185091786315751960501074790954589844e+03
-1.9778560825469947303645312786102294921875e+04  -2.5261867725071144377579912543296813964844e+04  -7.9436383758394658798351883888244628906250e+03
-1.5793006336718169677624246105551719665527e+03  -7.8345884174009756861778441816568374633789e+02  -6.6345134633280645175545942038297653198242e+02
+1.0324721802970437067870079772546887397766e+02  +3.1014950812475112797983456403017044067383e+03  +6.0408253498490421407041139900684356689453e+02
-3.8897421990086249934392981231212615966797e+03  +6.0716912644316280420753173530101776123047e+03  +6.7703490866140155048924498260021209716797e+03
-3.1622024559641104133334010839462280273438e+03  -3.8512529618599451168847735971212387084961e+03  +4.9586793449174456327455118298530578613281e+03
-2.7506153999604593991534784436225891113281e+03  +2.1793687749829437052540015429258346557617e+03  -8.8709676108852829656825633719563484191895e+02
-6.0218295361506181961885886266827583312988e+02  +5.3771880890397585517348488792777061462402e+02  -7.1634838566628786793444305658340454101562e+02
-4.5277821547090479725738987326622009277344e+02  +1.5833315852744740936941525433212518692017e+02  +1.7883384141653385768222506158053874969482e+02
+1.0746059292785032084793783724308013916016e+04  -3.9721776110060063729179091751575469970703e+03  +5.0616101112429587374208495020866394042969e+03
-2.9264661872575943561969324946403503417969e+03  -3.5680423147782494197599589824676513671875e+03  +8.6001497770869627856882289052009582519531e+02
+1.8442032197683540289290249347686767578125e+04  +7.5905254790698245415114797651767730712891e+03  +7.5857935610186059420811943709850311279297e+03
+3.5850816060773456683818949386477470397949e+02  +6.7169377333622165338056220207363367080688e+01  +5.7552313110864361078711226582527160644531e+02
-9.6866784979145190703775369911454617977142e+00  -9.4196575214675749521120451390743255615234e+02  +1.3585130517764704904948303010314702987671e+02
-1.5583883419155799288091657217592000961304e+02  -2.3901871685206901929632294923067092895508e+02  +1.1645343191137597216311405645683407783508e+02
-2.4787019504905606481770519167184829711914e+03  +2.3771382142314598695520544424653053283691e+02  +4.3048946181331325533392373472452163696289e+02
+4.3151167635837680336408084258437156677246e+02  -1.4227165181942382332636043429374694824219e+03  -5.8283012525442782134632579982280731201172e+03
-3.1714444136315538713688511052168905735016e+01  -6.9356010392645558226831781212240457534790e+01  -5.0235047466537196214630967006087303161621e+01
-1.3160118373355061294205370359122753143311e+01  -1.3798241683616607744511384225916117429733e+01  +4.7819203705432515860707098909188061952591e+00
-7.1668453000349970238858077209442853927612e+01  -4.3557217954797715719905681908130645751953e+02  -2.9073773635736660025941091589629650115967e+02
-3.1646367777081572967290412634611129760742e+03  +1.9310307065159852299984777346253395080566e+03  +1.5899636084688779646967304870486259460449e+03
-2.6004524610423743524734163656830787658691e+02  -4.3380844978485168894621892832219600677490e+02  -4.1004632732904116210193024016916751861572e+02
+1.0193514575876918115682201460003852844238e+01  +5.1433927851064629166444319707807153463364e+00  -6.1517541565600923902934482612181454896927e+00
+2.7639090520808313158340752124786376953125e+03  +1.3160278607762709270900813862681388854980e+03  -3.6045888073679716399055905640125274658203e+03
+1.1829637361394652543822303414344787597656e+03  +4.3309661911300059955465258099138736724854e+02  -1.7697687321602541032916633412241935729980e+03
+9.2537272586036465327197220176458358764648e+02  +1.1308569686855176428252889309078454971313e+02  -1.9289308446549972586581134237349033355713e+02
-1.9097903046163817180058686062693595886230e+03  +7.1405457501814942133933072909712791442871e+02  +9.3105731424517045979882823303341865539551e+02
+1.3296813672339641243524965830147266387939e+02  +4.1777749394923034742532763630151748657227e+02  +1.2799982541127832291749655269086360931396e+02
-1.3673581607897412482088839169591665267944e+02  -1.1329157178788021553828002652153372764587e+02  -1.3987993935019391145146983035374432802200e+01
-6.0312596561581550247410632437095046043396e+01  +7.7743178424016878125257790088653564453125e+02  -1.6222336712043176021325052715837955474854e+02
-4.4274384491232399341242853552103042602539e+02  -5.6814618477093326021076791221275925636292e+01  +7.5101017448657898967212531715631484985352e+01
+1.1953144762098521880488988244906067848206e+02  +6.6947831139684907952869252767413854598999e+01  +1.4663556688793423887773315072990953922272e+01
-7.0552638802536978346324758604168891906738e+02  -3.9474737103596572751484927721321582794189e+02  -2.6578173184305950371708604507148265838623e+02
-1.3366040257748823023575823754072189331055e+03  +1.1131799296744298771955072879791259765625e+04  +7.2045993821657702937955036759376525878906e+03
+5.3551867918501829990418627858161926269531e+03  -7.7459495672135165023064473643898963928223e+02  -3.4753290146844879018317442387342453002930e+03
+9.9588081654917090190792805515229701995850e+01  -7.5009917666954015658120624721050262451172e+02  -5.1549033255785434448625892400741577148438e+02
+7.4660285279189076845796080306172370910645e+02  +2.4233491640034040415230265352874994277954e+02  -7.9729633976436684861255344003438949584961e+02
-6.4623225507436939096805872395634651184082e+02  +1.1665436852554390156910812947899103164673e+02  -1.7223508909392930377180164214223623275757e+02
+5.4908985818193741579307243227958679199219e+01  -5.7892874146896389220273704268038272857666e+01  -6.9655273309035550255430280230939388275146e+01
-9.7015373869309406984484667191281914710999e+00  -2.8360039557586055991578177781775593757629e+01  -6.5344780549763328281187568791210651397705e+01
-1.6478019794276808624999830499291419982910e+03  +2.1894794163433061839896254241466522216797e+03  -1.0067206044593890510441269725561141967773e+03
+9.4898235151742005655250977724790573120117e+02  +2.9718375990110098427976481616497039794922e+02  -6.6114856209540203053620643913745880126953e+03
-6.5964569610506341632572002708911895751953e+03  -5.7872439227276902329322183504700660705566e+02  -9.0596364198534520255634561181068420410156e+03
+6.3846332127279774795169942080974578857422e+03  +4.4113243378936585941119119524955749511719e+03  -6.0148981142114871545345522463321685791016e+02
+2.5348440572335846809437498450279235839844e+04  +1.2204930341601464533596299588680267333984e+04  +4.2209278306849400905775837600231170654297e+03
+2.8875161307970859343186020851135253906250e+05  +1.2626556588715713587589561939239501953125e+05  +2.8890377962595596909523010253906250000000e+05
+1.8187733843977090941734786611050367355347e+02  -1.2556343946831152607046533375978469848633e+03  +3.7577614389556269998138304799795150756836e+03
-2.9357143032656637160471291281282901763916e+02  -1.2674594567240180822409456595778465270996e+03  -2.6645776367205024826034787110984325408936e+02
+2.4067931579244112072046846151351928710938e+04  -2.4389815055305407440755516290664672851562e+04  +3.6839205332495730544906109571456909179688e+04
+1.3182328498751348888617940247058868408203e+02  +5.3959996542684598352934699505567550659180e+02  +9.6946787650370936262333998456597328186035e+02
+8.0678567802906854922184720635414123535156e+02  +2.2782680753924032615032047033309936523438e+03  +2.0560946720271672347735147923231124877930e+03
+6.0256096758602598129073157906532287597656e+03  -2.3707065282082780299788282718509435653687e+02  -5.9977842304177447658730670809745788574219e+03
-5.0139379645089466066565364599227905273438e+03  -1.2359299664480728097259998321533203125000e+04  -2.9248885919455710791226010769605636596680e+03
+2.8348932141437737300293520092964172363281e+04  +2.8656275108174169872654601931571960449219e+04  +3.0315207029553677421063184738159179687500e+05
+6.0315735831065546790341613814234733581543e+02  -7.8788875823679393306520069018006324768066e+02  -1.7556164287780952690809499472379684448242e+03
+1.7365672518285373371327295899391174316406e+02  +1.0458019292051851607538992539048194885254e+03  -1.7992746363048141233775822911411523818970e+02
-2.8778499306008630043152152211405336856842e+01  -9.1968348773200290224849595688283443450928e+00  -1.0059799664642736161113134585320949554443e+02
+2.2092928461409637748147360980510711669922e+03  +1.9051089672999530648667132481932640075684e+03  -6.2527277956378179624152835458517074584961e+02
-7.8401824118046861258335411548614501953125e+04  -3.1450937529308139346539974212646484375000e+04  +4.3097570388391010055784136056900024414062e+04
+3.5100472470148520187649410218000411987305e+03  -5.3693331717735918573453091084957122802734e+03  -3.2869324760587227274299948476254940032959e+02
-3.7883247625592326812693499960005283355713e+02  +2.0801091132634301175130531191825866699219e+03  -2.9828139524223001899372320622205734252930e+02
-2.7563878518180672472226433455944061279297e+03  -1.3497952107554992835503071546554565429688e+03  -7.3397157095660645609314087778329849243164e+02
+2.4307666753449470888881478458642959594727e+03  +8.7017487300090833741705864667892456054688e+03  -5.8598831721707520046038553118705749511719e+03
+6.4665896544315626215393422171473503112793e+02  +1.2077264471821622464631218463182449340820e+03  +2.9036708183825237483688397333025932312012e+02
+1.5502555362670300382887944579124450683594e+03  +9.7372268885912762925727292895317077636719e+02  +1.6893966726706139525049366056919097900391e+02
-9.7193543279061589146294863894581794738770e+02  +8.3098954493434405321750091388821601867676e+01  -1.3471368766381219757022336125373840332031e+03
-3.3504832218748501482252777350367978215218e+00  -2.7947936815479490491043179645203053951263e+01  +1.9076610646656448011526663322001695632935e+01
-3.8719398580156200750934658572077751159668e+02  +1.5486856529467013388057239353656768798828e+03  +4.7444491036537118588967132382094860076904e+02
-1.9045011618847610179727780632674694061279e+02  +2.4211430667606782662915065884590148925781e+03  +2.2736928567845211546227801591157913208008e+03
+2.2011233840944467488043301273137331008911e+02  -9.9649089335849521376076154410839080810547e+02  -4.6638996333061066934533300809562206268311e+02
+2.5416948499708496456150896847248077392578e+02  +5.1610005198784767799224937334656715393066e+02  -3.1759677646850639121112180873751640319824e+02
+1.5501723049643727492252764932345598936081e+01  -4.8977816015038946773074712837114930152893e+01  +8.6920688512295318783884567892528139054775e-01
+2.4378377333427938538079615682363510131836e+03  -3.3141927751822322534280829131603240966797e+03  +1.0160102181011405946264858357608318328857e+03
+2.7207591586428370646899566054344177246094e+03  -1.4927779623659765206866723019629716873169e+02  +7.1444124849822446776670403778553009033203e+02
-1.0172724442971559710713336244225502014160e+02  +1.0184689103765389006639452418312430381775e+02  -1.9853832683861116947809932753443717956543e+02
-9.9659396712774141633417457342147827148438e+03  +1.5730005633353789562534075230360031127930e+03  +3.0202615155683901093652821145951747894287e+02
-1.7780376952103640633140457794070243835449e+03  +8.0428950330133000079513294622302055358887e+02  -1.1906519136663191602565348148345947265625e+03
+4.1600002671707176205018186010420322418213e+02  +9.6706402005623112927423790097236633300781e+02  +5.5642807972268440153129631653428077697754e+02
+1.0841493946630987466051010414958000183105e+02  +7.0515612518894570825978007633239030838013e+01  +1.0821252417356260977499005093704909086227e+01
+2.9274537680016419471940025687217712402344e+03  -5.5993997882326812032260932028293609619141e+03  -7.7878976658989540737820789217948913574219e+02
+7.4841989217356649533030577003955841064453e+02  -2.4081186685645793659205082803964614868164e+03  +1.2258346640477432174520799890160560607910e+03
-5.5403660164041941271761970710940659046173e+00  +1.9866131115235795334683643886819481849670e+01  +6.2993413706597163326250665704719722270966e+00
+1.4681147439529042458161711692810058593750e+04  -1.4786989357312720585468923673033714294434e+03  +7.0700374954511780742905102670192718505859e+03
-6.4485570374884962802752852439880371093750e+04  +3.4877210586173523915931582450866699218750e+05  +1.1928295869333273003576323390007019042969e+04
-4.9033875521734745461799320764839649200439e+02  +2.9419426426304048618476372212171554565430e+03  -3.6442598655229635369323659688234329223633e+03
-3.5140493295047622268612030893564224243164e+03  +2.9893861668233051887000328861176967620850e+02  +4.7078882530503187808790244162082672119141e+03
-4.0785912734442675287027668673545122146606e+01  -1.2164114250547937956525856861844658851624e+02  +7.7378792255148141521203797310590744018555e+01
+6.5456397501519339443554201807273784652352e-02  -6.3442420330469886380342359188944101333618e+00  -2.5162176392921935530466726049780845642090e+01
-5.3716404421686838759342208504676818847656e+03  -6.9342253607003544857434462755918502807617e+02  -2.8345280573690601158887147903442382812500e+04
+7.5939831299089246385847218334674835205078e+03  -1.6069646335977865874156123027205467224121e+03  +2.1720279658299768925644457340240478515625e+03
+4.0978271862574074475560337305068969726562e+03  +5.7991934408913232346094446256756782531738e+02  +3.3074123364272586513834539800882339477539e+03
+8.4988774347820935872732661664485931396484e+02  +4.2094294605287559534190222620964050292969e+03  -2.4926524795537357022112701088190078735352e+03
-4.8677845118275598679247195832431316375732e+02  +1.3564138148475692560168681666254997253418e+03  +8.3205271115213545272126793861389160156250e+03
+6.3426792042430506626260466873645782470703e+03  +3.5166436617785066118813119828701019287109e+03  -1.3446004709072990408458281308412551879883e+03
+4.1555993115439406437872094102203845977783e+02  -3.7123618387520861006123595871031284332275e+02  +1.1888528884184825074044056236743927001953e+03
-9.0506843375653750172205036506056785583496e+02  -7.2762299182059387021581642329692840576172e+03  -4.0417664952151480974862352013587951660156e+03
+2.5306486083969335254550969693809747695923e+02  -1.9003556184310414778337872121483087539673e+02  -1.2609784361366907887713750824332237243652e+03
+4.4242616840893124390277080237865447998047e+03  -3.4386421725720069844101089984178543090820e+03  -6.2924968439651074731955304741859436035156e+03
-6.4976897392802085960283875465393066406250e+04  -3.1771307604752368206391111016273498535156e+04  +1.2997333521127626590896397829055786132812e+05
+1.6569274182168484799149155151098966598511e+02  +1.4478079289901586435007629916071891784668e+02  +5.7925460776319461331240745494142174720764e+01
+7.5414334466506884879777317109983414411545e+00  -6.3519797504354343686827633064240217208862e+01  -2.9912618133224523120361482142470777034760e+01
-4.0985913065258055212325416505336761474609e+03  -5.2155152830447141241165809333324432373047e+03  +2.6135071753073721083637792617082595825195e+03
+1.9816315104541145046823658049106597900391e+03  +5.7410916600454393119434826076030731201172e+03  -1.0364646699296479255281155928969383239746e+03
+8.6889435700546039242908591404557228088379e+02  -1.1915733564372894761618226766586303710938e+03  +1.6430796940186287429241929203271865844727e+03
-6.9039168671628067386336624622344970703125e+02  -2.3879120983416154899714456405490636825562e+02  -5.0681948720858400747601990588009357452393e+02
+1.1299256385667895301594398915767669677734e+03  -2.1857985922066145576536655426025390625000e+03  +7.2866600100166760967113077640533447265625e+02
-2.5050961608113948386744596064090728759766e+03  -1.0863870551887303008697926998138427734375e+03  +2.8410517773694959942076820880174636840820e+03
+3.8646770472478929150383919477462768554688e+03  +5.5556346954736200132174417376518249511719e+03  +2.5555437398007811680145096033811569213867e+03
-3.9438779290875536389648914337158203125000e+04  +2.9169863863312861212762072682380676269531e+04  -3.5903838601425180968362838029861450195312e+04
+2.1808425227408011437546520028263330459595e+02  +2.0188360858723089563682151492685079574585e+02  +3.0281181236190570871258387342095375061035e+02
-3.5022074574124030732491519302129745483398e+02  +8.3449315196934481519974724506027996540070e+00  +8.6996778244557401649217354133725166320801e+02
+3.4344469799967484391345351468771696090698e+01  -2.0915205287356069874249442364089190959930e+01  +1.0147648052399108564713969826698303222656e+02
-3.1210067871564370989290182478725910186768e+02  +6.8722423689361621654825285077095031738281e+03  +3.6235213260801510841702111065387725830078e+03
+1.9117636940007680550479562953114509582520e+03  +1.9210635252402627770607068669050931930542e+02  +7.4334752052823102985712466761469841003418e+02
-2.0778012006357166683301329612731933593750e+03  -1.8534561184055846752016805112361907958984e+03  -2.0440741369900433710427023470401763916016e+03
-2.9046641454000615567565546371042728424072e+02  -2.7811699273968565648829098790884017944336e+03  -7.8335875770317545629950473085045814514160e+02
-9.0710320178458141526789404451847076416016e+02  +5.1769790473636498973064590245485305786133e+02  -6.2348475447370731217233696952462196350098e+02
+6.0090806466298372470191679894924163818359e+03  -1.4812394499855554386158473789691925048828e+02  +3.9782407473870075591548811644315719604492e+03
+3.3049609685400100715924054384231567382812e+03  -1.3046872981758219793846365064382553100586e+03  -3.2825782753952904613470309413969516754150e+02
-6.3502849756433561196899972856044769287109e+03  -1.9086991167530788516160100698471069335938e+04  +4.8009948521463365977979265153408050537109e+03
-5.1841407689635850886133994208648800849915e+01  -7.5056667659160083871938695665448904037476e+01  -9.6776850699332911176497873384505510330200e+01
+1.0815350276526335449034377234056591987610e+02  +1.0752455382593457215989474207162857055664e+03  -4.6900161641550619151530554518103599548340e+02
+5.6267766127446918744681170210242271423340e+02  +2.0050212697878569656495528761297464370728e+02  +6.6686292219591894081531791016459465026855e+02
+9.8531459557361849874723702669143676757812e+03  +1.0020783559786257683299481868743896484375e+04  +1.2402838145170193456578999757766723632812e+04
+1.6265818116034722606855211779475212097168e+02  +4.0631074770693864195436617592349648475647e+01  +2.7038190419728715596647816710174083709717e+02
+6.8139228274614723090962797868996858596802e+01  +2.9764125047530598067169194109737873077393e+02  -2.1028948220487117737320659216493368148804e+02
+1.8533975854595524879186996258795261383057e+02  -9.9216507075063105958179221488535404205322e+01  -2.3432098545811192025212221778929233551025e+02
+5.1123929963966456853086128830909729003906e+03  +3.7771311131562360969837754964828491210938e+03  -8.1350180151929507132990693207830190658569e+01
-5.4592754381844918043498182669281959533691e+02  +8.3900966743157769087702035903930664062500e+03  -8.4762955436189113243017345666885375976562e+03
+1.3095682028949636332981754094362258911133e+03  -9.8757547395281505941966315731406211853027e+02  +1.7296049383283029783342499285936355590820e+03
-2.6905393174527927158123929984867572784424e+02  +7.8785796999517685890168650075793266296387e+01  -6.9933958604610700149351032450795173645020e+02
-5.5256861782935618521150900050997734069824e+02  -7.9977227606667284476316126529127359390259e+01  +4.4559550697880422376329079270362854003906e+02
+2.0118074818627107447355228941887617111206e+01  -6.2353671236626428253657650202512741088867e+02  +2.5264190636943399113079067319631576538086e+03
-8.0838634856728585873497650027275085449219e+03  +1.3387321833328240245464257895946502685547e+04  +2.6745401670641695091035217046737670898438e+03
-1.5180230034987716862815432250499725341797e+03  +2.4873900696292885186267085373401641845703e+03  -4.1377981141280446308883256278932094573975e+02
-2.0290191635685096116503700613975524902344e+03  +2.7703451047777803069038782268762588500977e+03  -1.3411464488301583060092525556683540344238e+03
-1.6105969766895104839932173490524291992188e+04  +2.9483053442336019361391663551330566406250e+05  +6.8519561871608355431817471981048583984375e+04
+8.9813505474295027397602098062634468078613e+02  +1.8547135512163329167378833517432212829590e+03  +1.2237600669758667208952829241752624511719e+03
-2.0013763621995548191989655606448650360107e+02  -3.9564463392468229585574590601027011871338e+02  +4.3026428424856419496791204437613487243652e+01
+6.5532300419344224451378977391868829727173e+01  -1.3780679978247487724729580804705619812012e+03  -2.0763238974409946422383654862642288208008e+03
-6.8207629364979638353361224289983510971069e+00  -4.9714995160390884620937868021428585052490e+00  -3.4266810361024715447797461820300668478012e+00
-1.6338804067745381871645804494619369506836e+03  +7.0712401510376048463513143360614776611328e+02  +2.1458622653137399538536556065082550048828e+03
+4.6696941885789851767185609787702560424805e+02  +7.5290048218611298125324537977576255798340e+02  -6.7003316657160837621631799265742301940918e+02
+1.3019959775398754572961479425430297851562e+05  -1.1305225462943689490202814340591430664062e+05  -1.3172504509175839484669268131256103515625e+05
+1.7391594603444434596895007416605949401855e+02  +8.0094699998775240601389668881893157958984e+02  +4.8665302199873593735901522450149059295654e+02
+1.0653070252363586405408568680286407470703e+03  +1.2127632800178453180706128478050231933594e+03  -9.5824962264306691395177040249109268188477e+02
-2.0585133507906416525656823068857192993164e+03  -8.4515049296589040750404819846153259277344e+02  -3.4554029936190664784589898772537708282471e+02
+2.5188661253035238587472122162580490112305e+03  +2.2802914421225054866226855665445327758789e+03  +2.3311655792481028584006708115339279174805e+03
+8.4095403454263669118518009781837463378906e+03  +1.7639587786833246354945003986358642578125e+04  -7.6539258217519818572327494621276855468750e+02
+2.3519942944058698230946902185678482055664e+03  +1.5621369834019222253118641674518585205078e+04  +1.0193853442215657196356914937496185302734e+04
-2.0301768867049304390093311667442321777344e+04  -1.7681393959615132189355790615081787109375e+04  -9.8603621958275871293153613805770874023438e+03
-1.8810345253322693679365329444408416748047e+03  +1.0562763688110935689223879307974129915237e+01  +1.7237629037918384256045101210474967956543e+03
+3.1437407091434256471984554082155227661133e+03  +2.5925880801062157843261957168579101562500e+03  -6.7167740808128937715082429349422454833984e+03
-1.6970515946866239573864731937646865844727e+03  +1.0155968994597851633443497121334075927734e+03  +3.3879554360812130653357598930597305297852e+03
-3.0073826005125301890075206756591796875000e+03  -8.4053146810010002809576690196990966796875e+02  +2.1617595907528246357287571299821138381958e+02
+1.6640318876196070050355046987533569335938e+03  +2.3330153971937752430676482617855072021484e+03  +7.2489330967339796529813611414283514022827e+01
+4.0101313773647561902180314064025878906250e+05  -2.3201562892652640584856271743774414062500e+04  -1.5742245325494196731597185134887695312500e+05
-1.0496318542272454124031355604529380798340e+03  +1.4638063480173866537370486184954643249512e+03  +8.5976897667103699518520443234592676162720e+01
-1.8382016884894192116917110979557037353516e+03  -4.4923245682088236208073794841766357421875e+03  -7.0205197541376583103556185960769653320312e+02
-3.9033077772942590399907203391194343566895e+00  -3.5724613128600166689352590765338391065598e+00  +3.3239117453994988515830755204660817980766e+00
+2.3169252315340319910319522023200988769531e+04  -2.7920250337439142640505451709032058715820e+03  +8.6013368850999504502397030591964721679688e+03
-2.3955222209527732957212720066308975219727e+02  +3.4248891058382713481478276662528514862061e+02  +6.5143158553652483533369377255439758300781e+01
-3.5240276785353175910131540149450302124023e+03  -4.6301249872422276894212700426578521728516e+03  -6.7961600606355859781615436077117919921875e+03
-7.4112893970236400491558015346527099609375e+04  +2.8670588667870735662290826439857482910156e+04  -1.2140542983902721516642486676573753356934e+03
-2.8275171347612945282889995723962783813477e+02  +6.0376764277333882091625127941370010375977e+02  -2.1374452843540319157966678176308050751686e+00
+3.0757806415181067904995870776474475860596e+02  +9.8367000152783134581113699823617935180664e+01  -9.0049018809008657626691274344921112060547e+01
-2.1676642540542530035452273295959457755089e+00  +3.0236530679086230932739454146940261125565e+00  -7.4543162252316053084655322891194373369217e-01
-3.2482106370345372852170839905738830566406e+04  -2.9730791910809570254059508442878723144531e+04  +9.3412587132262142404215410351753234863281e+03
+2.0189305397511540718369360547512769699097e+02  +3.3274079656509962887867004610598087310791e+02  +2.2419853935550744949978252407163381576538e+02
+7.7110999471654054104874376207590103149414e+02  -2.2934064863125141187083499971777200698853e+02  -1.1475597032221253357420209795236587524414e+03
-1.4055589611928198223722574766725301742554e+02  -5.8438847789323995129961986094713211059570e+02  +1.1608027963744102351029141573235392570496e+02
+2.9919419917944503595208516344428062438965e+02  +1.9066432041344112349179340526461601257324e+03  -8.7053046322584941663080826401710510253906e+02
+7.6614739929453776312584523111581802368164e+02  -2.0142868860848147960496135056018829345703e+03  +8.0004231472449930606671841815114021301270e+02
-1.4225292309410238885902799665927886962891e+04  -2.1924047325682804512325674295425415039062e+04  +1.1107108670840032573323696851730346679688e+04
-4.5203946945970949755633228051010519266129e+00  -3.5279639261557744767117128503741696476936e+00  -5.6385142802079857293762188419350422918797e-01
-7.7208834713552096218336373567581176757812e+02  -3.2827320937166138037355267442762851715088e+02  +2.9653962167996149901227909140288829803467e+02
+4.6091438563343565704144566552713513374329e+01  -2.3099562840933991481051634764298796653748e+01  -4.5031275619124826903316716197878122329712e+01
+8.2200640430009720148518681526184082031250e+04  -1.7428722184999143792083486914634704589844e+04  +4.0466891056686081356019712984561920166016e+03
-8.5058798944377704174257814884185791015625e+03  +8.7669847926649272267241030931472778320312e+03  +1.9535225487693162449431838467717170715332e+03
+4.7656144681621171912411227822303771972656e+03  +3.1147951277913125522900372743606567382812e+03  -2.8871344466890982403128873556852340698242e+03
+1.2016838303980971147666423348709940910339e+02  +1.1584837269670595460979711788240820169449e+01  -3.6183735669616584118557511828839778900146e+02
+3.1848351512504571303452394204214215278625e+00  -6.4393374923446602409171646286267787218094e+00  +1.1449137816894336960871214614599011838436e+00
+9.5624684062944618290202924981713294982910e+02  -4.4206855030450851700152270495891571044922e+03  +1.4828798451151933477376587688922882080078e+03
+1.0176015131211578079728496959432959556580e+02  +3.4912661257126086411517462693154811859131e+02  +3.7350606540121810894561349414288997650146e+02
+2.8362492667247016697729122824966907501221e+02  -8.7367187972714859256484487559646368026733e+01  -9.5951609179268848492938559502363204956055e+02
-2.2093553024425494868410169146955013275146e+02  +5.9138830418273528266581706702709197998047e+02  -9.7518787085499514244446572774904780089855e-01
-4.8407697232372984217363409698009490966797e+03  +1.3091640524544289291952736675739288330078e+04  +1.9537155861905634083086624741554260253906e+04
-3.7424288169595689623747603036463260650635e+02  -7.9538928440070071701484266668558120727539e+02  +5.9838784779377249378740089014172554016113e+02
-1.5664546729584239983523730188608169555664e+03  -1.2970354416927006241166964173316955566406e+04  -8.7927814794709211128065362572669982910156e+03
-4.3085311365414497686288086697459220886230e+02  -2.3801657203253503780615574214607477188110e+02  -2.9255278796487687031913083046674728393555e+02
-2.5339909890713354911895294208079576492310e+02  -1.5400957428544213598797796294093132019043e+03  +2.1096609299019569334632251411676406860352e+03
+4.9167720765865203702560393139719963073730e+02  -4.2872319332779272826883243396878242492676e+02  -4.4959696484163606555739534087479114532471e+02
-8.5712244336412200937047600746154785156250e+04  -4.9007094381176575552672147750854492187500e+04  -1.8196954311955909361131489276885986328125e+05
-8.7871915857279527699574828147888183593750e+04  -1.6746512485298537649214267730712890625000e+05  -4.6245537088542929268442094326019287109375e+04
+5.6881484775626267946790903806686401367188e+04  +1.2467531085282177082262933254241943359375e+05  +6.5559194440496081369929015636444091796875e+04
+2.5004239392969070649996865540742874145508e+03  +1.0450976174241061471548164263367652893066e+03  -4.2116624662552686686467495746910572052002e+02
-3.1844679683848162312642671167850494384766e+03  +9.7443270271174912977585336193442344665527e+02  -2.5239234033599054782825987786054611206055e+03
-4.0233715083598474393511423841118812561035e+02  -2.8798984173601525071717333048582077026367e+02  -8.3305832180507195516838692128658294677734e+01
-4.9233196454244993219617754220962524414062e+04  -1.3562368480359879322350025177001953125000e+05  -7.6083880920549869188107550144195556640625e+04
+1.2736922393954564540763385593891143798828e+03  +4.5311891158075439989261212758719921112061e+02  +5.0639217666544260509908781386911869049072e+02
-4.9846331088832761224693967960774898529053e+02  -5.2020269008692312127095647156238555908203e+03  +9.4235794186573536990181310102343559265137e+02
-6.4813529625595015204453375190496444702148e+02  -9.4664122376125110491784653277136385440826e+00  +1.7535133805801240214350400492548942565918e+02
-5.8937708860762222684570588171482086181641e+02  -6.2912043678195675511233275756239891052246e+02  +6.0832708636895610254669009009376168251038e+01
+1.5764929102224980397295439615845680236816e+03  -4.5653536552545419908710755407810211181641e+03  -8.7407082084923354159400332719087600708008e+02
-3.7956014286098746879360987804830074310303e+02  -1.1074535713845139071054290980100631713867e+03  +1.3137388779857517420168733224272727966309e+03
-1.9559999944281505577237112447619438171387e+03  -1.6078717832570539485459448769688606262207e+03  +1.5906174064812100823473883792757987976074e+03
+3.4152124675681996279763552593067288398743e+01  +1.5009393511779346681578317657113075256348e+03  +3.2333578629871294651820790022611618041992e+03
+1.1046098368399589162436313927173614501953e+03  +3.7344891985807748824299778789281845092773e+03  +1.1657575113957213943649549037218093872070e+03
+4.2469975040723838901612907648086547851562e+03  +5.2464687324148180778138339519500732421875e+03  -1.7713298889418747421586886048316955566406e+03
-1.6603554622015299173654057085514068603516e+03  +1.5564816064876941936745424754917621612549e+02  -3.0686205613930627578156418167054653167725e+02
-8.3710393729523402726044878363609313964844e+03  +4.6328225718149287786218337714672088623047e+03  -5.3863795318376996874576434493064880371094e+03
+1.7849112903926769035933830309659242630005e+02  +3.0857516284300498909942689351737499237061e+02  +5.7194726287039452472527045756578445434570e+02
+2.2890867529061415552860125899314880371094e+02  -1.0026882270548886708638747222721576690674e+03  -3.9333931778935271950103924609720706939697e+02
+3.3264838388197371386922895908355712890625e+04  +1.6488885742084283265285193920135498046875e+04  +7.4255786573413482983596622943878173828125e+04
-7.7469492394626087161668692715466022491455e+00  +6.3127899445136854694737849058583378791809e+01  +1.2333370286776346347323851659893989562988e+03
-4.7576968105755577198578976094722747802734e+02  +2.0154647694309866778894502203911542892456e+02  -6.5712158100803094384900759905576705932617e+02
+1.3808897764024538901139749214053153991699e+03  -2.9613804578638464590767398476600646972656e+03  -2.9843124092274556460324674844741821289062e+03
+5.2760820053309760169213404878973960876465e+02  +1.3411238955774972509971121326088905334473e+03  +2.7771694220568218725020415149629116058350e+02
-2.9242214197008860310234013013541698455811e+02  +4.9136203147941496354178525507450103759766e+03  +2.4472812366360986402469279710203409194946e+02
+1.7170336209853348555043339729309082031250e+05  +3.6777161360528913792222738265991210937500e+05  -3.5264461746741924434900283813476562500000e+05
+1.1332603727455705211468739435076713562012e+03  -6.3305126191343401842459570616483688354492e+02  +1.0580486337850866220833268016576766967773e+03
-2.8735602799716446043021278455853462219238e+02  -3.1340789047152532020845683291554450988770e+02  +1.7483344213192779079690808430314064025879e+03
+2.0895197852582978015334447263740003108978e+01  -1.3884233541690482525154948234558105468750e+03  +2.4546597554507152381120249629020690917969e+03
+1.7807077766606826116912998259067535400391e+03  +8.2578164065020985162846045568585395812988e+02  +5.5912210046157406395650468766689300537109e+03
+7.1320032030860022587148705497384071350098e+02  -1.2909784640147570371482288464903831481934e+03  +2.2473240253751459931663703173398971557617e+03
-1.0640842476372745295520871877670288085938e+03  -6.9473208786159986516395292710512876510620e+01  -4.0339114174850074050482362508773803710938e+03
-1.2916105713356600972474552690982818603516e+03  +1.3060438823795097960100974887609481811523e+03  -1.1599395902601797843090025708079338073730e+03
-1.1985116682278795963156881043687462806702e+02  -1.3585203328612794848595513030886650085449e+02  +1.2303839813759030619166878750547766685486e+02
+1.2190161597708565750508569180965423583984e+03  -3.9758092399342064027223386801779270172119e+02  +1.2229734160600203267676988616585731506348e+03
+2.0976674908026711818820331245660781860352e+02  -3.1351195950938823386877629673108458518982e+01  -2.1525483074712357733915268909186124801636e+02
-1.8318876761471705094663775525987148284912e+02  -1.6484931282728626911193714477121829986572e+02  +6.6867741183536702465062262490391731262207e+02
-1.1639739902415684458247824295540340244770e+00  +1.6353673557831083229530122480355203151703e+01  +5.0809723470605952400092064635828137397766e+01
-8.7521552659946212315844604745507240295410e+02  -7.9658482125025636833015596494078636169434e+02  +3.2195382728597542154602706432342529296875e+02
+1.8532619650108947553235339000821113586426e+03  +6.3209451175013339252473087981343269348145e+02  -8.7691073347093777101690648123621940612793e+02
-8.2435443299652763471385696902871131896973e+02  +2.7442330880932053105425438843667507171631e+02  -2.8362661063529014882078627124428749084473e+02
+5.1486297089839908949215896427631378173828e+03  -2.9715103908879260416142642498016357421875e+04  -9.8836497159567516064271330833435058593750e+03
+9.1815499793160915942280553281307220458984e+02  -9.6344205157111582593643106520175933837891e+02  -1.5827508637589338036377739626914262771606e+02
+2.1734207380293692040140740573406219482422e+03  +6.3901082416995859603048302233219146728516e+02  -1.3174624864342183627741178497672080993652e+03
+2.1074007303183907424681819975376129150391e+02  -1.5422917303326005367125617340207099914551e+02  -7.9658155927429470466449856758117675781250e+02
+5.2377474866284580912179080769419670104980e+02  +2.2863295828021459783485624939203262329102e+03  -1.8370073538396190997445955872535705566406e+03
+3.1780595410099995206110179424285888671875e+03  -1.3894303106765140910283662378787994384766e+04  -2.8572821171291561768157407641410827636719e+03
-5.4155832408429050701670348644256591796875e+04  +3.0797906140800525463419035077095031738281e+04  -2.5395376626602086616912856698036193847656e+04
+1.1214441496705815382028958993032574653625e+02  -8.9589607976187871827278286218643188476562e+03  +1.0910718129353442691353848204016685485840e+03
-2.5795626604274239070946350693702697753906e+03  -3.1834284406468741508433595299720764160156e+03  +3.7167529567891633632825687527656555175781e+03
+6.2921234678051416722155408933758735656738e+02  -6.0402071870672762088361196219921112060547e+02  +8.1917263669430712980101816356182098388672e+02
+2.1217948610581942148201051168143749237061e+01  +2.4684216163043424785428214818239212036133e+02  +7.7753339631168330470245564356446266174316e+01
-2.2976015502709847737605741713196039199829e+02  -1.1353468987582461124929977813735604286194e+02  +5.1171921345361528210560209117829799652100e+02
-3.5996275217114794031658675521612167358398e+02  -1.7999544545386809204501332715153694152832e+03  +1.4567023329323401412693783640861511230469e+03
-6.9466101464384264545515179634094238281250e+04  -8.7730616791278534947196021676063537597656e+03  +1.1857993521503707597730681300163269042969e+04
-6.6472795641120433174364734441041946411133e+02  +7.7676356993473268630623351782560348510742e+02  -1.3112780456159564437257358804345130920410e+03
-1.1993230305398736163624562323093414306641e+04  -1.8643118384615700051654130220413208007812e+04  +1.1128498894841683863887737970799207687378e+02
+1.7424467519016634469153359532356262207031e+03  +6.3249377269297883685794658958911895751953e+03  -2.9983344867491939567116787657141685485840e+02
-1.0742461701684926822508714394643902778625e+02  +8.4827659161859017444839992094784975051880e+01  -2.6456025076950854924007217050530016422272e+01
+1.2865076396763297452707774937152862548828e+03  +1.1497028886297962912976799998432397842407e+02  +3.2734132339275570302561391144990921020508e+03
+3.6225350300525687998742796480655670166016e+03  -3.9248981658852989085062290541827678680420e+02  +1.4751256307680973804963286966085433959961e+03
+1.3425250359674162154988152906298637390137e+03  -1.6034516757999788296729093417525291442871e+03  -2.7805514762360803615592885762453079223633e+02
+1.9520187500494082541990792378783226013184e+03  -1.5716943218465789868787396699190139770508e+03  -4.4338973162250528048389242030680179595947e+02
-7.0270163710456461103603942319750785827637e+02  +1.6816006915903244589571841061115264892578e+03  +5.8380570460689978062873706221580505371094e+02
-6.2393713063875175066641531884670257568359e+03  +3.3954196236454990867059677839279174804688e+03  -4.2706704630269459812552668154239654541016e+03
+3.0598901453408321685856208205223083496094e+04  -1.1314195241057509520032908767461776733398e+03  -1.7552131593510759557830169796943664550781e+04
+3.2070953524335514828180748736485838890076e+00  +3.5166049397050232983019668608903884887695e+02  +3.3693168041006640578416408970952033996582e+02
+1.1498634687396061337949504377320408821106e+02  -2.9268351920966489387865294702351093292236e+02  +5.6322683463226394451339729130268096923828e+02
+3.6859701605148525231925304979085922241211e+03  -8.2996068987402111361006973311305046081543e+02  -5.0423607782387998668127693235874176025391e+03
-2.0416595612459661879256600514054298400879e+03  -1.0985471142356796008243691176176071166992e+03  -1.5136646506967701952817151322960853576660e+03
-2.3876088263614281004265649244189262390137e+02  +3.7998408214672036820047651417553424835205e+02  +9.9684654606434946799708995968103408813477e+02
-1.3207658876465941375499824061989784240723e+03  -7.8921566918102655563416192308068275451660e+01  +6.8894110172489092747127870097756385803223e+02
-2.7635570524311219742230605334043502807617e+02  +8.6056386841052863019285723567008972167969e+03  -1.6338854725481103741913102567195892333984e+04
+1.2492241708425993351738725323230028152466e+02  +1.2489848697950911571297183400020003318787e+02  -1.6878518612116656072430487256497144699097e+02
+9.1891871408566548780072480440139770507812e+03  -8.6256197144322595704579725861549377441406e+03  +1.3632314309420271456474438309669494628906e+03
+1.1853665624139689498406369239091873168945e+03  -1.0771324308319899500929750502109527587891e+03  -6.1116861111186767629988025873899459838867e+02
+6.3751529810420299781981157138943672180176e+02  -1.5143704065989481932774651795625686645508e+02  -1.8591421201449893487733788788318634033203e+03
-3.0467494001700187800452113151550292968750e+05  -1.2979679556552947906311601400375366210938e+05  -2.8879644568023114698007702827453613281250e+05
+2.4382722159192039725894574075937271118164e+03  -1.8113399293088657486805459484457969665527e+03  -7.0365132897221099028683966025710105895996e+02
-3.4081800497614090090792160481214523315430e+03  -3.7856397547470464814978186041116714477539e+02  +1.9583880355572548523923614993691444396973e+03
-6.5942544190388041897676885128021240234375e+04  -1.4929503230573935434222221374511718750000e+05  -3.9964754118922275665681809186935424804688e+04
+2.3320390293956864979918464086949825286865e+02  +4.2099213464212489554938656510785222053528e+01  -8.4325478000375298393009870778769254684448e+01
+3.8223686723494608941109618172049522399902e+01  +2.8375201866647034876223187893629074096680e+02  -1.2750110273889843881534034153446555137634e+02
-6.4852522400705356631078757345676422119141e+02  -3.2161916368680942923674592748284339904785e+02  -9.2644610517305852681602118536829948425293e+02
+1.2801501388397682603681460022926330566406e+03  +1.4046627379696817570220446214079856872559e+03  +6.8721145117356604714586865156888961791992e+02
+4.2184748879451922221051063388586044311523e+02  -1.3562019745029483601683750748634338378906e+03  -3.8263892620580413677089381963014602661133e+03
-1.6376675136779735453274042811244726181030e+02  -1.3623091537208887302767834626138210296631e+02  +1.2449229522739130970876431092619895935059e+02
+8.4246813743613665792508982121944427490234e+02  +4.6405057933352109102997928857803344726562e+03  +7.1263049175030039350531296804547309875488e+02
+1.0663548473897184010183991631492972373962e+02  +1.1780679830833461707584319810848683118820e+01  -1.2545457719709743571456783683970570564270e+02
+2.0725994356429765730354120023548603057861e+01  +2.8248720877259452244345538929337635636330e+00  -4.0462843935793975091996799164917320013046e+00
-2.2023454829406352928344858810305595397949e+02  -1.4164870805596834202333411667495965957642e+02  -2.4200283492388564354769187048077583312988e+02
-1.3571244852433787286827282514423131942749e+02  -3.2960394485874157908256165683269500732422e+03  +1.8703846215151163505652220919728279113770e+03
-1.1585307991581451005913550034165382385254e+03  -1.8632671857371181545204308349639177322388e+02  -5.7963462695658199663739651441574096679688e+02
+8.2332132928539022032055072486400604248047e+02  -1.4146247778833462689362931996583938598633e+03  +4.9140462292809905875401454977691173553467e+02
+2.5251371694539878376417618710547685623169e+02  -8.5725293450168862818827619776129722595215e+02  +1.9797026456440724473395675886422395706177e+02
-1.1041009636904290528036653995513916015625e+05  -1.6080890544536706875078380107879638671875e+05  -1.4502454233290033880621194839477539062500e+05
-6.4924741484278854386502644047141075134277e+02  +3.8297928647309674943244317546486854553223e+01  -1.0195708710614693472962244413793087005615e+03
+1.0977956065171738373464904725551605224609e+03  +3.0523724989592014935624320060014724731445e+03  -2.8292882545475063125195447355508804321289e+03
+2.7400341595988032850073068402707576751709e+02  +4.0680301944318000550993019714951515197754e+02  -1.3270896503122619378700619563460350036621e+03
-2.7678389095559541601687669754028320312500e+03  -2.1489657439679563140089157968759536743164e+03  +7.1961478389403118853806518018245697021484e+03
+1.3680116630069853727036388590931892395020e+03  -8.2569296226479661982011748477816581726074e+02  -2.8860304831657367685693316161632537841797e+03
-1.9540760576777859824915140052326023578644e+01  +3.7856018643137574031243275385349988937378e+01  -4.9059556256234429838514188304543495178223e+02
+1.5887998610872969038609880954027175903320e+03  +7.8937484845270023470220621675252914428711e+02  -3.2350656781775687704794108867645263671875e+03
-2.6444376095861684916599187999963760375977e+02  +4.4283922666178123108693398535251617431641e+03  -1.7514364999465028631675522774457931518555e+03
+7.9305105478706508392860996536910533905029e+01  +2.7472233801381076290226701530627906322479e+00  +2.4992190708778070984408259391784667968750e+02
+2.9930694307524149735399987548589706420898e+03  +4.4672962820116517832502722740173339843750e+04  +1.2561481531477478711167350411415100097656e+04
+8.8180848199033935088664293289184570312500e+03  -4.2898787063025469024069025181233882904053e+02  -2.0834895588385192240821197628974914550781e+04
-2.6848498596659778741013724356889724731445e+03  +1.1224475746392352448310703039169311523438e+04  +1.8171012270594161236658692359924316406250e+04
-1.2594156579383224016055464744567871093750e+05  +1.1753623188025396666489541530609130859375e+05  +1.1781381660715065663680434226989746093750e+05
+1.5786809915342036401852965354919433593750e+05  -1.0483386415767740982118993997573852539062e+05  -9.8132584812864370178431272506713867187500e+04
-4.0552773194292905145630356855690479278564e+02  -6.0085569677065916494029806926846504211426e+02  +5.8928455379572881156491348519921302795410e+02
+2.2167178224660437990678474307060241699219e+03  -6.2261740320454316588438814505934715270996e+02  +7.4837018079475353715679375454783439636230e+02
+4.6410877795218391383968992158770561218262e+02  -8.7878931443163924086547922343015670776367e+02  -8.2360494718291681692790007218718528747559e+02
-8.7828589636311676258628722280263900756836e+02  +2.6540877201842232580020208843052387237549e+02  -1.0440254208933563404571032151579856872559e+03
-7.1963799818923291695682564750313758850098e+02  -2.2556849110014859434159006923437118530273e+03  +1.6954089183984183364373166114091873168945e+03
-1.8872247667000019646366126835346221923828e+03  -4.7597278603828335974412766518071293830872e+01  -1.0531915150012971480464329943060874938965e+03
+4.4258572645190770344925113022327423095703e+02  +1.3814526822697296211117645725607872009277e+03  +1.8058561125563448968023294582962989807129e+02
+7.5208144019304450011986773461103439331055e+02  +5.4995080175837858860177220776677131652832e+02  -8.8002782760584352672594832256436347961426e+02
+2.6837714943264954854384995996952056884766e+03  -5.9410272914985637271456653252243995666504e+02  -6.9383061089658997389051364734768867492676e+02
-2.7522818019035571524000260978937149047852e+03  +5.3908289992004674786585383117198944091797e+03  +2.5774739406018343288451433181762695312500e+03
-2.2558838526387873457679233979433774948120e+02  +1.5913612480213521394034614786505699157715e+02  -8.6131595584064882586972089484333992004395e+02
+2.4581282258375058518140576779842376708984e+03  +5.0672560487600276246666908264160156250000e+03  -4.7636772971835516727878712117671966552734e+03
+1.1297610729154430737253278493881225585938e+05  -1.2846880866945772140752524137496948242188e+05  +3.1959012245852436171844601631164550781250e+05
-2.4005371681270835324539802968502044677734e+03  -9.6042334595399495356105035170912742614746e+02  +3.1762274063584973191609606146812438964844e+03
+2.6388455731324032967677339911460876464844e+04  -1.0070397454906825441867113113403320312500e+05  -2.6206464544414317060727626085281372070312e+04
-1.4030486111789646201941650360822677612305e+03  -3.2577422020941207847499754279851913452148e+03  +1.7669178817471711226971819996833801269531e+03
-7.8383764477750401056255213916301727294922e+03  -1.0773760629912821968900971114635467529297e+03  +1.3112101297358400188386440277099609375000e+04
-7.5544403152352788310963660478591918945312e+02  +2.5538670923296811565705866087228059768677e+02  -4.3847982038271347846603021025657653808594e+03
+5.2668471045566675456939265131950378417969e+03  -3.2793164130615987232886254787445068359375e+04  +1.3044666850967830396257340908050537109375e+05
-6.6402360714058738722087582573294639587402e+02  -2.2282834587022625782992690801620483398438e+03  -1.8163323395967943270079558715224266052246e+03
+4.4755554232274135983971063978970050811768e+01  +3.7429971999342910748964641243219375610352e+01  +1.6620504914788364203559467568993568420410e+02
-3.5280973107476432915063924156129360198975e+02  +2.4116797385084478264616336673498153686523e+03  -3.3260278357585275443852879106998443603516e+02
-3.8358901297048282685864251106977462768555e+03  -1.0351816280363484565896214917302131652832e+03  +1.6624308265026936624053632840514183044434e+03
+2.8311314874709859168433467857539653778076e+02  -1.0790099205848346173297613859176635742188e+03  +8.5195954761568862068088492378592491149902e+02
+1.3284763815988262649625539779663085937500e+04  -2.9533192844718456035479903221130371093750e+05  -7.1812350905935891205444931983947753906250e+04
+1.9490868449797076209506485611200332641602e+03  -2.2162675835035415730089880526065826416016e+03  -4.4675368503818162935203872621059417724609e+03
+4.2402485982311770840169629082083702087402e+02  +1.5073238229313317333435406908392906188965e+03  +1.3487311766625327891233609989285469055176e+02
+5.9516891893050760700134560465812683105469e+03  -1.6293841569675367281888611614704132080078e+04  -3.3077621771485323733941186219453811645508e+03
-3.8376179428876559995842399075627326965332e+02  -1.6453768706808611455016944091767072677612e+02  -2.5941409113884760699875187128782272338867e+03
-4.5535473033121879780082963407039642333984e+03  -7.0829816041606973158195614814758300781250e+03  -2.5923207541246270011470187455415725708008e+03
+9.4560399828487868489901302382349967956543e+02  -9.1617496979714155713736545294523239135742e+02  +5.5505434304570690073887817561626434326172e+02
+3.2185018900518957707390654832124710083008e+03  -4.8530438804046962104621343314647674560547e+03  -2.3371404791423697133723180741071701049805e+03
+1.0610199430908260342931725972448475658894e+00  -7.1771015596991780682856187922880053520203e+00  +1.0723459393391205907164476229809224605560e+00
+6.2596356806851197518426488386467099189758e+01  +8.5963200113031561500065436121076345443726e+01  +4.3741425182931450876822054851800203323364e+01
-4.3339166290849914275895571336150169372559e+02  -1.4913382421550111303076846525073051452637e+03  -1.1901984734240356829104712232947349548340e+03
-3.7309885693770183934248052537441253662109e+02  +2.2419798913560495634555991273373365402222e+02  +7.1058923455363890298031037673354148864746e+02
+8.1016901815295886990497820079326629638672e+03  +3.8653456373993180932302493602037429809570e+03  +2.7262680949173685007735912222415208816528e+01
+2.4072919513090070608996029477566480636597e+02  -7.7916002205363542998384218662977218627930e+02  +3.6770410846138383931247517466545104980469e+02
+4.5938352244683699154848000034689903259277e+02  -2.0133245507040595612124889157712459564209e+02  -1.0333733098910865919606294482946395874023e+03
-6.1844637551635760246426798403263092041016e+03  +9.3350184113998129760148003697395324707031e+03  +7.9143223476181788100802805274724960327148e+02
+1.6120042462635137781035155057907104492188e+02  +7.8204722611806255372357554733753204345703e+02  +1.5636809720825135539001848883344791829586e+00
+1.2929511778881320424261502921581268310547e+04  +4.9577772731738104994292370975017547607422e+03  -1.6570679537381636237114435061812400817871e+03
-1.6011587061626475770026445388793945312500e+05  +1.0484691206483368296176195144653320312500e+05  +9.2131569486796070123091340065002441406250e+04
-1.9988991955081410196726210415363311767578e+03  +1.2059363321898457797942683100700378417969e+04  -2.2131983292417630764248315244913101196289e+03
-3.1277428979160515609692083671689033508301e+02  +9.2986694476767502237635198980569839477539e+02  -4.2175087589765746542980195954442024230957e+02
+3.7306945795252829611854394897818565368652e+02  -1.3591817040803332474752096459269523620605e+03  -6.9056698584133721396938199177384376525879e+02
+6.7196754437185347796912537887692451477051e+01  +4.4501987730225003758732782443985342979431e+01  -6.2064812030746665527658478822559118270874e+00
-1.5701564516387932144425576552748680114746e+03  -4.2389110985001411791017744690179824829102e+02  -1.9394063498951793462765635922551155090332e+03
+8.9837411999110270244273124262690544128418e+02  -3.5403234006594772154130623675882816314697e+02  +1.1902647564582832728774519637227058410645e+02
-1.8888365285231159305112669244408607482910e+03  +1.6273901953646557672072958666831254959106e+02  +2.7884416299275073924945900216698646545410e+02
+3.2208531347743928563431836664676666259766e+02  +9.8302512490404717482306296005845069885254e+02  +4.3220893167279780300304992124438285827637e+02
+4.4706015059312288940418511629104614257812e+04  +3.3166171065448324952740222215652465820312e+03  -1.2904994013064873797702603042125701904297e+04
+4.3371710043927168953814543783664703369141e+02  -1.0303405014071520326979225501418113708496e+03  -2.3535602170846522085412289015948772430420e+02
+3.9942336208945994258101563900709152221680e+03  -1.2759083528092512551666004583239555358887e+03  +1.6634265350820944149745628237724304199219e+04
-9.0939043472338642004615394398570060729980e+02  -1.4466367555556303159391973167657852172852e+01  +2.1562381237731133296620100736618041992188e+03
+1.8017116471701632463009445928037166595459e+02  -1.4764225619874796393560245633125305175781e+03  +3.6105797978995346966257784515619277954102e+03
+5.7602136761314170598780037835240364074707e+02  -1.1569089399451602730550803244113922119141e+04  +2.1113295469271442925673909485340118408203e+03
-2.8224069605572763066447805613279342651367e+03  +2.3093682260315335952327586710453033447266e+03  +7.8048212089139269664883613586425781250000e+03
+2.2307278303536145358521025627851486206055e+03  -3.0150993258768253326707053929567337036133e+03  -5.5975828064764082228066399693489074707031e+03
-4.2581825639937014784663915634155273437500e+03  +2.0995731652782151286373846232891082763672e+03  -5.3401239939561935443634865805506706237793e+02
+5.9936715773636103676835773512721061706543e+02  -2.2170045170063917794323060661554336547852e+02  -2.2767286084826247360979323275387287139893e+02
-2.8926770900660458210040815174579620361328e+03  -1.5562188139229263583729334641247987747192e+02  -1.3533332774256371067167492583394050598145e+03
+2.1483512028317222757323179394006729125977e+03  -9.4447720153030763867718633264303207397461e+02  -2.3876433786406264516699593514204025268555e+03
+5.1923025958070493288687430322170257568359e+03  -7.1284025716337528137955814599990844726562e+03  -8.5659114164253260241821408271789550781250e+03
+1.0919521404882684691983740776777267456055e+03  +1.8076035747789642300631385296583175659180e+03  -7.2319588235333560533035779371857643127441e+02
+2.8567177890645297111404943279922008514404e+02  -1.7983638178201051687210565432906150817871e+03  -4.7555702193388771092941169627010822296143e+02
+1.2887929522438928415795089676976203918457e+03  +2.9774389524859063982376028434373438358307e+01  -3.1219377071916960630915127694606781005859e+03
+1.3446517118973893957445397973060607910156e+04  +4.7980002743544282566290348768234252929688e+04  -4.6323313518616751025547273457050323486328e+03
-4.3806807825273528578691184520721435546875e+04  +7.0475587140977149829268455505371093750000e+04  +3.1937688527967759000603109598159790039062e+04
+1.8982774306951764629047829657793045043945e+03  -1.6163585493543851612230355385690927505493e+02  +8.5415999390392710211017401888966560363770e+02
-2.0564452796076821528004074934870004653931e+02  +8.9437617351557298661646200343966484069824e+02  -1.7562958891514249444298911839723587036133e+03
+7.5223710842826949374284595251083374023438e+02  -1.2976926305969309396459721028804779052734e+03  -7.4244498317011095878115156665444374084473e+02
+2.0962006640935916834678209852427244186401e+02  -1.2005738532690313604689436033368110656738e+03  -7.3786965424798495405411813408136367797852e+02
-3.7100434240112917905207723379135131835938e+02  +7.1610693142314357828581705689430236816406e+02  +1.1941005641894648761081043630838394165039e+03
+8.8983181498119137131652678363025188446045e+01  +1.4828541015379616396785422693938016891479e+02  +1.7935230951208535543628386221826076507568e+02
+2.9237973281696863523393403738737106323242e+03  +5.0107672506941395340618328191339969635010e+02  -9.6215561597380281000368995591998100280762e+02
+2.4640119070650321191351395100355148315430e+03  +1.2885962301952656616776948794722557067871e+03  -1.5432963758817200528028479311615228652954e+02
-1.6082879658276381178438896313309669494629e+03  -6.2142016713329223875916795805096626281738e+02  +2.1856002539046171477821189910173416137695e+03
-1.4964809094122028909623622894287109375000e+04  -9.8599331803566092276014387607574462890625e+03  -2.1309741716254626226145774126052856445312e+04
+2.8271201559870382880035322159528732299805e+03  -4.1454936914855843497207388281822204589844e+03  +9.1783803929749828967032954096794128417969e+03
-7.4435684462029769292712444439530372619629e+01  +7.5598070894671224095873185433447360992432e+01  +5.5983630914513355492090340703725814819336e+02
-1.6185226882753374866297235712409019470215e+03  +7.5390310283803285074100131168961524963379e+02  -4.3147743212438190312241204082965850830078e+03
-1.6505116266252512104983907192945480346680e+03  +5.5504059242264031581726158037781715393066e+02  +7.6152627681549222415924305096268653869629e+02
-6.1797136959946101342211477458477020263672e+02  +1.2251124911852405148238176479935646057129e+03  -7.5711361711666791052266489714384078979492e+02
-1.9907174132957713936775689944624900817871e+03  -3.5760365701539217297977302223443984985352e+03  -3.1096386521553404236328788101673126220703e+03
-3.4776296893658359294931869953870773315430e+03  +2.1718300174245564448938239365816116333008e+02  -2.4508018090011606204825511667877435684204e+02
-1.4135114293866200796401244588196277618408e+02  -1.1418530237636571200710022822022438049316e+03  +1.1350478911457319100009044632315635681152e+03
+4.6824508359977748739311209646984934806824e+01  -1.6023149275766544974430871661752462387085e+02  -2.0530938059219340630079386755824089050293e+02
+6.5348381340945437045775179285556077957153e+01  +1.4236171444707301816379185765981674194336e+03  -1.2392848563874385945382528007030487060547e+03
+9.4821245089532379957120156177552416920662e-01  +4.1666859890602097493683686479926109313965e+01  -9.4741727055178337479901529150083661079407e+00
+7.3748728501270361945785225543659180402756e+00  +2.2606209968768239959580057529819896444678e-01  -2.2656555549557086948198048048652708530426e+01
-6.5044272110859174063079990446567535400391e+02  -1.3069703227479024008061969652771949768066e+03  +9.5375138275552512823196593672037124633789e+02
+1.7747668371222671339637599885463714599609e+03  -3.7816172927013712978805415332317352294922e+02  -1.9346829238289710701792500913143157958984e+03
+1.1259622269728063201910117641091346740723e+03  +1.5092904803706264971197015256620943546295e+01  -1.5408134208230119384097633883357048034668e+03
+2.2961158516548343868635129183530807495117e+03  -9.1836421537688215721573214977979660034180e+02  -6.2502352696303469201666302978992462158203e+03
-1.7210510994606686097085912479087710380554e+01  +1.7856127105786118391961281304247677326202e+01  -4.9478224485282238376271379820536822080612e+00
+3.3648262913671322849040734581649303436279e+02  +1.2424986072093695383955491706728935241699e+03  -8.3523983437750098346441518515348434448242e+02
+1.4387506231670033685077214613556861877441e+03  -7.9539520048580584443698171526193618774414e+02  +4.7486439979907714814544306136667728424072e+02
+5.6161065355281734809977933764457702636719e+03  -1.4673930716689326345658628270030021667480e+03  +2.6170914025465378927037818357348442077637e+02
-1.1257194212031051574740558862686157226562e+05  -1.7637535469017364084720611572265625000000e+05  -7.0797353308695281157270073890686035156250e+04
+1.0424615393277395014592912048101425170898e+03  +8.3685702208991842780960723757743835449219e+03  +8.2728514111961624166724504902958869934082e+02
+1.1299413536915324129950022324919700622559e+02  +2.6106989783399689031284651719033718109131e+02  +4.3607636148002984555205330252647399902344e+02
+2.7266354193688748637214303016662597656250e+03  -2.1008688561477765688323415815830230712891e+03  +2.7393768879124686463910620659589767456055e+03
+1.7378453557246695027060923166573047637939e+02  -1.2683183948469466031383490189909934997559e+03  +9.9395994317245015281514497473835945129395e+02
+6.0625170951790878461906686425209045410156e+03  -6.2055585794913586141774430871009826660156e+03  -4.8141884083208078664029017090797424316406e+03
+7.4239537180669154622592031955718994140625e+04  +1.5869638888628498989419313147664070129395e+03  -9.8529459437203295237850397825241088867188e+03
+1.3679612787006059093641852086875587701797e+01  -1.3357749140400451892674027476459741592407e+02  -1.6637478276052070214063860476016998291016e+03
-2.2257844328741016397543717175722122192383e+03  -5.6976328924716654000803828239440917968750e+02  +2.5601562398779215072863735258579254150391e+03
-5.5386952552493958137347362935543060302734e+03  -4.9220512339349988906178623437881469726562e+03  +4.0999526796740332201807177625596523284912e+02
-4.0933983065608881588559597730636596679688e+03  +4.5115976595473812267300672829151153564453e+03  +5.6146416676348771943594329059123992919922e+03
-9.7765404441637542731768917292356491088867e+02  -6.6655473845060043913690606132149696350098e+02  -1.4795249030672823664644965901970863342285e+02
-1.0564244109958737283250229666009545326233e+02  +5.6888854124867961559175455477088689804077e+01  +3.8605894666670280912512680515646934509277e+01
+3.7845148527541050498257391154766082763672e+03  -8.8527848679359419747925130650401115417480e+02  +2.9381419039826141670346260070800781250000e+03
+1.7496190207879901663545751944184303283691e+03  +1.3968802732385684066684916615486145019531e+03  +4.8028476332298969282419420778751373291016e+03
+7.3233177957118414269643835723400115966797e+01  -5.0964847495400221077943569980561733245850e+01  -9.0881448525418790040930616669356822967529e+01
-9.1498933987123728002188727259635925292969e+03  +5.5020736822543894959380850195884704589844e+03  +7.4997676331078282601083628833293914794922e+03
-3.0995117190293427711367257870733737945557e+02  -1.3930563399890954201509885024279356002808e+02  +6.1051173369020284553698729723691940307617e+02
+5.1069530217727515264414250850677490234375e+03  -5.0284440501482458785176277160644531250000e+03  -4.0766321898535761647508479654788970947266e+03
+1.9847360478375753700674977153539657592773e+03  -1.6668399666723544214619323611259460449219e+04  +7.5821771910514426053850911557674407958984e+03
-2.2875862373975935042835772037506103515625e+04  -1.3452645080949811381287872791290283203125e+05  -1.9966003703468377352692186832427978515625e+04
-4.8219814582348317344440147280693054199219e+02  -9.3992016386224404413951560854911804199219e+03  -2.3746903307818533903628122061491012573242e+03
-4.7558078617585969993797334609553217887878e+01  -1.2304234886909134161214751657098531723022e+02  -3.7010318029524874816615920281037688255310e+01
+5.0124638124740829425718402490019798278809e+02  -2.2526451227676491839702066499739885330200e+02  -1.4281921753088283821853110566735267639160e+03
+4.0446399993021157115435926243662834167480e+02  -1.4655854056176910944486735388636589050293e+03  +5.3143136318788060634688008576631546020508e+02
-1.5023051045773507894409704022109508514404e+02  -7.3119179475384203215071465820074081420898e+02  +5.4088872860648561982088722288608551025391e+03
+4.4482952311893432124634273350238800048828e+03  +1.1829265339220778514572884887456893920898e+03  +7.3906599275754097106982953846454620361328e+03
-1.2525628549071461748098954558372497558594e+03  +2.6201392451695178351656068116426467895508e+03  +2.2938858171822721487842500209808349609375e+03
+2.1769187108815599458466749638319015502930e+03  -1.3064102975864557265595067292451858520508e+03  +2.2209932419923410407136543653905391693115e+02
+5.0815775578475319207427673973143100738525e+02  +3.3163600456150857098691631108522415161133e+02  +5.7141811666392743518372299149632453918457e+02
+1.6525480171003684517927467823028564453125e+04  -5.7242952547062950543477199971675872802734e+03  -2.0555622538063307729316875338554382324219e+04
-3.1063441716315869598474819213151931762695e+03  -8.9644879577427082040230743587017059326172e+02  +3.1093700224846890023400192148983478546143e+02
+5.3111910937877310061594471335411071777344e+03  -3.1739279964573747747635934501886367797852e+03  +3.0030507225708197438507340848445892333984e+03
-2.5947840050822281909859157167375087738037e+02  +2.0261317066869669361039996147155761718750e+03  +2.4561428372923210190492682158946990966797e+03
+3.9743272584743777997573488391935825347900e+01  -1.5946068732494100004259962588548660278320e+03  -9.4085392935177719664352480322122573852539e+02
+3.0191899341033190466987434774637222290039e+03  -2.0121274854212183527124579995870590209961e+03  -1.8283748287084327444063092116266489028931e+02
+3.4813325949237943859770894050598144531250e+04  +1.4470740719430548779200762510299682617188e+04  +9.5647853447666857391595840454101562500000e+03
-5.6472195307567176314478274434804916381836e+02  +1.3301019219714146402111509814858436584473e+03  +4.7998493225539067452700692228972911834717e+02
-1.1820461370864004493341781198978424072266e+03  -1.6602621796064172485785093158483505249023e+03  -2.0840557775181359829730354249477386474609e+03
-2.5194679619486050796695053577423095703125e+03  -4.0349069640957395677105523645877838134766e+03  +6.7738046921905206545488908886909484863281e+03
-6.2545572230309983297047438099980354309082e+02  -1.6453605467087509168777614831924438476562e+03  -9.1142427077659885981120169162750244140625e+02
+2.0923231118835878987738396972417831420898e+03  -2.4905124292210257408441975712776184082031e+03  -1.8796177628585362526791868731379508972168e+03
+5.0254849759094742012166534550487995147705e+02  +1.0586624866840077174856560304760932922363e+02  -1.0804699354507390580693027004599571228027e+03
-2.5889059691676302463747560977935791015625e+03  +4.9650453142899223166750743985176086425781e+03  -9.8644857937736151143326424062252044677734e+02
+7.7746936471425249237654497846961021423340e+02  +7.3846455156899719440843909978866577148438e+02  -9.3904254715972365374909713864326477050781e+02
-1.5439783239571330142325678025372326374054e+01  -8.4969570579588904024603834841400384902954e+01  +1.6376212572597006555952248163521289825439e+02
+1.7506526016437330781627679243683815002441e+03  -2.3130803535778509285592008382081985473633e+03  -8.1245876070468045782035915181040763854980e+02
-3.5593767889200149511452764272689819335938e+04  +6.2961515283637352695222944021224975585938e+04  +1.9200878454324225458549335598945617675781e+04
+6.1943399786248694027790406835265457630157e+00  -8.9489028773188033483165781944990158081055e+02  -9.1671996311034172322251833975315093994141e+02
+4.0221406656328235840192064642906188964844e+02  +4.1345746909622548628249205648899078369141e+03  +1.6978326320045762258814647793769836425781e+03
-3.5619326113694246487284544855356216430664e+03  -1.8591074699245189094654051586985588073730e+03  +1.5253809656776124370480829384177923202515e+02
-9.9172835099812186854251194745302200317383e+02  -1.3379092402618164214800344780087471008301e+03  -2.8969145081848851077666040509939193725586e+03
+1.4368619346687255529104731976985931396484e+03  +4.9588446237056035897694528102874755859375e+04  -6.4767221242425894160987809300422668457031e+03
-2.2609591696616362241911701858043670654297e+03  +3.9461808270252754482498858124017715454102e+02  +7.5559718625092284582933643832802772521973e+02
-1.2399419840351438324432820081710815429688e+03  -2.8013690485621981451913597993552684783936e+02  +1.0219750205045720576890744268894195556641e+03
-1.1696749002745092127497628098353743553162e+02  -1.9798435707744991418621793854981660842896e+02  +7.5708254159824855378246866166591644287109e+02
+2.6718864179413899364590179175138473510742e+03  -4.3807684575228113317280076444149017333984e+03  +1.0823661691835739020461915060877799987793e+03
-7.6413854029709810333770292345434427261353e+01  +4.1467647229872994785182527266442775726318e+02  +9.1932411374293948824742983561009168624878e+01
-1.6431382432352922933205263689160346984863e+03  +3.2150144176373974005400668829679489135742e+03  -2.0005348898291674686333863064646720886230e+03
-2.3882499066043174025253392755985260009766e+03  -6.7418128270405850344104692339897155761719e+02  -4.6516658805457691414630971848964691162109e+03
-8.8006383162696647559641860425472259521484e+02  +4.1154976401034474520201911218464374542236e+02  -5.0998776403886051866720663383603096008301e+02
+1.5609167226890323945553973317146301269531e+04  +9.9899106270467618742259219288825988769531e+03  +1.1310472620156613629660569131374359130859e+04
-9.7665250542174486326985061168670654296875e+04  +1.6714696392991823813645169138908386230469e+04  +1.1036506003350947867147624492645263671875e+05
-3.4975904442812060324285994283854961395264e+02  +4.3311811515227720548182333004660904407501e+00  +1.8520202617994743832241510972380638122559e+02
-8.4606911292899691034108400344848632812500e+04  -3.6449778420316037954762578010559082031250e+05  +2.2743082458641164703294634819030761718750e+05
+1.7575148633234637145505985245108604431152e+03  +9.7549920271752796452346956357359886169434e+02  +5.4131843653172436461318284273147583007812e+03
-2.5116727952526494505036680493503808975220e+02  +5.2021324523372960868528025457635521888733e+01  -1.3744547923047318249700765591114759445190e+02
-4.8002396314977846714100451208651065826416e+02  +4.0999787021846219658982590772211551666260e+02  -1.0031058725460244431815226562321186065674e+03
-2.4350983588479875834309495985507965087891e+03  +1.0388033419056280308723216876387596130371e+03  -1.1792895839210987105616368353366851806641e+03
+2.1223788056360979226155905053019523620605e+02  -1.1285494382048811985441716387867927551270e+03  -9.4002193223502786167955491691827774047852e+02
-2.3832281775683861724246526136994361877441e+02  +7.1146513781730760683785774745047092437744e+01  -1.6724060112282001000494346953928470611572e+02
-1.1462649317286191035236697643995285034180e+03  -2.3636628476801861324929632246494293212891e+03  -4.9214747993901022482532425783574581146240e+02
+2.0132832842503381698406883515417575836182e+02  -1.8385551996554247011772531550377607345581e+02  +2.9166249800859037577538401819765567779541e+02
-1.1544498431119297947589075192809104919434e+03  -3.0672863530789395554165821522474288940430e+03  +6.4954206337305663510051090270280838012695e+01
-4.0450786133784311005001654848456382751465e+02  +3.3788009501054561951605137437582015991211e+03  +1.7290635985707315285253571346402168273926e+03
-8.8874004648340342100709676742553710937500e+03  -2.6209733419683520878606941550970077514648e+03  +2.3121887657949566346360370516777038574219e+04
+8.7035857602137821231735870242118835449219e+03  -3.6793930957660864805802702903747558593750e+04  +1.7598267706337537674698978662490844726562e+04
+1.4017894739719688459445023909211158752441e+03  +1.4706308994597739001619629561901092529297e+03  -8.0812776614369274952309751824941486120224e-01
-1.2091791875149954194057499989867210388184e+03  -1.7408205396497073706996161490678787231445e+03  +4.2811905568126701382425380870699882507324e+02
-1.7953322828224526119811343960464000701904e+02  -8.6191452669569332556420704349875450134277e+02  +4.7722592015071643345436314120888710021973e+02
+9.1012604440741415601223707199096679687500e+02  -1.3705600293747581872594309970736503601074e+03  +1.1479415604537673800678021507337689399719e+02
+1.4990100834907534022022446151822805404663e+02  -4.0859092779638274350872961804270744323730e+02  +5.4656745623372989939525723457336425781250e+02
+1.1635856237117029650107724592089653015137e+03  -7.4816374315079940515715861693024635314941e+02  +3.7701939535129338310071034356951713562012e+02
-3.5860411743280437235625868197530508041382e+01  +2.9767907904343324787532765185460448265076e+00  -4.6075501871254459729243535548448562622070e+01
-4.4808565724259970011189579963684082031250e+04  +1.1307495488779096922371536493301391601562e+05  -6.2886527472362336993683129549026489257812e+04
-4.9342778937059783856966532766819000244141e+03  -1.0314130465326985358842648565769195556641e+04  +9.3498379344429176853736862540245056152344e+03
+1.8328412373680239397799596190452575683594e+04  -3.6538272297643015917856246232986450195312e+04  +5.8389277434661671577487140893936157226562e+03
+1.3165755150530574155709473416209220886230e+03  -7.3823559158357647902448661625385284423828e+02  -1.8611489334719311727894819341599941253662e+02
+1.0647207403288762179727200418710708618164e+03  +2.3445261295332093141041696071624755859375e+03  -1.7372532043369460552639793604612350463867e+03
+4.3138580078865079485694877803325653076172e+03  +7.1935082503053183700103545561432838439941e+02  +6.6921396902605229115579277276992797851562e+03
+3.3227166695330552101950161159038543701172e+03  -6.1755109433914867622661404311656951904297e+02  -3.9948163943499771448841784149408340454102e+03
-7.9962598969882719757151789963245391845703e+02  +8.6781880695077575182949658483266830444336e+01  -6.8205336374308319591364124789834022521973e+02
+2.2607975479472484039433766156435012817383e+03  -4.9414281020048483696882613003253936767578e+03  +6.6565605631720645760651677846908569335938e+03
-1.8583753451643256994429975748062133789062e+04  -4.9598837920358404517173767089843750000000e+04  +7.7842606277883591246791183948516845703125e+04
-1.9346463697762023912218865007162094116211e+03  +1.1506506151854252948396606370806694030762e+03  +1.4355027050932237671077018603682518005371e+03
+1.3270059191330733483482617884874343872070e+03  +1.1453113257401105329336132854223251342773e+03  +5.7918609788725791531760478392243385314941e+02
-1.2899887130182045439141802489757537841797e+04  -1.0875013584872825958882458508014678955078e+04  -2.8445096981549177144188433885574340820312e+04
-1.9438468308276053448935272172093391418457e+03  +2.7116055851924134003638755530118942260742e+03  +1.1105725043144097980984952300786972045898e+03
-2.0024755584124052347760880365967750549316e+03  -6.5012444855285466474015265703201293945312e+03  -7.1136211341866521706833736971020698547363e+02
-2.3917800343456378868722822517156600952148e+03  -4.6996843647011723078321665525436401367188e+04  +7.3234899640322400955483317375183105468750e+03
-2.3878401169858960201963782310485839843750e+04  -4.6848937151088957762112841010093688964844e+03  +1.2024326076470240877824835479259490966797e+04
-1.3697727457650971700786612927913665771484e+03  +1.1093364286902433377690613269805908203125e+03  -1.5521519517551546414324548095464706420898e+03
+1.1898470971103847659833263605833053588867e+03  -2.0254226057866262635798193514347076416016e+03  +4.3544303539034965311316227598581463098526e+00
+1.6069572416714347440347410156391561031342e+01  +6.3235380080363370325358118861913681030273e+01  -2.7317707068550181048749436740763485431671e+00
+5.7427394688084746121603529900312423706055e+02  -1.2816192738031120370578719303011894226074e+03  +2.5122732145717345701996237039566040039062e+03
-9.7516064955762516319737187586724758148193e+01  -1.6662986057723188082491105888038873672485e+02  -9.7837128966901261151178914587944746017456e+00
-5.5544263602675423285859324096236377954483e+00  -3.2218513265503099773923167958855628967285e+02  +1.8429438310627497799032425973564386367798e+02
-2.6511361887784808288870408432558178901672e+01  +2.2178857295638238156243460252881050109863e+01  -4.0079873547239053266366681782528758049011e+00
-5.3843021263959496280904204468242824077606e+00  -2.3563446801396534624473133590072393417358e+02  +1.0423874047784396523752548091579228639603e+01
+4.6876057797709863734780810773372650146484e+03  -3.3212165148349754417722579091787338256836e+03  +4.2224045320134632675035391002893447875977e+02
-1.2859180696360255069521372206509113311768e+02  +6.6992623802651934283858281560242176055908e+01  +6.5835587166584173246519640088081359863281e+02
+1.3529114990003233742754673585295677185059e+02  +1.1086534072416375238390173763036727905273e+03  +4.6766302846457776354327506851404905319214e+01
-9.3351349992247082809626590460538864135742e+02  +2.5112606379988687876902986317873001098633e+03  -5.2573123087869653318193741142749786376953e+03
+3.1693204797329822213214356452226638793945e+03  +1.2134422244051906091044656932353973388672e+04  +1.7115682278425570075341966003179550170898e+03
-1.0340407109456523357948753982782363891602e+03  +1.8576544092523079143575159832835197448730e+03  +1.2800682705380606876133242622017860412598e+03
+2.5113596771501349280697468202561140060425e+02  -6.0657847936221526197186904028058052062988e+02  -1.9410228046220518081099726259708404541016e+03
+6.5619183394590459101891610771417617797852e+02  -2.3991650562738341250224038958549499511719e+03  -3.5552029766471337097755167633295059204102e+03
+1.2117205507787950864440063014626502990723e+03  +3.0850324937430065119770006276667118072510e+02  -2.3353728598231637647586467210203409194946e+02
+2.0197937114178483852811041288077831268311e+02  +1.0122754919975567418077844195067882537842e+03  -1.4487786541585865052184090018272399902344e+03
+2.1590266187462652851536404341459274291992e+03  +7.3901822540540797490393742918968200683594e+02  -9.7361430374896144712693057954311370849609e+02
+9.0162411045732687853160314261913299560547e+02  -2.5772781595814331012661568820476531982422e+03  +2.5871645964756139619566965848207473754883e+03
-1.7031142450739874760756720206700265407562e+01  -3.5759778987900666891164291882887482643127e+01  +1.0445736366921061222257094414089806377888e+00
-6.5311579344221115661639487370848655700684e+02  -6.3459352703130946338205831125378608703613e+02  -3.6695689768132416475054924376308917999268e+02
-2.5225325930423409204195195343345403671265e+02  -8.2814249816245785495993914082646369934082e+02  -2.9610642141264781912468606606125831604004e+02
-2.7975375210920719837304204702377319335938e+03  -3.8488678950655671542335767298936843872070e+03  +4.3579076848525537570822052657604217529297e+03
-2.5461646426705319754546508193016052246094e+03  -5.6890200244611298785457620397210121154785e+02  -1.6266855923883281320740934461355209350586e+03
+3.4113635236693285150977317243814468383789e+03  +5.2441221854612543040730088250711560249329e+01  -1.4889679921980321068986086174845695495605e+03
+2.8490223274223776570579502731561660766602e+03  -1.5466649933769625135937531013041734695435e+02  +1.1254972175827176670281914994120597839355e+03
+2.1111983684100434288666292559355497360229e+02  +1.7771883922791307668376248329877853393555e+03  +6.8436246282342744962079450488090515136719e+02
+2.1431095530544243388249014969915151596069e+02  +2.8897012809000528932301676832139492034912e+02  -1.0044526189699537326305289752781391143799e+03
+3.4042025750825807335786521434783935546875e+04  -6.4882741805638674122747033834457397460938e+04  -2.3569600176865144021576270461082458496094e+04
+5.6322790559110944741405546665191650390625e+02  -8.8219644061114968280890025198459625244141e+02  +1.3068241713668992360908305272459983825684e+03
+1.6674613017498015778983244672417640686035e+03  +8.0316810211923473161732545122504234313965e+02  +3.0126786294283056122367270290851593017578e+03
-1.4176847863286807296390179544687271118164e+03  +7.6503304268980514279974158853292465209961e+01  +2.8824347060458317173470277339220046997070e+03
-5.4086128069675396545790135860443115234375e+02  +2.5029615658463153522461652755737304687500e+03  +1.1249566111049655319220619276165962219238e+03
+5.8665984794499627241748385131359100341797e+02  -2.4348714774186430531699443235993385314941e+02  -2.6566160291868925469316309317946434020996e+02
-5.0709049533239510765270097181200981140137e+02  +4.6654668524974698584628640674054622650146e+02  +9.8991114698058794374446733854711055755615e+01
+2.8486543106963003992859739810228347778320e+03  +2.2629440567419248964142752811312675476074e+02  +6.5874786506640234051701554562896490097046e+01
+1.3342308040650457769515924155712127685547e+04  +8.5314342869947868166491389274597167968750e+04  +2.8222537013708838458114769309759140014648e+03
-3.2685599481319013648317195475101470947266e+02  +5.2304661276931369684461969882249832153320e+02  -3.5418938807374075850020744837820529937744e+02
+6.4644619083614247756486292928457260131836e+02  +7.0131997772332897511660121381282806396484e+02  +8.6699189849284175579668954014778137207031e+02
+2.7471553075047734182589920237660408020020e+02  -2.1599612822801564107066951692104339599609e+03  -4.4203625378470633222605101764202117919922e+02
+1.5071076409814600083336699753999710083008e+03  +5.5562605613368373269622679799795150756836e+02  +5.0932655366406504526821663603186607360840e+02
+3.5768775542461138684302568435668945312500e+04  +5.0099640047765067720320075750350952148438e+04  -9.2400505837839518790133297443389892578125e+03
+4.0874104730917586891791870584711432456970e+01  +9.7692968364731569863579352386295795440674e+01  +4.5764197683799984588404186069965362548828e+03
+1.2502721087397933388274395838379859924316e+03  -1.6983896826109578341856831684708595275879e+03  -5.9474890622834413989039603620767593383789e+02
-7.4597182727571794202958699315786361694336e+02  +1.1579484690238700750342104583978652954102e+02  -1.7637850094543568957305978983640670776367e+02
+3.8004848553333641802964848466217517852783e+02  -2.7644994294622229062952101230621337890625e+03  +3.2769804058596764662070199847221374511719e+03
+4.1060347339928648580098524689674377441406e+02  +5.4495473932579773190809646621346473693848e+02  +1.4855132239149622819240903481841087341309e+03
+1.9191585725804383599779612268321216106415e+01  -6.0031817245267307114886534691322594881058e+00  -7.2180468254388097104623511768295429646969e-01
+2.1136047385586209657049039378762245178223e+02  +1.1724939094776065218184157856740057468414e+01  -1.1228549134028612854763196082785725593567e+02
+1.4719579854135903929091000463813543319702e+02  -4.2114571579248327282130048843100666999817e+01  +1.6546054997675176423399534542113542556763e+02
+5.6096182916282657515694154426455497741699e+00  -7.9609744834148594705425239226315170526505e+00  +1.5495232509675189724873689556261524558067e+00
-5.9173310678028406073281075805425643920898e+02  -3.8565984056807945989930885843932628631592e+02  -5.4230311651399483707791659981012344360352e+02
-2.3306845695060985690361121669411659240723e+02  -5.2495924462386517461709445342421531677246e+02  +1.5600985821043062173885118681937456130981e+02
-4.4224223056362730858381837606430053710938e+04  -1.0445712026386801881017163395881652832031e+04  +1.3226412053082573038409464061260223388672e+04
-6.4160403371547079132142243906855583190918e+02  -3.6072333851036074747753445990383625030518e+02  +4.8980567477722894409453147090971469879150e+02
+9.5436687148399357738526305183768272399902e+02  +7.0696111677467433764832094311714172363281e+02  -1.1781821000541251578397350385785102844238e+03
-1.4303095645558175874612061306834220886230e+02  -5.6280511631855709708815993508324027061462e+01  -1.0914521747902810488994873594492673873901e+02
+1.0786534066717572386551182717084884643555e+03  +3.1157187152782461225797305814921855926514e+02  -1.0341603056037274654954671859741210937500e+03
+4.6451294482411623221196350641548633575439e+02  -5.3656322296717216886463575065135955810547e+03  +7.6160842880813083866087254136800765991211e+02
-8.6733172573165222729585366323590278625488e+02  -1.3446973759225522826454835012555122375488e+02  -8.3610258519153262568579521030187606811523e+02
+2.8423071233795726584503427147865295410156e+03  +1.4612519223819606395409209653735160827637e+03  -3.4118541763191358768381178379058837890625e+04
-9.1820602550715420875349082052707672119141e+02  -6.0703901995073192665586248040199279785156e+02  -1.1767410902357496524928137660026550292969e+03
-3.1005680374585481331450864672660827636719e+03  +2.6397888004580477172567043453454971313477e+03  +4.4011227299966258215135894715785980224609e+03
-2.2188161353380469336116220802068710327148e+03  -4.5015635796517238986780284903943538665771e+02  +2.9555056358285128226270899176597595214844e+02
+1.4931108855267043011849636968690901994705e+01  +4.7809161826752628599024319555610418319702e+01  -1.8965495887521971241085338988341391086578e+01
-1.8933271302046271102881291881203651428223e+03  -4.3711658827807859779568389058113098144531e+03  +3.9346343707547675876412540674209594726562e+03
-4.9194811697970618524777819402515888214111e+02  -8.4649035084012496099603595212101936340332e+02  -4.0670297237174986548779997974634170532227e+02
-5.2888950654375400972639909014105796813965e+02  -1.0608047732528268625173950567841529846191e+02  -2.3732266461475617802534543443471193313599e+01
-1.1306119946676983545330585911870002746582e+03  -1.3486539357843294055783189833164215087891e+03  +6.3915081335199909062794176861643791198730e+02
-2.4531200448767858688370324671268463134766e+03  -1.2743901475257055153633700683712959289551e+03  -3.2301237912049336955533362925052642822266e+03
+5.1405765703932911492302082479000091552734e+02  -7.6050457046047017684031743556261062622070e+02  +4.5220975940332772324836696498095989227295e+02
+3.7550407036147498729405924677848815917969e+02  +8.1058553310106231037934776395559310913086e+02  +1.3658040323555269424105063080787658691406e+03
-4.5889242826176450762432068586349487304688e+02  -3.6632994028683060605544596910476684570312e+02  +7.2385620173616109696013154461979866027832e+02
+3.5451130661335091645014472305774688720703e+03  -7.2876377570502327216672711074352264404297e+03  -5.2619536550144039210863411426544189453125e+02
-1.0770290552498256602120818570256233215332e+03  +1.2491987866691001727303955703973770141602e+03  -4.2901196067857554226065985858440399169922e+03
+1.1425226713223091579152423946652561426163e+01  -3.5199239336110238696164742577821016311646e+01  -3.0112552745470733128740903339348733425140e+01
-1.6816193150046271966857602819800376892090e+03  -1.6469206920520740823121741414070129394531e+04  -2.5316611845938577971537597477436065673828e+03
+1.3285314393609426133480155840516090393066e+03  +4.8158725473079985022195614874362945556641e+03  +2.8236291642626370048674289137125015258789e+03
+1.7481988386169412024173652753233909606934e+03  +5.4405260385057681560283526778221130371094e+03  +7.4641683607647009921493008732795715332031e+03
+5.5750053862776178448257269337773323059082e+02  -1.0157393975645062482726643793284893035889e+03  -3.6281992076578291062105563469231128692627e+02
+8.7411952805537737276608822867274284362793e+02  -7.0321389238838355595362372696399688720703e+02  +6.3466788012206859548314241692423820495605e+02
-8.2360762433409649929672013968229293823242e+02  +2.7213543412005449795287859160453081130981e+01  -4.0178946364329812013238552026450634002686e+02
-2.5236762195981674494760227389633655548096e+02  -5.7307545137150043501605978235602378845215e+02  -2.5431656081749608233621984254568815231323e+02
-2.5240328534181563213678600732237100601196e+02  -3.0723015338365744355542119592428207397461e+03  -1.8269167229933818816789425909519195556641e+03
+7.4474247836818369705724762752652168273926e+02  -3.7506015225962499926026794128119945526123e+02  -2.4423524057270864773272478487342596054077e+02
+1.8574515108253744983812794089317321777344e+03  +1.6948507039578896637976868078112602233887e+03  +3.0267659753946363707655109465122222900391e+03
+3.4847574460304490457929205149412155151367e+03  +1.8837557418085302742838393896818161010742e+03  +2.1208678807840897206915542483329772949219e+04
-4.6288839570211922591624897904694080352783e+02  +1.5952133037991732180671533569693565368652e+03  +1.6587848624518651377002242952585220336914e+03
-6.3429451217848065880389185622334480285645e+02  +2.6597091634949435956514207646250724792480e+02  +2.6209355827310709230459906393662095069885e+01
+1.9808378739023271464247955009341239929199e+03  +1.4323608866282258986757369711995124816895e+03  -5.2864261858022166506998473778367042541504e+02
+4.2059023950795090058818459510803222656250e+03  +2.4130982074930934686562977731227874755859e+03  -2.5481706591975553237716667354106903076172e+03
-8.4288826269127866908092983067035675048828e+01  -7.6489856871211344468974857591092586517334e+01  +3.6829380194360965106170624494552612304688e+01
-7.4402207892560375057655619457364082336426e+02  +5.0176808148679242549405898898839950561523e+02  +3.4589776243681950518293888308107852935791e+02
-3.1156855593239024528884328901767730712891e+03  -2.8211296300090134536731056869029998779297e+03  -3.6192054639694761135615408420562744140625e+03
+2.3828149899606219150882679969072341918945e+03  +1.4935636138234297050075838342308998107910e+03  -9.0149821551092531990434508770704269409180e+02
-7.2179472345368060359760420396924018859863e+02  +1.6860637502715217124205082654953002929688e+03  -1.9629884024808061440126039087772369384766e+03
+8.1355533782514143581465759780257940292358e+01  -5.0525365499739166352810570970177650451660e+02  +3.3762594793688640493201091885566711425781e+03
-6.9714333419935087476915214210748672485352e+02  -7.6516149307349712671566521748900413513184e+02  +5.8004819123698928251542383804917335510254e+02
+3.2567432989742665085941553115844726562500e+03  -1.2873640402437195007223635911941528320312e+03  -2.6462701784330118925936403684318065643311e+02
+4.9866505483613233081996440887451171875000e+04  -1.9784983670362740667769685387611389160156e+04  -2.3542234274935828580055385828018188476562e+04
+4.9628165564715482105384580790996551513672e+03  -6.1667345758039919019211083650588989257812e+03  -1.4757243027202721350477077066898345947266e+03
+1.2446134141610026802027277881279587745667e+02  +6.2068608204280764084614929743111133575439e+01  -2.4659926778187039531076152343302965164185e+02
+2.5889195527508057637078309198841452598572e+00  +2.2875761183479013105568355967989191412926e+00  +1.2764589731124103000325931134284473955631e+00
+1.1098137030458246954367496073246002197266e+01  +1.7318342167362277450592955574393272399902e+03  +9.7596558886408854505134513601660728454590e+02
-5.5932828908609981226618401706218719482422e+03  +1.1591816493085620095371268689632415771484e+04  -5.1885151264266120563206641236320137977600e+01
+4.5562658322335355478571727871894836425781e+03  +2.6421856973835178905574139207601547241211e+03  +2.0761911891609051963314414024353027343750e+03
-1.0091952983038543152360944077372550964355e+03  +1.2507202751489292040787404403090476989746e+03  +3.9253400636833157477667555212974548339844e+03
-4.4190484891130461164721054956316947937012e+02  -6.2644144979309839982306584715843200683594e+02  -7.7925778658497642936708871275186538696289e+02
-1.1221378794234196618617716012522578239441e+02  +7.5127218645430195920198457315564155578613e+02  +1.9189607362664554557341034524142742156982e+02
+3.7380746205668321636039763689041137695312e+04  +2.4713968954497174127027392387390136718750e+05  -5.4802239631390744762029498815536499023438e+04
+3.4721374006311987159278942272067070007324e+02  +8.2697166268435216807120013982057571411133e+02  -4.4257342122017962537938728928565979003906e+03
-1.0944237610167590446508256718516349792480e+03  -2.0638254093010964425047859549522399902344e+03  -4.0221845281338528366177342832088470458984e+03
-6.0282572051012482461374020203948020935059e+02  +1.8424676203092710125019948463886976242065e+02  -5.3350395894819973818812286481261253356934e+02
+3.2679877469774459086693241260945796966553e+02  +3.7373376717241160349658457562327384948730e+02  -2.6615992413203866817639209330081939697266e+02
-3.3477318921583469091274309903383255004883e+03  -1.0795184740966778917936608195304870605469e+03  +4.0643237774792701202386524528264999389648e+03
+2.9517579544745908606273587793111801147461e+03  -2.2183423078300406814378220587968826293945e+03  -1.0836755839697514147701440379023551940918e+03
-2.8469701070890650385081244166940450668335e+01  -7.8852631275052743831111001782119274139404e+01  -1.8707952007412694683807785622775554656982e+02
+4.2917397936154873150371713563799858093262e+02  -6.6603579913743590168451191857457160949707e+02  -3.2418305791926275105652166530489921569824e+02
-7.0320802859628875012276694178581237792969e+03  +3.3395070562120423574015148915350437164307e+02  +1.2157983173436618926643859595060348510742e+03
-1.1688681399376209810725413262844085693359e+03  +1.9617485194475773369049420580267906188965e+02  -2.7798676342588987608905881643295288085938e+02
+2.8577283252975655614136485382914543151855e+02  -1.6182646897804855257163580972701311111450e+02  -5.3080898513647795766701165121048688888550e+01
+4.9470442105667416399228386580944061279297e+02  +4.6111250748176371416775509715080261230469e+02  -1.9725628584271861498677935742307454347610e+00
-2.2228134512797387856153363827615976333618e+02  +6.3157980942310791760974097996950149536133e+02  +1.2012765513684655616089003160595893859863e+03
-2.6751592978312466186707752058282494544983e-01  -1.0233791862612373790852871024981141090393e+02  +2.2844451517918511740390385966747999191284e+02
-5.2439712575824842133442871272563934326172e+03  +2.9189471519497878944093827158212661743164e+03  -3.0778927630975194915663450956344604492188e+03
+3.6331189487834296869550598785281181335449e+02  -5.8322169448982776884804479777812957763672e+02  +4.0770924136032073192836833186447620391846e+02
-1.4543278694527286916127195581793785095215e+03  +5.6530400135070331089082174003124237060547e+03  -1.5834870825456728198332712054252624511719e+03
-6.0933923537249356741085648536682128906250e+03  -9.1318972269100561334198573604226112365723e+02  -5.4569416303840025648241862654685974121094e+03
+5.9138589238574290618544182507321238517761e+01  +1.6672108952189941266652795093250460922718e+00  -3.3657093046196820296245277859270572662354e+01
-7.3484984973180453380336984992027282714844e+03  +6.6319100685484750101750250905752182006836e+02  -2.5145805187344831210793927311897277832031e+03
-6.1179339866586781226942548528313636779785e+02  +3.2517886649490668560247286222875118255615e+02  -1.2129261644054872704145964235067367553711e+03
+8.3595203358367689361330121755599975585938e+02  +1.9452343947688023035880178213119506835938e+03  -3.9920400464846052273060195147991180419922e+03
-2.6231493087413770126659073866903781890869e+02  -1.8714906128966988489992218092083930969238e+03  +6.3238675240702298196993069723248481750488e+02
+2.1045937339738007722189649939537048339844e+04  +1.0637077899268168039270676672458648681641e+04  -1.5236028965886440346366725862026214599609e+04
-8.8211229546004608437215210869908332824707e+02  +7.5274717469663141855562571436166763305664e+02  -1.1572748871175731721905322046950459480286e+02
-2.0067100867111200841463869437575340270996e+03  -2.1401040822538425345555879175662994384766e+03  -2.3515146761481737485155463218688964843750e+03
+5.3919883447578467894345521926879882812500e+02  +2.2914112768334837255679303780198097229004e+02  +7.1868306391172711755643831565976142883301e+02
+9.3454460660335723787284223362803459167480e+02  +1.0704046748036880671861581504344940185547e+03  -1.3320688617427092594880377873778343200684e+03
+1.9159339693588619866204680874943733215332e+03  +1.8314545247297912737849401310086250305176e+03  +1.2392564785617275902041001245379447937012e+03
-2.2377220163965128563177131582051515579224e+02  -3.3093017742636781974852056009694933891296e+01  +2.5467540660926029971733441925607621669769e+01
-3.0672978763284436354297213256359100341797e+03  -3.0918377554237792992353206500411033630371e+02  +3.2698804121966204547788947820663452148438e+03
+3.1935571972715752053773030638694763183594e+02  +2.4307696524619208844342210795730352401733e+02  +1.1747985128164940249462233623489737510681e+02
-7.1011099373851789096079301089048385620117e+02  -5.4843226682437591534835519269108772277832e+02  -4.3018661340603011922212317585945129394531e+02
-5.1328246503715863582328893244266510009766e+03  -5.6979314512898208704427815973758697509766e+03  -2.1714834966121429715713020414113998413086e+03
-1.3586235813159026619700853188987821340561e+00  +1.9842843416947534507244199630804359912872e+01  +1.4358556564868621308050933293998241424561e+02
+1.3139448486984710325486958026885986328125e+05  +6.4241096818862461077515035867691040039062e+04  -2.6022331286847669980488717555999755859375e+05
+4.4442456457604657771298661828041076660156e+03  +1.2600246887540602074295748025178909301758e+03  -1.8603125465345760858326684683561325073242e+02
-4.2796485168559847807046025991439819335938e+03  -6.1344892809938237405731342732906341552734e+03  +4.7269955649806524888845160603523254394531e+02
+5.5986641435362002994224894791841506958008e+02  +5.8843372797390168216224992647767066955566e+02  +1.9940879868074281944245740305632352828979e+02
+5.6213139032494636921910569071769714355469e+03  -5.3929272407547832699492573738098144531250e+03  -2.1065842738413311963086016476154327392578e+03
+1.8371478740382070071746056783013045787811e+01  +4.1772689147862372749386850045993924140930e+01  +5.8018406214709488111225255124736577272415e+00
+1.5740288916438826163357589393854141235352e+03  +2.7627626765054969837365206331014633178711e+02  +2.3801052870409862407541368156671524047852e+03
+3.2975542101245109734009020030498504638672e+03  -1.0992995084374035741348052397370338439941e+03  +1.0294777244017104749218560755252838134766e+03
+1.0813726591447211831109598278999328613281e+03  +1.1466223623621277738493517972528934478760e+02  +7.5579084921518676765117561444640159606934e+02
-2.5290368006790199615352321416139602661133e+03  -1.1706966497288585742353461682796478271484e+03  +5.4338699556222338287625461816787719726562e+04
-1.4814740948589962954429211094975471496582e+02  -1.5840411070436182399134850129485130310059e+03  -1.3336499209297669494844740256667137145996e+03
-4.0255554585901347763865487650036811828613e+02  +1.1521245370837366408522939309477806091309e+03  -1.5977079873811314882914302870631217956543e+03
-1.8382943380476465335959801450371742248535e+03  -3.3896577219352770953264553099870681762695e+03  +3.6740154583621608708199346438050270080566e+02
-9.3411007870529124375025276094675064086914e+02  +3.9267214133165052771801128983497619628906e+03  +6.8465091964282044045830843970179557800293e+02
-8.5049061395893136250379029661417007446289e+02  -2.2191880474449368421119288541376590728760e+02  +8.8182092993503397337917704135179519653320e+02
-2.7337600776288887573173269629478454589844e+04  -1.2194294886503817906486801803112030029297e+04  +4.5494482184623911962262354791164398193359e+03
-2.1032284991256210560095496475696563720703e+03  +2.2106830646901539694226812571287155151367e+03  +1.1052316043885972248972393572330474853516e+04
+1.1199964104657151438004802912473678588867e+03  -9.1371240210574501361406873911619186401367e+02  +2.1896196244912550810113316401839256286621e+02
-2.2715875156537189468508586287498474121094e+04  +3.7152332042305548384319990873336791992188e+04  +1.7872236709008386242203414440155029296875e+04
+3.6334331441076380997401429340243339538574e+02  -9.8748362535608680445875506848096847534180e+02  +2.9772652977987027043127454817295074462891e+03
-1.4090672801933314985944889485836029052734e+03  -2.1699938734314928296953439712524414062500e+03  -2.3872224715369216596627666149288415908813e+02
+1.1227071668375376134463294874876737594604e+02  +8.2080970472804456221638247370719909667969e+03  +5.1651716515116295340703800320625305175781e+03
-9.5513145530057420273806201294064521789551e+02  +6.5280759229857119407824939116835594177246e+02  -3.2529147314844291116742169833742082118988e+00
+2.1597928172361363863274164032191038131714e+02  -6.5660023278227572518517263233661651611328e+02  -3.6768879840359164745677844621241092681885e+02
+1.2705962742403311693806244875304400920868e+01  -9.6582898993189765235456434311345219612122e+00  +4.0643573254071929667929907736834138631821e+00
-6.7719292251863137721556995529681444168091e+01  +6.8417941834083501362329116091132164001465e+02  -3.4239922190756664122091024182736873626709e+02
+5.8004126958043593731417786329984664916992e+02  -1.1116239364900955024495488032698631286621e+03  -9.9475926245729863239830592647194862365723e+02
-5.3049911936247065114002907648682594299316e+02  +6.0161598430539402215799782425165176391602e+02  +2.3384512177249359865527367219328880310059e+02
+4.6123747799902865551757713546976447105408e+01  -1.8091098375089606520305096637457609176636e+02  +2.1841354659666728821321157738566398620605e+02
+6.1089687433242363567842403426766395568848e+02  +7.0739154544148539116577012464404106140137e+02  +3.5179532880574737419010489247739315032959e+02
-2.3475397497469607515085954219102859497070e+03  -4.7683846933066806741408072412014007568359e+03  +3.0180798105593030413729138672351837158203e+03
+1.5048027967250920482911169528961181640625e+04  -2.1845911752817255546688102185726165771484e+03  +8.4340044807729045714950188994407653808594e+03
-2.5080043729613039431569632142782211303711e+03  -1.5008377490362940989143680781126022338867e+03  -5.5700637642601606103198719210922718048096e+01
+1.7308025639441942189478140790015459060669e+02  +1.3101599750057346227549714967608451843262e+03  -1.3435446429215809871493547689169645309448e+02
-2.4521799369945551916316617280244827270508e+03  -5.1344311664776678298949263989925384521484e+03  +2.4163521282939418597379699349403381347656e+03
+5.9115571221082529973500641062855720520020e+02  +7.5677701960981712545617483556270599365234e+03  +5.7863786813895849263644777238368988037109e+03
-9.2916152533146373571071308106184005737305e+02  -1.1286312132376881436357507482171058654785e+03  -5.3483140538690201992721995338797569274902e+02
+6.3431675473560403588635381311178207397461e+02  -2.3909365922700462760985828936100006103516e+03  +1.3899988190356923496437957510352134704590e+03
-8.2025258904875545340473763644695281982422e+02  +1.9138899618109289235690084751695394515991e+02  +3.9640339449619290235204971395432949066162e+02
-3.8799335668862718193850014358758926391602e+03  -4.9672021875166074096341617405414581298828e+03  +4.2677111232061537293702713213860988616943e+02
+3.4222628971674078002251917496323585510254e+02  -1.8424138747366132520255632698535919189453e+03  -1.6909069344852835001802304759621620178223e+03
-7.2814546984598810013267211616039276123047e+03  -1.5200758473328139643854228779673576354980e+03  +1.6375018780352806970768142491579055786133e+03
-7.1901780677338831537781516090035438537598e+02  +1.3113739614539736066944897174835205078125e+03  -9.2024573751647415065235691145062446594238e+02
+3.4557961514040079009646433405578136444092e+02  +9.6681199146202183328568935394287109375000e+04  -7.4514031789166896487586200237274169921875e+04
-1.2827659241747485339146805927157402038574e+03  -6.4879527797659238785854540765285491943359e+02  +2.7231754072403793998091714456677436828613e+02
-1.5875815965617111942265182733535766601562e+03  -2.2813808490339215495623648166656494140625e+03  +1.3404666189472202404431300237774848937988e+03
+9.4127835681606291018397314473986625671387e+02  -3.8257194536268357296648900955915451049805e+03  -5.9087677013792165325867244973778724670410e+02
-1.2985958962939921548240818083286285400391e+03  -6.3596158788807156270195264369249343872070e+02  +8.8834803532058026576123666018247604370117e+02
-1.7499212646496991510502994060516357421875e+05  -3.6600196040460362564772367477416992187500e+05  +3.5163863407293276395648717880249023437500e+05
+7.0971888446888829093950334936380386352539e+02  -5.3585389599860145608545280992984771728516e+03  +2.3547133613429668912431225180625915527344e+03
+7.9208402841468262067792238667607307434082e+02  -1.4589418565949438288953388109803199768066e+02  +1.2581238431378405948635190725326538085938e+03
+1.7608576613814000211277743801474571228027e+03  -2.8650647527988115825792192481458187103271e+02  -6.7178301411317789870736305601894855499268e+01
+1.0535027498760842945557669736444950103760e+02  +9.0749747641466080949612660333514213562012e+02  +5.9245282081448358439956791698932647705078e+03
+2.6101680533935502171516418457031250000000e+05  +1.0457788222517685790080577135086059570312e+05  +1.9102172706599585944786667823791503906250e+05
-1.3549564568213412485420121811330318450928e+02  -7.6572703584731380033190362155437469482422e+02  +2.4038954144002068460395094007253646850586e+03
+8.0156268940906393254408612847328186035156e+03  +8.5947900078022291836532531306147575378418e+02  +8.7247833041290493838459951803088188171387e+02
-1.8655158704527789268468040972948074340820e+03  +3.4185577432712175323104020208120346069336e+03  -4.4123085291391880957689863862469792366028e+01
-1.8862568722482833436515647917985916137695e+03  -1.6272203522842442424689579638652503490448e+01  +1.1932635517159824303234927356243133544922e+03
+5.2287976710064306473668693797662854194641e+01  -1.3589328530417077445235918276011943817139e+02  +6.0191656576609375406405888497829437255859e+01
+4.8625130229749132126926269847899675369263e+01  +1.7156116654935271981230471283197402954102e+02  +5.8278488363487633705517509952187538146973e+02
-1.4768785908421239128074375912547111511230e+03  +6.9812564077619595082069281488656997680664e+02  -2.3846414263968512159408419393002986907959e+02
+3.4093033192642172934938571415841579437256e+02  +9.0950660489875656367075862362980842590332e+02  -8.5502354424297936930088326334953308105469e+02
-1.1170064305392766073055099695920944213867e+03  -4.1023389979863105736512807197868824005127e+02  +5.9676850568660131557408021762967109680176e+02
-2.4974825546686935240359161980450153350830e+02  -7.8777306172162968778138747438788414001465e+02  -3.0757744169430333158743451349437236785889e+02
+1.3128801885224616853520274162292480468750e+04  -8.5470764117713279119925573468208312988281e+03  -1.8958217456642891193041577935218811035156e+04
-2.3376764839586539892479777336120605468750e+03  -2.2483475172217290491971652954816818237305e+03  -1.4408574576748312665586126968264579772949e+03
-2.7636812641930117706579039804637432098389e+02  -2.9812791580594243896484840661287307739258e+03  +6.2856498511664688066957751289010047912598e+02
+4.4642688520163110297289676964282989501953e+03  +1.5014392381367466100527963135391473770142e+02  +7.1342112967434604797745123505592346191406e+02
+1.6681152165222218286544375587254762649536e+02  +3.8084720035333063492544170003384351730347e+01  +6.8279908241571547478088177740573883056641e+02
-1.1836840832724917618179460987448692321777e+03  +1.3428776910217059139540651813149452209473e+03  +1.1017909623273446868552127853035926818848e+03
+5.7881724513133904110873118042945861816406e+03  -2.2130867013803181180264800786972045898438e+03  -1.5708785179318642803991679102182388305664e+03
+2.2119335408012134394084569066762924194336e+03  +8.4275196721620031894417479634284973144531e+03  +2.7771175111854131500876974314451217651367e+03
+3.1661955704027232059161178767681121826172e+03  +1.6671442801778048306005075573921203613281e+04  -2.6328187878689630451845005154609680175781e+04
-1.2462288977741772555418720003217458724976e+02  -6.4168264783907045512023614719510078430176e+02  -1.3384888512386217485072847921401262283325e+02
+6.3679565358008505882025929167866706848145e+02  -1.3816150224301477464905474334955215454102e+03  -3.7200387916279032651800662279129028320312e+02
-1.0109753468011109589497209526598453521729e+03  -2.3692538426435758083243854343891143798828e+03  +2.2838527457520234520416124723851680755615e+02
+5.9395805576952781734689779113978147506714e+01  -1.2362805617972668414950021542608737945557e+02  -1.9064716297025910307638696394860744476318e+02
-1.1231087798366329479904379695653915405273e+03  +8.3252487699030780277098529040813446044922e+02  -2.0968240429000155700123286806046962738037e+02
+8.8218459642090328998165205121040344238281e+02  +1.1102813982067000324605032801628112792969e+03  +2.1322581254149690721533261239528656005859e+03
-1.1939161457627394611336058005690574645996e+03  -7.0010071907779774846858344972133636474609e+03  -2.0021795441984568242332898080348968505859e+02
+1.1744699103959897357185582222882658243179e+01  +5.0219216571745062083209631964564323425293e+02  -1.4113667478632582970021758228540420532227e+03
+2.4387145791991401893028523772954940795898e+03  -7.2110323223493687692098319530487060546875e+03  +3.6915952958662596756767015904188156127930e+03
-1.1275059323728673632558638928458094596863e+02  +7.4727402336269744864694075658917427062988e+02  +1.6853211488151862340600928291678428649902e+02
+5.7308254566979587707464816048741340637207e+02  +7.9937721894828246149700134992599487304688e+02  +3.3371833040233622114101308397948741912842e+02
+6.3369645050780367455445230007171630859375e+04  +1.4517410848156368592754006385803222656250e+05  +3.7114249447625443281140178442001342773438e+04
+1.9357673701907938834665401373058557510376e+02  +2.7944688100206462877395097166299819946289e+01  +1.3875245665246097814815584570169448852539e+02
-1.6070939572460774797946214675903320312500e+03  +3.3746203474172521055152174085378646850586e+03  +4.3745035911912687254243792267516255378723e+01
-8.8245123894766311423154547810554504394531e+02  -8.5891581920326632371143205091357231140137e+02  +9.1910344041617327093263156712055206298828e+02
-4.4117188242229291063267737627029418945312e+04  +2.1143408510129354544915258884429931640625e+05  -2.0585065062189751188270747661590576171875e+05
-3.5483256931846943871278199367225170135498e+02  -2.0848470925936062485561706125736236572266e+03  -5.4108567629672075227631466987077146768570e+00
+1.8649251178027734567876905202865600585938e+03  +4.4744737980160380175220780074596405029297e+02  -6.4693482776732139427622314542531967163086e+02
-6.9680285847632501372572733089327812194824e+02  +7.0650494000462708754639606922864913940430e+02  +9.8623016322162957436603392125107347965240e+00
+1.2231278051705357938772067427635192871094e+03  +4.8602469942563982385763665661215782165527e+02  +1.0274577839867406510165892541408538818359e+03
-9.8361540139883015854138648137450218200684e+02  -1.7112091263116210484440671280026435852051e+03  -2.9472813992117330599285196512937545776367e+03
-1.1406448359015248570358380675315856933594e+03  +9.8852381934662878393282881006598472595215e+02  -8.7896320690561617539060534909367561340332e+02
-6.2447365266701581276720389723777770996094e+02  +1.1049928938038715386937838047742843627930e+03  +2.8437987655357017047208501026034355163574e+02
+9.1422377535884719691239297389984130859375e+04  -3.0995214369592318689683452248573303222656e+04  -1.0033590467314880515914410352706909179688e+05
+5.2012327500758374299039132893085479736328e+03  +3.0833440435674110631225630640983581542969e+03  +2.3058997518272299203090369701385498046875e+03
+3.2184452794624398848100099712610244750977e+03  -2.5558699503925099634216167032718658447266e+03  -1.0569269115687182420515455305576324462891e+04
+1.5931434211318719462724402546882629394531e+02  -2.9602365422089411595152341760694980621338e+02  +2.9613039673213597779977135360240936279297e+02
+1.5368868140095962360192061169072985649109e+01  -7.7791877975283363344516374127124436199665e-01  +1.5028762490291294184885373397264629602432e+01
-1.2224038383475361868590880476403981447220e+01  -7.5068898410529470766050508245825767517090e+01  +2.8697375456197690368753683287650346755981e+01
-7.0892207523606970198670751415193080902100e+01  -1.7491891238395453456178074702620506286621e+03  -5.3384382586277138216246385127305984497070e+02
+3.4985519849581032758578658103942871093750e+02  +5.9813792457401255830973241245374083518982e+01  +5.2696465098919043157366104423999786376953e+02
+2.3893060301166547105822246521711349487305e+03  -2.3132224238981794769642874598503112792969e+04  -1.6480348017460255505284294486045837402344e+04
+3.9315725974571420486824990803143009543419e+00  -1.7443309132997055712621659040451049804688e+03  -2.2844720510006532094848807901144027709961e+03
+2.3946418485832277056601924414280802011490e+00  +2.7380443952303380683588329702615737915039e+02  -9.2631339934642795697072870098054409027100e+00
-1.5497417466532024263869971036911010742188e+03  -6.4184189470974459368335374165326356887817e+01  +3.5156662839197447283368092030286788940430e+03
+3.1791954909696613640335272066295146942139e+02  +8.4051687529864793191336502786725759506226e+01  -2.4541073420770334934104539570398628711700e+01
-2.3446167571199915983015671372413635253906e+04  -6.4607271963849752864916808903217315673828e+03  -4.3329092592810622591059654951095581054688e+04
-3.0817404012483387987231253646314144134521e+02  +2.3253043541046017708140425384044647216797e+03  -1.5960056633526050973159726709127426147461e+03
+1.2493372021106010834046173840761184692383e+03  -9.5924455779051527315459679812192916870117e+02  -1.4324854203547770339355338364839553833008e+03
-4.0513972319854917714110342785716056823730e+02  -5.8476978989224619454034836962819099426270e+02  +1.3912706247724671015930653084069490432739e+02
-1.5688504989063926041126251220703125000000e+05  +3.0305003268213451519841328263282775878906e+04  -3.1337022090108344855252653360366821289062e+04
+1.1160794653467078205721918493509292602539e+03  -1.5212312974535518605989636853337287902832e+03  +6.1655786578658953658305108547210693359375e+03
-5.2944836670596828742674233581055887043476e-01  -2.3424699694415362927202295395545661449432e+00  -3.7114379500788337307159991951266420073807e-02
-4.9548525137210350521854707039892673492432e+02  -1.3014543397230786467844154685735702514648e+03  +2.1841775856725533344615541864186525344849e+02
+9.3892559099729362515063257887959480285645e+02  +1.6120223713013606356980744749307632446289e+03  -1.1874323499971364981320220977067947387695e+02
+6.7787602372458513855235651135444641113281e+03  +1.3730381468210513048688881099224090576172e+04  -4.3646164186082005471689626574516296386719e+03
-8.3425446964690692652766301762312650680542e+00  -1.8617485786870690844807540997862815856934e+02  -6.4967428957512493070680648088455200195312e+02
-1.0261531039853541642514755949378013610840e+03  +1.3024690559550735997618176043033599853516e+03  +1.9583663420495374793972587212920188903809e+03
+2.3722850785837920284393476322293281555176e+02  +1.9372232862559033605975855607539415359497e+02  -9.9167154085502176030786358751356601715088e+01
+3.4540494619306599588526296429336071014404e+02  -1.0970292883171475750714307650923728942871e+02  -5.3382807186160718515566259156912565231323e+01
-5.0942484058741210901644080877304077148438e+04  -1.9076892780987600417574867606163024902344e+04  -2.3416482887932274024933576583862304687500e+04
+1.0622691648108157096430659294128417968750e+03  +4.5828878949199048520313226617872714996338e+02  -7.5092445622024206386413425207138061523438e+02
-3.0152961429955215777454213821329176425934e+01  -3.1235561055446297018534096423536539077759e+01  +4.7611390245792449604778084903955459594727e+01
-1.1184004819943166512530297040939331054688e+05  -2.5278199853364180307835340499877929687500e+05  -1.4360775781617424217984080314636230468750e+05
-9.8444386793038930250077100936323404312134e+01  -2.6552487243819260953614502795971930027008e+01  +3.8284680566969996107218321412801742553711e+01
+9.9920836213254503377356741111725568771362e+01  +4.6536266805825891879067057743668556213379e+02  -3.4406898797470648787566460669040679931641e+02
-6.2791908457700644774490683630574494600296e+00  +3.8801693120624332067336581530980765819550e+00  -2.8436120693053425156904268078505992889404e+02
-5.3620585955306087271310389041900634765625e+03  -1.3199044206654447407345287501811981201172e+04  -9.0420774021440538490423932671546936035156e+03
+1.3678198884027733583934605121612548828125e+03  -5.4107692628541190060786902904510498046875e+02  -1.9639997389883565119816921651363372802734e+03
-4.2633840483442327240481972694396972656250e+03  -1.1115524299280599734629504382610321044922e+04  -1.9641747513441725459415465593338012695312e+04
-6.5977925514722954858370940200984477996826e+01  -2.5303225465999801713223860133439302444458e+02  -2.1399054993135172253460041247308254241943e+02
+5.7456085454057865717913955450057983398438e+03  -7.6761752256346198919345624744892120361328e+03  -5.3205060534448411999619565904140472412109e+03
+4.4690676373166388657409697771072387695312e+03  +6.6941139498197580905980430543422698974609e+03  -7.0593050506917279562912881374359130859375e+03
+1.3757298808146721057710237801074981689453e+04  -1.3607947892209365818416699767112731933594e+04  -1.1331275449324523378891171887516975402832e+03
-6.3486659177799606368353124707937240600586e+02  +3.2354136070762465351435821503400802612305e+03  -1.1446498596132523744017817080020904541016e+03
-1.5721983712382411795260850340127944946289e+03  -2.8401757377171952612116001546382904052734e+03  +1.1088039499122376128070754930377006530762e+03
+9.0341423528346731472993269562721252441406e+03  -3.7863628517190732054586987942457199096680e+03  -2.1869566511491789242427330464124679565430e+03
-9.0825245276997338805813342332839965820312e+03  +5.4805187243157006378169171512126922607422e+03  -5.4963573959058157925028353929519653320312e+03
-1.1158226183228509853506693616509437561035e+02  +9.7832838073408686341281281784176826477051e+02  +5.2372389213905677252114401198923587799072e+01
+7.7100608791360707527928752824664115905762e+02  -2.1300798764576989015040453523397445678711e+03  +1.5097694969412907539663137868046760559082e+03
-1.6411232331914408177908626385033130645752e+02  +2.1207143921205212677705276291817426681519e+02  +1.9045544974640864666071138344705104827881e+02
+3.3725082998709007142679183743894100189209e+02  -1.3305564665946944842289667576551437377930e+03  -4.8529297103989335937512805685400962829590e+02
-5.4555620154335520055610686540603637695312e+03  -4.4125009135033924394519999623298645019531e+03  +1.1679542773887344537797616794705390930176e+03
-1.5398119066650099284743191674351692199707e+03  +4.1463134941734625726894591934978961944580e+02  -3.9476310326856832944031339138746261596680e+01
-4.3952092567987153870490146800875663757324e+02  -1.8482061067614776561640610452741384506226e+02  +2.3354791751923917217936832457780838012695e+03
-2.1525711816960192663827911019325256347656e+03  -2.0575884040130381436028983443975448608398e+03  -6.1705222977644962156773544847965240478516e+03
-1.4804560631469469171861419454216957092285e+03  -1.6009417296652131881273817270994186401367e+03  -3.6348349253727064933627843856811523437500e+02
-3.0411116684337503812685099546797573566437e+01  +1.3007814588477452844017534516751766204834e+02  +1.7851114860158318720095849130302667617798e+02
-3.6316653098274628064245916903018951416016e+02  +1.2721984457992141415161313489079475402832e+03  -7.2006753324447379327466478571295738220215e+02
-2.5647482137464439801988191902637481689453e+03  -1.8106297715242064441554248332977294921875e+04  -1.4092222035871989191946340724825859069824e+03
-5.7838769650225424356904113665223121643066e+02  +7.0657732336320614194846712052822113037109e+03  +9.6970392138453917141305282711982727050781e+03
+3.1025628578876803658204153180122375488281e+03  -3.5141228867300748106572427786886692047119e+02  -1.8834995720656902449263725429773330688477e+03
+1.1968400690515775295352796092629432678223e+03  +1.0231922571803619348429492674767971038818e+03  +1.3261971085615243737265700474381446838379e+03
+5.9082318797291345617850311100482940673828e+03  +2.2630264991031199315330013632774353027344e+03  -1.3392692046781874637417786289006471633911e+02
-1.0423251367936261522118002176284790039062e+05  -5.7785373922807310009375214576721191406250e+04  -1.7451262737246422329917550086975097656250e+05
-4.9794717485783432493917644023895263671875e+04  +9.7803010908012784057063981890678405761719e+03  +4.9976356869331400957889854907989501953125e+04
+1.7295185177253177971579134464263916015625e+05  +1.8402258749219833407551050186157226562500e+05  +1.7763237215106925577856600284576416015625e+05
+1.1114323898464573403543909080326557159424e+02  -1.5716085419863532024464802816510200500488e+03  +7.0330293482854096964729251340031623840332e+02
-9.7015918596283627266529947519302368164062e+03  -2.8988026596263443934731185436248779296875e+03  +5.5049484415843697206582874059677124023438e+04
+1.2538977215444681405642768368124961853027e+03  +1.5543944074207138328347355127334594726562e+04  -1.6350391635826670608366839587688446044922e+04
-7.0310543021535579555347794666886329650879e+02  +8.2143568315523953060619533061981201171875e+02  -1.0056359142037296123817213810980319976807e+03
+1.9581626555324153741821646690368652343750e+04  -1.5640490692307150311535224318504333496094e+04  -4.0886256610903517866972833871841430664062e+04
+1.2308790566942702753294724971055984497070e+03  -1.5375900602226147384499199688434600830078e+03  +7.8042754102668240534512733574956655502319e+01
+1.1784574036797406733967363834381103515625e+05  +3.0810522240237564801645930856466293334961e+03  +2.4269909670154778723372146487236022949219e+04
+3.6085813767566596652613952755928039550781e+03  -8.2999885757563765764643903821706771850586e+02  -1.8988782546279737744043814018368721008301e+03
-1.3130057948714382291655056178569793701172e+04  +8.5011080890684988844441249966621398925781e+03  -2.0699709157113129549543373286724090576172e+03
+5.0941824480209923819984396686777472496033e+01  +6.3430028590222029549750004662200808525085e+01  +6.4862366712844181648733865586109459400177e+00
+1.8087922675082077148545067757368087768555e+03  +9.2488969668454808470414718613028526306152e+02  +3.7572160906158851503278128802776336669922e+03
-7.6378214601592753751901909708976745605469e+02  +2.5760283593844510505732614547014236450195e+03  -8.2371381854143737655249424278736114501953e+02
+1.8349491329466184197372058406472206115723e+03  -6.0769423804665248098899610340595245361328e+03  -8.6027351629937948018778115510940551757812e+03
-1.1303773887144529908255208283662796020508e+03  -2.0747734200105510353751014918088912963867e+03  +3.2280139210951906534319277852773666381836e+03
-1.3897221494853954482096014544367790222168e+03  +3.5145522186907060131488833576440811157227e+03  -2.3811153561366309077129699289798736572266e+03
-4.0374666382824202628398779779672622680664e+03  +3.1127438292046980450322735123336315155029e+02  -4.6291204396066032131784595549106597900391e+03
-1.3620459863710459558205911889672279357910e+03  -9.4699690486887254792236490175127983093262e+02  +4.3126938142441429135942598804831504821777e+02
-2.6535787029029539553448557853698730468750e+05  -9.7733417048887946293689310550689697265625e+04  -1.9478335215011562104336917400360107421875e+05
+3.9727755698901974028558470308780670166016e+03  +2.7095274590627818724897224456071853637695e+03  -1.2871039092092021292046410962939262390137e+03
+5.4874298479885299457237124443054199218750e+04  -4.0672332064188296499196439981460571289062e+04  +3.1602539395776861056219786405563354492188e+04
-2.0916377549712098726786280167289078235626e+01  +5.3398315981617137992998323170468211174011e+01  -3.0390674697022397765522327972576022148132e+01
-2.4987281187318492925442114938050508499146e+02  +4.3839605551524373368010856211185455322266e+03  -1.7757355245551927964697824791073799133301e+03
-2.6058465441996736444707494229078292846680e+02  +4.4827859541088560035859700292348861694336e+02  +5.9307021412209155641903635114431381225586e+02
-5.4454350434712398509873310104012489318848e+02  -6.6581665503611645817727549001574516296387e+02  -3.6770836702819320862545282579958438873291e+02
-3.1527280988929883278615307062864303588867e+03  +5.8006153535184075735742226243019104003906e+03  -5.0118227995807828847318887710571289062500e+03
-6.9160804815847114923599292524158954620361e+01  +6.9750026938484904803772224113345146179199e+02  +3.5003089179262337893305812031030654907227e+02
-4.5061954290397467914885965001303702592850e+00  +1.0315151144866590016135887708514928817749e+02  -2.8651726071657222405519860330969095230103e+01
-1.7724217813340396787680219858884811401367e+03  +9.4024482865560094069223850965499877929688e+02  +3.9308181667809168402527575381100177764893e+02
-2.6328395773908891897008288651704788208008e+02  -2.0710836078240430424557416699826717376709e+02  +1.8938023944073000848220544867217540740967e+02
+6.5149712481130382002447731792926788330078e+02  -8.0389668834952630049883737228810787200928e+01  +1.1040328378867360470394487492740154266357e+02
-6.9704801136539529693436634261161088943481e+01  -2.6827359026454846713249935419298708438873e+01  +3.4358233894682769005157751962542533874512e+01
-3.9298108376464853108700481243431568145752e+02  +2.4270778836057283456284494604915380477905e+02  -8.0848524039588528466993011534214019775391e+02
+2.8264317208314673735003452748060226440430e+02  +1.4388642788663760256895329803228378295898e+03  -5.8216665994594688982033403590321540832520e+02
+6.6667555783170637369039468467235565185547e+03  +2.3388124420385888697637710720300674438477e+03  -6.9826718132746818810119293630123138427734e+03
-5.2936086256390035487129352986812591552734e+02  -2.0051824653595016911822312977164983749390e+02  +8.8915015275119037596596172079443931579590e+02
-2.4694235225990937010465131606906652450562e+02  -9.8602840649294887498399475589394569396973e+02  +3.9511714738692671744502149522304534912109e+02
+4.3424419370130184688605368137359619140625e+04  -7.2840443397802926483564078807830810546875e+04  -3.5925945901582745136693120002746582031250e+04
-1.3931387955607608546415576711297035217285e+03  +1.5829483953398191715677967295050621032715e+03  -5.0275746489371124425815651193261146545410e+02
-2.2030530970085048465989530086517333984375e+04  +1.2815651785110549099044874310493469238281e+04  +1.3475465347857591041247360408306121826172e+04
+2.9260710723534220960573293268680572509766e+03  -2.6012702824274047088692896068096160888672e+03  +8.6214004891154559118149336427450180053711e+02
+1.2868360968633041920838877558708190917969e+03  -8.6536532667424225451213715132325887680054e+01  -4.4814278146869241936656180769205093383789e+02
+9.9625308142746604289641254581511020660400e+01  -5.9880018159458086302038282155990600585938e+02  +1.8092214451458107760117854923009872436523e+03
+2.2778094750481795216501268441788852214813e+01  -1.1450600099794898767413542373105883598328e+02  -3.1878299087583901183506895904429256916046e+01
+1.7727603626426935079507529735565185546875e+04  -5.2341743800458189070923253893852233886719e+03  +1.2920333462614766176557168364524841308594e+04
+4.5026292023572197649627923965454101562500e+04  +9.1045367326883424539119005203247070312500e+04  +1.7950757756202179734827950596809387207031e+04
+1.1632943790070580689643975347280502319336e+03  +1.4927302858967564134218264371156692504883e+03  +1.9884012594179976076702587306499481201172e+03
-2.2700650586300926079275086522102355957031e+03  +4.3759357909972760580785688944160938262939e+02  -1.8091859651091110663401195779442787170410e+03
+5.6951484938005705771502107381820678710938e+02  +1.2819416158393462978892785031348466873169e+02  -6.2525480841163336265253747114911675453186e+01
+5.5480923163992194702132110251113772392273e+01  +1.9565854010085558911669068038463592529297e+01  -5.0255634914512370414740871638059616088867e+01
