DirectForce: 95558; ParticleCell: 91286; NodesUsed: 453; NodesAvailable: 500; TimeLoad: 0.000924239; TimeUpward: 2.6968e-05; TimeForce: 0.00830875; TimeTotal: 0.00931809
1000

-8.6567306572752611828036606311798095703125e+04  -1.6684319756038478226400911808013916015625e+05  -5.7831600176646468753460794687271118164062e+04
-3.1834087303038921845654840581119060516357e+02  -7.4784590976800939188251504674553871154785e+02  +5.2300302582471935863850376335904002189636e+01
+1.3127021966884743960690684616565704345703e+04  -1.1380983793241648527327924966812133789062e+04  +1.0807062920860242229537107050418853759766e+04
+4.9806534497371016186662018299102783203125e+04  -2.9056696137274513603188097476959228515625e+04  +1.0466137417133223789278417825698852539062e+05
+6.9879791381662958883680403232574462890625e+04  -5.6971008086961614026222378015518188476562e+04  -4.1046114892912992218043655157089233398438e+04
+1.5982003484360111178830265998840332031250e+05  -3.9972723683578449708875268697738647460938e+04  -1.1706952661913706106133759021759033203125e+05
-2.2103451009739813162013888359069824218750e+05  -4.0003183565013263432774692773818969726562e+04  +1.3425203780215681763365864753723144531250e+05
-9.6719892063270401649788254871964454650879e+02  +2.9098674976978140875871758908033370971680e+03  +4.0773631466505394200794398784637451171875e+03
-2.0196527064217577571980655193328857421875e+05  -7.7721321260276483371853828430175781250000e+04  +1.0481030923385008645709604024887084960938e+05
+2.2139599495855754867079667747020721435547e+03  +2.1835724720307513280204148031771183013916e+02  -2.3382697550918496744998265057802200317383e+03
-1.0324216315721585124265402555465698242188e+05  -3.9200313254301559936720877885818481445312e+04  -5.8421186762725461449008435010910034179688e+04
+2.6665771481098374351859092712402343750000e+05  -2.6231289396406814921647310256958007812500e+05  +1.3402170243136398494243621826171875000000e+05
+2.1629678723711531347362324595451354980469e+04  +7.7646432985176397778559476137161254882812e+03  +6.8356331483309899340383708477020263671875e+04
-2.0922986258027278381632640957832336425781e+04  -1.2071352127373427720158360898494720458984e+04  -3.3303085784571936528664082288742065429688e+04
+1.3050753097763760888483375310897827148438e+05  -1.5642857377845223527401685714721679687500e+05  +5.9896848931485095818061381578445434570312e+04
-2.2862022116883959824917837977409362792969e+04  -4.6183579619741267379140481352806091308594e+03  +9.6144091673282473493600264191627502441406e+03
+3.6931486396245040850772056728601455688477e+03  +1.5370795456817065132781863212585449218750e+05  -5.6847378791202208958566188812255859375000e+04
-9.4906999799247739701968384906649589538574e+02  +1.6109722574009897471114527434110641479492e+03  +1.0629978392246241583052324131131172180176e+03
+1.6043758160530045279301702976226806640625e+05  +3.0962700421365478541702032089233398437500e+05  +3.3353670117489295080304145812988281250000e+05
-1.7487948200358830945333465933799743652344e+04  -6.5375036732680033310316503047943115234375e+04  +1.0786260063774048467166721820831298828125e+05
+1.0961414918577725984505377709865570068359e+04  +5.3736254808818994206376373767852783203125e+04  -7.7518013117239519488066434860229492187500e+04
-5.1087124475480974069796502590179443359375e+04  -5.6032010997289617080241441726684570312500e+04  -2.7208295994890460860915482044219970703125e+04
-3.6694869601413542113732546567916870117188e+04  +9.2160801048019075096817687153816223144531e+03  +1.8209460927306549274362623691558837890625e+05
+3.0211308537596843962091952562332153320312e+04  +4.9133378859567055769730359315872192382812e+03  -1.3678479888084410049486905336380004882812e+04
+1.2174887274547245397116057574748992919922e+04  +9.0434681528045985032804310321807861328125e+04  -6.9018395598516202881000936031341552734375e+04
-1.0419054151910981454420834779739379882812e+05  -3.0603786466473269683774560689926147460938e+04  +4.9737219327372171392198652029037475585938e+04
+7.9642518750181276118382811546325683593750e+04  -7.4714546885774732800200581550598144531250e+04  +5.9369814701065108238253742456436157226562e+04
+1.1125029599841102026402950286865234375000e+05  -7.0542686239534350534086115658283233642578e+03  -1.1617794578806620847899466753005981445312e+05
+1.2216910217310380176058970391750335693359e+04  -1.2360100863075602683238685131072998046875e+05  +5.2403182405537490922142751514911651611328e+03
+4.3057589004773850319907069206237792968750e+04  +8.5682543110367376357316970825195312500000e+04  +1.9925104746431269450113177299499511718750e+05
-2.7447924321310492814518511295318603515625e+04  +1.3330115854691196000203490257263183593750e+05  -7.9742738789000417455099523067474365234375e+04
-7.3734667648254026062204502522945404052734e+02  -4.5619477208850970782805234193801879882812e+04  +1.7573665213442214735550805926322937011719e+04
-9.6925523200518500743783079087734222412109e+02  +3.8175561603731774084735661745071411132812e+04  +4.7822983371163201809395104646682739257812e+04
+9.9103423756005740870023146271705627441406e+03  -2.5178139127709969216084573417901992797852e+03  -6.6782127094338366077863611280918121337891e+03
-3.8566810679222915496211498975753784179688e+04  -9.8044717594041969277895987033843994140625e+04  +8.8837830755073409818578511476516723632812e+03
+8.9900318892154027707874774932861328125000e+04  +2.2759729860702040605247020721435546875000e+05  +2.5357396107349055819213390350341796875000e+05
+2.7729570450260871439240872859954833984375e+04  -7.9789712340059355483390390872955322265625e+04  +2.5908795418152127240318804979324340820312e+04
-1.3799822311756375711411237716674804687500e+05  -1.6183952941953737536096014082431793212891e+04  +1.9094562070089745247969403862953186035156e+04
+2.0140156132159310800489038228988647460938e+04  +4.3397156427344263647682964801788330078125e+04  -4.4492209435031203611288219690322875976562e+04
-3.6045304900153347989544272422790527343750e+05  -8.7036725801745580974966287612915039062500e+05  +1.7112060030422554700635373592376708984375e+05
-2.2645109425694154197117313742637634277344e+04  -3.1476747157577214238699525594711303710938e+04  +1.3158125122010093036806210875511169433594e+04
+3.1317295286650696652941405773162841796875e+03  +1.2302485021834998406120575964450836181641e+04  +2.4846798956553766402066685259342193603516e+03
-1.2652177776765553062432445585727691650391e+04  -1.2956124886892159338458441197872161865234e+04  -5.0709122669479525939095765352249145507812e+04
+3.9773287203042644250672310590744018554688e+04  -8.7744374965600960422307252883911132812500e+04  -3.5517456631696052227198379114270210266113e+02
-2.3436698618150874972343444824218750000000e+05  +5.5000178653465714887715876102447509765625e+04  +1.3749869811862701317295432090759277343750e+05
-4.6162453676839650142937898635864257812500e+05  -1.0162960812940725008957087993621826171875e+05  -4.3773759532578871585428714752197265625000e+05
-1.0957898154872297891415655612945556640625e+05  -1.4078547225423448253422975540161132812500e+04  -2.8327294224455315998056903481483459472656e+04
+8.7473292797682559466920793056488037109375e+04  -2.3792893910693666839506477117538452148438e+04  +1.4772173688756400952115654945373535156250e+05
+1.4433002724460078752599656581878662109375e+05  -1.1802558416990304249338805675506591796875e+05  -1.9457530152404840919189155101776123046875e+04
-3.3874258482547906169202178716659545898438e+04  +8.8816505276789957861183211207389831542969e+03  +9.9565713384510367177426815032958984375000e+04
+1.3014228510202658071648329496383666992188e+05  -4.2365512464356048440095037221908569335938e+04  +2.1749718850056722294539213180541992187500e+05
+4.1265785366019037610385566949844360351562e+04  -2.5120830744758636683400254696607589721680e+03  -1.4134817956451009376905858516693115234375e+05
+3.7202469831997923392918892204761505126953e+03  -1.4198462923034644336439669132232666015625e+05  +2.9682820949231783743016421794891357421875e+04
-4.7919377784391863315249793231487274169922e+03  -7.2125413974273096755496226251125335693359e+03  -8.9521068820841665001353248953819274902344e+03
-1.1068351770208126254146918654441833496094e+04  -5.0395034583342021505814045667648315429688e+03  -3.0945649078553287836257368326187133789062e+04
+7.1779691756811094819568097591400146484375e+04  +9.5346746268203991348855197429656982421875e+04  +2.7608945741296120104379951953887939453125e+04
-3.2288993115443790884455665946006774902344e+04  +2.4877524088542500066978391259908676147461e+03  -2.6435654351605400734115391969680786132812e+04
-4.0109138552712967793922871351242065429688e+04  -1.5098603428545451606623828411102294921875e+05  -4.8975313137710669252555817365646362304688e+04
+5.7912881479670573025941848754882812500000e+05  +1.4356975386683020587952341884374618530273e+03  -7.4683744603608676698058843612670898437500e+04
-1.0397177338311311905272305011749267578125e+05  +3.3125814125299490115139633417129516601562e+04  -2.4994815668824355816468596458435058593750e+05
+1.1607154079593119604396633803844451904297e+03  -2.0870105174133546825032681226730346679688e+04  +5.0768974802565942809451371431350708007812e+04
-5.5029424420374474721029400825500488281250e+04  +2.2998505741538561414927244186401367187500e+05  +1.9008677994212845806032419204711914062500e+05
-2.2456578074919994833180680871009826660156e+04  -7.1288154641560095114982686936855316162109e+03  +1.3703463526674122476833872497081756591797e+04
+1.0646233620384786263457499444484710693359e+04  -1.8245624030619925179053097963333129882812e+04  -9.3743099413050840666983276605606079101562e+03
-1.5846621313246752833947539329528808593750e+04  -4.7720531104598876481759361922740936279297e+03  -6.0838004737235939956008223816752433776855e+02
+2.3596496822471081395633518695831298828125e+05  +2.4370256534392203320749104022979736328125e+04  +2.0017182122940235421992838382720947265625e+05
+2.8443547669535916065797209739685058593750e+05  -2.2413698695409111678600311279296875000000e+04  +1.7286398455267006647773087024688720703125e+05
-9.4581045210746102384291589260101318359375e+04  +8.0686704298040267531177960336208343505859e+03  +9.7135841622861247742548584938049316406250e+04
-3.5499561032575627905316650867462158203125e+04  -2.7639586092195386299863457679748535156250e+05  -2.2129339255745921400375664234161376953125e+05
+1.9942515811266162199899554252624511718750e+05  -3.8996857085210205696057528257369995117188e+04  -2.4472064939107414102181792259216308593750e+05
-5.2912667793801141669973731040954589843750e+04  -2.1987940099708159686997532844543457031250e+05  -9.3263176364154162001796066761016845703125e+04
+3.5699293316321214661002159118652343750000e+04  +7.1569538899480670806951820850372314453125e+04  -1.1327343924999570390355074778199195861816e+03
-1.9042501460123030119575560092926025390625e+05  +1.4117788076178689152584411203861236572266e+04  -1.0494454995203728321939706802368164062500e+05
-7.8723491752396294032223522663116455078125e+04  +7.6764215375202373252250254154205322265625e+04  +2.8897555368830991210415959358215332031250e+05
-1.7851278810525913286255672574043273925781e+04  +3.6152623385472734298673458397388458251953e+03  +1.4639718630621762713417410850524902343750e+04
-4.5789846496418829246977111324667930603027e+02  +6.7888658461086160968989133834838867187500e+04  +1.1631177324873111501801759004592895507812e+05
+2.0386271133967259083874523639678955078125e+05  -1.3388857489251531660556793212890625000000e+05  -1.4039276119637192459776997566223144531250e+05
+6.6860445663209742633625864982604980468750e+04  +4.6689720629184121207799762487411499023438e+04  -1.0071879319032664352562278509140014648438e+05
-5.1633666057082464249106124043464660644531e+03  -6.8516395990546343455207534134387969970703e+03  +2.8044392958033629838610067963600158691406e+04
+1.2625892873743969175848178565502166748047e+04  +1.8796936873614180512959137558937072753906e+04  -7.7511913742596429074183106422424316406250e+04
+7.7419769319026818266138434410095214843750e+04  -1.6763320443867408903315663337707519531250e+05  +1.3710865303196079912595450878143310546875e+05
-1.4317489691368179046548902988433837890625e+05  +4.6613241673895689018536359071731567382812e+04  -1.0533281837711014304659329354763031005859e+04
+1.1506640946736994010279886424541473388672e+04  -6.9411658533836889546364545822143554687500e+04  -1.1530422970367477682884782552719116210938e+05
-5.5454535244501814304385334253311157226562e+04  -1.2338541910222616570536047220230102539062e+05  +5.1903914238190780451986938714981079101562e+04
+5.9411545157328328059520572423934936523438e+02  +3.4908957392801071364374365657567977905273e+03  +3.2900795108199231435719411820173263549805e+03
-5.8256084155916454392354353331029415130615e+01  -8.4952133748241624289221363142132759094238e+02  -3.4889140394041578474570997059345245361328e+03
+1.6846766668215310346568003296852111816406e+04  +2.1487939049992214677331503480672836303711e+03  +3.4268970322861155182181391865015029907227e+03
-3.7159391264842823147773742675781250000000e+04  +3.1139651070528867421671748161315917968750e+05  -1.7952427988476763130165636539459228515625e+05
-3.5508153622245604310592170804738998413086e+03  -1.1438889052813128728303126990795135498047e+04  -8.6108816537992024677805602550506591796875e+04
-7.8277422560832288581877946853637695312500e+04  -1.1705309775966888992115855216979980468750e+05  +8.9435066398803028278052806854248046875000e+04
-5.2238242362158853211440145969390869140625e+03  -1.3600760826871840981766581535339355468750e+05  +5.9744044620450767979491502046585083007812e+04
+5.1282103983670662273652851581573486328125e+04  -8.9582486343790260434616357088088989257812e+03  -3.8985988442591551574878394603729248046875e+04
+1.2614974922164627059828490018844604492188e+04  -1.4359362193306125118397176265716552734375e+05  -6.7764621999978437088429927825927734375000e+04
-6.0420521345435059629380702972412109375000e+04  +1.2277463001046834688168019056320190429688e+05  +3.3497402317102462984621524810791015625000e+05
+1.2379452589987278042826801538467407226562e+05  -3.3878581021267069445457309484481811523438e+04  +1.6132787876817936194129288196563720703125e+05
-4.0136149613612319626554381102323532104492e+03  +2.6949769534933801651277462951838970184326e+02  +1.6921694564516950777033343911170959472656e+04
+3.5040887504357080615591257810592651367188e+04  +8.6330508280666283098980784416198730468750e+04  -9.1609567443380903569050133228302001953125e+04
-2.1689670012227761617396026849746704101562e+03  +6.5659847923779068423755234107375144958496e+02  +3.4379109333209844407974742352962493896484e+03
-4.1082430069459944206755608320236206054688e+04  +7.3504052051905135158449411392211914062500e+05  -3.4407636656981499982066452503204345703125e+04
-3.4043451335539907449856400489807128906250e+05  -3.5538117459802342636976391077041625976562e+04  +1.3258737198686320334672927856445312500000e+05
-8.6410110866374816396273672580718994140625e+04  +2.4024369684521228919038549065589904785156e+04  -1.2329851840354553132783621549606323242188e+04
-3.1660316760111974872415885329246520996094e+04  -1.5112503030972377746365964412689208984375e+05  -7.3672040367731460719369351863861083984375e+04
-2.2942750414234222262166440486907958984375e+05  -8.5377379717291274573653936386108398437500e+04  -1.3928703862582446163287386298179626464844e+04
-6.5169948657662236655596643686294555664062e+04  +7.1772561817303736461326479911804199218750e+04  +3.7096395972035352315288037061691284179688e+04
+4.8078764992898824857547879219055175781250e+04  -4.6653811597730084031354635953903198242188e+04  +7.5884658107331080827862024307250976562500e+04
-2.8945290362742562138009816408157348632812e+04  -6.9722920981166753335855901241302490234375e+04  -1.7317402489119274832773953676223754882812e+04
-8.3061515560203828499652445316314697265625e+04  +4.9771014451281269430182874202728271484375e+04  +4.4926381762075852748239412903785705566406e+03
+4.4123044849124817119445651769638061523438e+04  +2.3585033658055501291528344154357910156250e+04  -1.1514676343974033079575747251510620117188e+05
+2.8759769564669888495700433850288391113281e+04  +2.1280447483972307963995262980461120605469e+04  +2.1256605248274714540457352995872497558594e+04
-6.0517704782488608543644659221172332763672e+03  +8.6481342675684918503975495696067810058594e+03  -4.6337815539888797502499073743820190429688e+03
+6.1812558503434956946875900030136108398438e+03  +2.7222449418315136426826938986778259277344e+03  +5.7268788701225330441957339644432067871094e+03
+1.2539539631840193760581314563751220703125e+05  +8.9548309135676390724256634712219238281250e+04  -2.3253590146269625984132289886474609375000e+05
+1.1775219442818700917996466159820556640625e+05  +2.3526043365215352969244122505187988281250e+05  +5.2639087917178367206361144781112670898438e+03
-1.5390934981582773616537451744079589843750e+05  +2.1332529330371422111056745052337646484375e+05  -2.8566074881174834445118904113769531250000e+05
-3.2286905302650735393399372696876525878906e+04  +6.4829514212339483492542058229446411132812e+04  -1.1448399004027465707622468471527099609375e+05
-2.7702344785360252717509865760803222656250e+05  -3.6393062587988591985777020454406738281250e+04  -1.3247338801177145796827971935272216796875e+05
+2.0781783459084530477412045001983642578125e+05  +9.5119279599758447147905826568603515625000e+04  +2.1164886344544577877968549728393554687500e+05
-2.9022174245060436078347265720367431640625e+04  +1.9125657028778805397450923919677734375000e+04  -6.8556014200280042132362723350524902343750e+03
-5.1405053449762835953151807188987731933594e+03  -2.1359806003608682658523321151733398437500e+04  -1.9294671447740223811706528067588806152344e+04
+8.0047741806577498209662735462188720703125e+04  +1.3497528462048526853322982788085937500000e+05  +1.0832481768176566401962190866470336914062e+05
+2.1470362693450419465079903602600097656250e+05  -7.4256893998529660166241228580474853515625e+04  +9.3750626348288613371551036834716796875000e+04
-2.2214949203920195577666163444519042968750e+05  +6.9102636000230815261602401733398437500000e+05  +6.8749163064227020367980003356933593750000e+05
+3.9017526917908529867418110370635986328125e+04  -1.7865587024614418623968958854675292968750e+05  -9.3417421391352938371710479259490966796875e+04
-2.7538281982559474272420629858970642089844e+04  -1.0113626482698966356110759079456329345703e+04  +1.7863202726344694383442401885986328125000e+04
+6.4452253640862196334637701511383056640625e+04  -1.6096675601071031996980309486389160156250e+05  -8.8516174830528630991466343402862548828125e+04
+1.2370016849235926201799884438514709472656e+04  +2.4035124638683584635145962238311767578125e+04  -5.7390443477755770800285972654819488525391e+03
-3.1653762208667991217225790023803710937500e+05  -2.1781641896965983323752880096435546875000e+05  -1.4528828645687087555415928363800048828125e+05
+1.7222561125050808186642825603485107421875e+05  -2.0259693031287730264011770486831665039062e+04  +1.6955704901712317951023578643798828125000e+05
-1.1343810620573367923498153686523437500000e+06  +6.6257810052875173278152942657470703125000e+05  -5.0302387968401703983545303344726562500000e+05
-1.9544215132122783688828349113464355468750e+05  -1.9913646755037398543208837509155273437500e+05  -3.0455019572300481377169489860534667968750e+05
-7.7323290026742499321699142456054687500000e+04  -5.5043961834341178473550826311111450195312e+04  +1.1407579042700936042820103466510772705078e+04
+1.4825401789436329272575676441192626953125e+05  -2.6994661883669305825605988502502441406250e+05  +1.0713791186000726884230971336364746093750e+05
+1.8403702727937223971821367740631103515625e+05  -2.8267516174327087355777621269226074218750e+05  +3.8021375734443048713728785514831542968750e+05
-9.6888283299785198323661461472511291503906e+03  +3.0700972797453956445679068565368652343750e+04  -1.3334174519964759383583441376686096191406e+04
-1.8299518947181897237896919250488281250000e+05  +1.6472517668080385192297399044036865234375e+04  +7.4924682890648560714907944202423095703125e+04
-1.2040043748755095293745398521423339843750e+05  +1.3856155835078152449568733572959899902344e+04  -2.9783459316646181832766160368919372558594e+04
-1.1784218955655477475374937057495117187500e+05  -1.0708539525623158260714262723922729492188e+05  +4.5499951034555684600491076707839965820312e+04
+9.0979240676246001385152339935302734375000e+05  +8.3911607059459679294377565383911132812500e+05  -1.8319858455394543125294148921966552734375e+05
-3.2059632854428204154828563332557678222656e+04  +3.2654542964919230144005268812179565429688e+04  -8.9432262127373018302023410797119140625000e+04
-4.9615769813358683677506633102893829345703e+03  +4.7901554283780220430344343185424804687500e+04  -1.9130356768426034250296652317047119140625e+05
-4.0302811041919820127077400684356689453125e+04  +4.8360787150028945688973180949687957763672e+03  +2.9708834908100420761911664158105850219727e+03
-1.7658969320927053922787308692932128906250e+05  +5.7236129736480615974869579076766967773438e+04  -2.2077856561245085322298109531402587890625e+05
-3.0714088920187432086095213890075683593750e+05  +4.0965226714369718683883547782897949218750e+05  -6.8932306349043315276503562927246093750000e+05
-9.6679700265726060024462640285491943359375e+04  -4.9138046699507634912151843309402465820312e+04  -4.2442010954394216241780668497085571289062e+04
+6.0436849624880442206631414592266082763672e+03  +1.8050454921489191474393010139465332031250e+05  +2.5335041132801692583598196506500244140625e+04
-3.1670367121794470585882663726806640625000e+05  +1.2272683767104599974118173122406005859375e+05  +6.6548025440056939260102808475494384765625e+04
-4.9181122663913853466510772705078125000000e+05  +1.9647647467494779266417026519775390625000e+05  +2.4906146150936612684745341539382934570312e+04
-1.6720888361715251812711358070373535156250e+05  +1.4493971387617377331480383872985839843750e+05  -6.9455046666080699651502072811126708984375e+04
-3.8804359388298391422722488641738891601562e+04  +3.4720994959184776234906166791915893554688e+04  -4.6777569423290340637322515249252319335938e+04
-2.9040585049787769094109535217285156250000e+04  +9.9064903795002501283306628465652465820312e+03  +1.1152264963330639147898182272911071777344e+04
-2.4661386907448177225887775421142578125000e+03  +3.0849726136593439150601625442504882812500e+04  +1.6575574274824076564982533454895019531250e+05
-1.4461970251299388473853468894958496093750e+05  -1.5965444553936476586386561393737792968750e+05  +4.3559284339506091782823204994201660156250e+04
+1.4344820159885674365796148777008056640625e+05  -2.8175782860863953828811645507812500000000e+05  -1.5817816132397721958113834261894226074219e+04
+2.2782784563105291454121470451354980468750e+04  +4.4161273357660484180087223649024963378906e+03  +3.5999506581732945051044225692749023437500e+04
-7.4509255514042934009921737015247344970703e+02  -6.1711438328612784971483051776885986328125e+04  +9.4809761826790418126620352268218994140625e+03
-1.0060270258095100871287286281585693359375e+04  -1.5408418896149771171621978282928466796875e+04  +7.5396758501312597218202427029609680175781e+03
-1.3690484727603063220158219337463378906250e+05  +1.9002016289298582705669105052947998046875e+04  +2.3919597939542643871391192078590393066406e+04
+4.1787267776357897673733532428741455078125e+04  -5.4110288525830139406025409698486328125000e+04  -2.5578588345420692348852753639221191406250e+05
-2.0885523824005526876135263592004776000977e+03  -4.5591707829764336565858684480190277099609e+03  -3.2936548925977808721654582768678665161133e+03
-8.6709036336525252863793866708874702453613e+02  -9.0922904715183847201842581853270530700684e+02  +3.1460287372700071273357025347650051116943e+02
-4.7818799690853265929035842418670654296875e+03  -2.7706233043333166278898715972900390625000e+04  -1.8489369362270161218475550413131713867188e+04
-1.6923482634489765041507780551910400390625e+05  +1.0991192636808747192844748497009277343750e+05  +7.4534272058455884689465165138244628906250e+04
-1.7143492123698040813906118273735046386719e+04  -2.7814494769814085884718224406242370605469e+04  -2.6182671492802186548942700028419494628906e+04
+6.8284597501328175894741434603929519653320e+02  +3.4497511002355548725972766987979412078857e+02  -4.1210676012606154472450725734233856201172e+02
+1.4966079506558476714417338371276855468750e+05  +6.6642638749818317592144012451171875000000e+04  -1.7371133931538343313150107860565185546875e+05
+6.3192848663197866699192672967910766601562e+04  +3.3372473265574633842334151268005371093750e+04  -9.7963694442805630387738347053527832031250e+04
+5.7454129379606209113262593746185302734375e+04  +5.9355461818734929693164303898811340332031e+03  -1.1359240425525882528745569288730621337891e+04
-1.0506958678640401922166347503662109375000e+05  +3.5593080675608958699740469455718994140625e+04  +5.0358832232555163500364869832992553710938e+04
+8.5300778209116797370370477437973022460938e+03  +2.6852528519680719909956678748130798339844e+04  +8.0710211362634481702116318047046661376953e+03
-8.9495666517757181281922385096549987792969e+03  -7.4350619650611224642489105463027954101562e+03  -9.3068033279052394846075912937521934509277e+02
-4.2164288156783377417013980448246002197266e+03  +5.0095104793500737287104129791259765625000e+04  -1.0631141416468219176749698817729949951172e+04
-2.8441926669241547642741352319717407226562e+04  -3.6291137734033895867469254881143569946289e+03  +4.8192676641585439938353374600410461425781e+03
+7.9084057304493353512953035533428192138672e+03  +4.4461078311230621693539433181285858154297e+03  +9.5546128005293644491757731884717941284180e+02
-4.4966040332929944270290434360504150390625e+04  -2.6105262023144590784795582294464111328125e+04  -1.6598370520267872052500024437904357910156e+04
+1.3835174115514138975413516163825988769531e+04  +2.3036934415634765173308551311492919921875e+05  +2.1520386954428846365772187709808349609375e+05
+2.3981329188330628676339983940124511718750e+05  -4.7569955640940657758619636297225952148438e+04  -9.3373350974802087876014411449432373046875e+04
+6.8655583443258947227150201797485351562500e+03  -4.6680737886005008476786315441131591796875e+04  -3.2151832339812557620462030172348022460938e+04
+4.6748100086983795335981994867324829101562e+04  +1.5149009629127265725401230156421661376953e+04  -4.9139994059511722298339009284973144531250e+04
-4.0292818954237460275180637836456298828125e+04  +7.1404225946814376584370620548725128173828e+03  -1.0466514684641892017680220305919647216797e+04
+3.6892678859317020396701991558074951171875e+03  -3.8494613187813320109853520989418029785156e+03  -4.6862596323929747086367569863796234130859e+03
-6.4044207061316569706832524389028549194336e+02  -1.8701041909865364232246065512299537658691e+03  -4.3028225090758423903025686740875244140625e+03
-7.4206916327108934638090431690216064453125e+04  +1.8963038219600878073833882808685302734375e+05  -2.7490443034958654607180505990982055664062e+04
+1.3742220883259889887995086610317230224609e+04  -4.5533718185017904033884406089782714843750e+04  -2.7303588362940557999536395072937011718750e+05
-1.8181053034829974058084189891815185546875e+05  -5.8382407588516412943135946989059448242188e+04  -2.0753073367199968197382986545562744140625e+05
+2.6806702915887389099225401878356933593750e+05  +1.7341508293824957218021154403686523437500e+05  +1.8453317324412460038729477673768997192383e+03
-3.7370841744070843560621142387390136718750e+05  -5.5608163171943183988332748413085937500000e+05  -4.0943247019564086804166436195373535156250e+05
-3.2375112883610342396423220634460449218750e+05  -1.6174785482795206917217001318931579589844e+04  -2.6319944170176317129516974091529846191406e+04
+6.9866986910598152462625876069068908691406e+03  -7.7641655007327790372073650360107421875000e+04  +2.0501831212000397499650716781616210937500e+05
-1.3034229780898182070814073085784912109375e+04  -7.8125626314999506575986742973327636718750e+04  -1.6915186066519749147119000554084777832031e+04
-1.9901697281327180098742246627807617187500e+05  -1.0802589666673581814393401145935058593750e+05  +3.3892446024436096195131540298461914062500e+05
+3.7346461977828794260858558118343353271484e+03  +2.4078539605809455679263919591903686523438e+04  +5.6724330498502153204753994941711425781250e+04
+4.9756463122360881243366748094558715820312e+04  +1.2874745508311779121868312358856201171875e+05  +1.1561246723124002164695411920547485351562e+05
+1.8185976103055643034167587757110595703125e+05  +4.8655790272773076139856129884719848632812e+04  -1.9959358924846997251734137535095214843750e+05
-6.0412130445098177006002515554428100585938e+04  -2.9391998030168033437803387641906738281250e+05  -3.9452852149656077381223440170288085937500e+05
+1.7132724399314256152138113975524902343750e+05  +4.9842958991062582936137914657592773437500e+05  +7.4748515677341318223625421524047851562500e+04
+1.9684763551758187531959265470504760742188e+04  -3.8832567052906160824932157993316650390625e+04  -9.4701779933056037407368421554565429687500e+04
+1.0688507261239888975978828966617584228516e+04  +6.6852698765213193837553262710571289062500e+04  -1.1918417197916927761980332434177398681641e+04
-1.8935049581097630380099872127175331115723e+03  -6.0181129765951754961861297488212585449219e+02  -6.6213642032189763995120301842689514160156e+03
+1.2881743139784819504711776971817016601562e+05  +1.0626419176686259743291884660720825195312e+05  -3.6285827059531002305448055267333984375000e+04
+2.2272141557017788727534934878349304199219e+04  +3.5393919390159053727984428405761718750000e+05  +7.1120277623186921118758618831634521484375e+04
+2.0733119847834596293978393077850341796875e+05  -2.0339655275567001081071794033050537109375e+05  +1.8588466296005935873836278915405273437500e+04
-2.4715524977408884296892210841178894042969e+04  +1.2678198198116508137900382280349731445312e+05  -1.7917398842724865971831604838371276855469e+04
-1.2458345388748501136433333158493041992188e+05  -7.2163004181561700534075498580932617187500e+04  -3.3180660890806837414857000112533569335938e+04
+6.4750952127727498009335249662399291992188e+04  +3.1435550325130176497623324394226074218750e+05  -2.4064753990656966925598680973052978515625e+05
+3.8779479673350244411267340183258056640625e+04  +7.0654250098668417194858193397521972656250e+04  +1.8083364701921662344830110669136047363281e+04
+9.6123926275773803354240953922271728515625e+04  +5.8563646954214957077056169509887695312500e+04  +9.6447940987204674456734210252761840820312e+03
-6.1298031229816653649322688579559326171875e+04  +4.4483444422881739228614605963230133056641e+03  -8.3077392530011100461706519126892089843750e+04
-2.2084207537326821579881652723997831344604e+02  -1.8425656216575937378365779295563697814941e+03  +1.2565393076147386182128684595227241516113e+03
-2.0491756542472037835977971553802490234375e+04  +9.2670822039877675706520676612854003906250e+04  +2.9201889891996441292576491832733154296875e+04
-2.3548337556675546693440992385149002075195e+03  +1.3983065964345238171517848968505859375000e+05  +1.2857247657959112257231026887893676757812e+05
+1.1721543094994050989043898880481719970703e+04  -5.7662790274284328916110098361968994140625e+04  -2.7608750813229820778360590338706970214844e+04
+1.6285821453989816291141323745250701904297e+04  +3.2966464857139493688009679317474365234375e+04  -2.0289302593184103898238390684127807617188e+04
+1.0183820212244993399508530274033546447754e+03  -3.2238020634232857446477282792329788208008e+03  +5.8137414233222820314495038473978638648987e+01
+1.0222409873002103995531797409057617187500e+05  -1.3927126445026762667112052440643310546875e+05  +7.9370720771248947130516171455383300781250e+04
+1.0154947569529552129097282886505126953125e+05  -5.8238702919446121086366474628448486328125e+04  -1.0172699064306071932151098735630512237549e+03
-6.6566445190389904382755048573017120361328e+03  +6.6939776959694772813236340880393981933594e+03  -1.3013716967562557329074479639530181884766e+04
-3.9832451763821032363921403884887695312500e+05  +2.1637243787789257112308405339717864990234e+03  +6.1846701109736597572918981313705444335938e+04
-1.0250122286259595421142876148223876953125e+05  +4.5386429884660945390351116657257080078125e+04  -6.2828782387378108978737145662307739257812e+04
+2.5750236284130980493500828742980957031250e+04  +5.8941805998054245719686150550842285156250e+04  +3.4554080431127607880625873804092407226562e+04
+7.1295313481764906100579537451267242431641e+03  +4.6509593818464245487120933830738067626953e+03  +7.1698340851604700674215564504265785217285e+02
+3.3661580161574383964762091636657714843750e+04  -2.1546344555272522848099470138549804687500e+05  +3.9795921728055138373747467994689941406250e+04
+3.6046603532557281141635030508041381835938e+04  -1.1847961972781605436466634273529052734375e+05  +8.1745294873854523757472634315490722656250e+04
-3.6447440222424870626127813011407852172852e+02  +1.3083593081872434140677796676754951477051e+03  +4.1420546592586202905295067466795444488525e+02
+2.2494664620676773483864963054656982421875e+05  -5.4248908843476405309047549962997436523438e+04  +1.1350141585838940227404236793518066406250e+05
-9.3128035045950629864819347858428955078125e+04  +1.7545169401936678332276642322540283203125e+05  -3.7720534684661339269950985908508300781250e+05
+1.1465238764054821513127535581588745117188e+05  +1.5665226492276179487816989421844482421875e+05  -1.2238716182374223717488348484039306640625e+05
-1.8128107289470775867812335491180419921875e+05  +1.2880278583992165295057930052280426025391e+04  +2.4851962983944089501164853572845458984375e+05
-2.6773369355262825592944864183664321899414e+03  -7.9772321157646301799104548990726470947266e+03  +5.0717310171243525473983027040958404541016e+03
+3.5814459166770595821560618787771090865135e+00  -4.1931485448257365078461589291691780090332e+02  -1.6583479630663935040502110496163368225098e+03
-2.0264630970977223478257656097412109375000e+05  +2.7376081416119111236184835433959960937500e+05  +2.3251771879099027137272059917449951171875e+05
+3.1281789820732572115957736968994140625000e+05  -8.1691265645368839614093303680419921875000e+04  +5.3507320504851573787163943052291870117188e+04
+2.1058412419304880313575267791748046875000e+05  +4.3999915182013537560123950242996215820312e+04  +1.7143081722805707249790430068969726562500e+05
+3.6589866238882757897954434156417846679688e+04  +1.7106548232191405259072780609130859375000e+05  -8.4149633469958978821523487567901611328125e+04
-1.8570066603954543097643181681632995605469e+04  +4.5546390653616639610845595598220825195312e+04  +3.8062644292474299436435103416442871093750e+05
+2.7125329661497107008472084999084472656250e+05  +6.3619076931459348998032510280609130859375e+04  -1.2343253585530949931126087903976440429688e+05
+2.5781547742390128405531868338584899902344e+04  -2.3208573182271902624052017927169799804688e+04  +7.4681208393860564683564007282257080078125e+04
-6.0482139301586641522590070962905883789062e+04  -2.6944360312532901298254728317260742187500e+05  -2.1631539950290892738848924636840820312500e+05
+1.4440721561935300996992737054824829101562e+04  -9.9493909206985463242745026946067810058594e+03  -7.2280160724050234421156346797943115234375e+04
+2.1167380025202836259268224239349365234375e+05  -9.5011491459915865561924874782562255859375e+04  -9.1091891162472267751581966876983642578125e+04
+2.9246193211702624103054404258728027343750e+05  +1.2069539932836734806187450885772705078125e+05  +9.8247888108834871673025190830230712890625e+04
+1.0899677034016813195194117724895477294922e+04  +9.5008664770733339537400752305984497070312e+03  +3.7911862934508480975637212395668029785156e+03
+4.9740982320587175991022377274930477142334e+02  -4.1685910325764389199321158230304718017578e+03  -1.9640044563829978869762271642684936523438e+03
-1.8375978748151200124993920326232910156250e+05  -1.9280226030464368523098528385162353515625e+05  +1.4157282827757528866641223430633544921875e+05
+1.0460509757211667601950466632843017578125e+05  +3.1451627172038191929459571838378906250000e+05  -1.0507892541948566213250160217285156250000e+05
+5.0669772743018234905321151018142700195312e+04  -7.0538519951370559283532202243804931640625e+04  +9.8612567095255784806795418262481689453125e+04
-4.3276597105518500029575079679489135742188e+04  -1.4058616468223322954145260155200958251953e+04  -3.1793939094168930751038715243339538574219e+04
+6.9199206610622539301402866840362548828125e+04  -1.3925486442605362390168011188507080078125e+05  +3.7512992745191935682669281959533691406250e+04
-9.8034573789639500319026410579681396484375e+04  -5.3328411368766130181029438972473144531250e+04  +1.4540354229920139187015593051910400390625e+05
+1.5761823445318843005225062370300292968750e+05  +2.5694949392301077023148536682128906250000e+05  +1.1788198553748031554277986288070678710938e+05
-4.6480708709214912960305809974670410156250e+05  +3.4071708387695829151198267936706542968750e+05  -3.2223571612690435722470283508300781250000e+05
+1.4538784070036788762081414461135864257812e+04  +1.3270140264506928360788151621818542480469e+04  +1.9801102534776106040226295590400695800781e+04
-2.1112870332651906210230663418769836425781e+04  -2.3287655607421856984728947281837463378906e+02  +5.5135119090650558064226061105728149414062e+04
+2.3209704418787769100163131952285766601562e+03  -1.4275985549132328742416575551033020019531e+03  +6.7982760402448393506347201764583587646484e+03
+2.1045660751867268118076026439666748046875e+04  +2.2924383195322047686204314231872558593750e+05  +1.6773595691589641501195728778839111328125e+05
+1.1765995384397685120347887277603149414062e+05  +1.2451159299462204216979444026947021484375e+04  +4.6652295380613017186988145112991333007812e+04
-1.1947432865397953719366341829299926757812e+05  -1.1383755478554901492316275835037231445312e+05  -1.2182520262135105440393090248107910156250e+05
-3.9195619536228012293577194213867187500000e+04  -1.3272168792219896567985415458679199218750e+05  -2.4332094334105862799333408474922180175781e+04
-5.6878711580664385110139846801757812500000e+04  +3.5202706637460083584301173686981201171875e+04  -3.9524001644619704165961593389511108398438e+04
+2.0537958176689580432139337062835693359375e+05  +5.1282352314242045395076274871826171875000e+04  +2.1436821114618011051788926124572753906250e+05
+1.8997427305201254785060882568359375000000e+05  -7.5360004205209072097204625606536865234375e+04  -1.5039304471143399496213532984256744384766e+04
-1.4939843362894383608363568782806396484375e+05  +3.1113849598060187418013811111450195312500e+05  +5.0587760634901240700855851173400878906250e+05
-3.4005289456019613680837210267782211303711e+03  -4.9516504909467121251509524881839752197266e+03  -6.3658683652324616559781134128570556640625e+03
+3.6597755190803341974969953298568725585938e+04  +5.1906704099864989984780550003051757812500e+04  -1.1221589887561016075778752565383911132812e+05
+3.5060106676224866532720625400543212890625e+04  +1.2779252370355930906953290104866027832031e+04  +4.0976813935158454114571213722229003906250e+04
+3.1508566712159739108756184577941894531250e+05  +2.2590277336526321596466004848480224609375e+05  +2.4965955334542732452973723411560058593750e+05
+1.0454451097566829048446379601955413818359e+04  +2.6622775528794845740776509046554565429688e+03  +1.7539494873651365196565166115760803222656e+04
+4.3635096430419725948013365268707275390625e+03  +1.9026558716883922897977754473686218261719e+04  -1.3438164442294229957042261958122253417969e+04
+1.2229704909125841368222609162330627441406e+04  -6.4739189327719350330880843102931976318359e+03  -1.5398056720112044786219485104084014892578e+04
+2.8861163824665639549493789672851562500000e+05  +1.6751965929503898951224982738494873046875e+05  +1.0655867326662917548674158751964569091797e+04
+6.6158460803841269807890057563781738281250e+04  -8.0990782504404356586746871471405029296875e+04  -1.3650755695141540491022169589996337890625e+05
+7.0330031338178232545033097267150878906250e+04  -7.5176002951922258944250643253326416015625e+04  +9.9579145491948234848678112030029296875000e+04
-1.7368983890186860662652179598808288574219e+04  +5.0320558027888982906006276607513427734375e+03  -4.5585289525496162241324782371520996093750e+04
-3.5371757757662518997676670551300048828125e+04  -5.2018392361991946017951704561710357666016e+03  +2.8600213568019935337360948324203491210938e+04
+8.4664253544403778505511581897735595703125e+04  -3.8053539817466771637555211782455444335938e+04  +1.2050009652106884459499269723892211914062e+05
-2.3090849912947647680994123220443725585938e+04  +4.5860500411982770310714840888977050781250e+05  +1.0136821676012643729336559772491455078125e+05
-7.7439782729070648201741278171539306640625e+04  +1.3413599917573991115204989910125732421875e+05  -2.5730308427501837286399677395820617675781e+04
-1.0989549896717371302656829357147216796875e+05  +1.5082423545641097007319331169128417968750e+05  -7.8810766121019609272480010986328125000000e+04
-1.0517640166577311174478381872177124023438e+05  -9.4405056037740301690064370632171630859375e+04  -1.6746671408618065470363944768905639648438e+04
+5.0984503445708949584513902664184570312500e+04  +1.0808961007306938699912279844284057617188e+05  +6.9052768665057199541479349136352539062500e+04
-1.2922101310306017694529145956039428710938e+04  -2.5577429996083978039678186178207397460938e+04  +2.6538621759502443637757096439599990844727e+03
-3.5128008543445657778647728264331817626953e+03  -8.0495620002157345879822969436645507812500e+04  -1.1841382717576542927417904138565063476562e+05
-4.5775278851484551978501258417963981628418e+02  -3.3303348584546029087505303323268890380859e+02  -2.3012790127324308286915766075253486633301e+02
-8.9399204517090358422137796878814697265625e+04  +4.0051725925110447860788553953170776367188e+04  +1.2278583967312717868480831384658813476562e+05
+3.3246961664742084394674748182296752929688e+04  +2.7037172271727944462327286601066589355469e+04  -4.0686870266370620811358094215393066406250e+04
-7.5703610736248505418188869953155517578125e+04  +1.5040769205752560083055868744850158691406e+04  -5.5102657765940751414746046066284179687500e+05
+1.1748708077706483891233801841735839843750e+04  +5.3026714037589947110973298549652099609375e+04  +3.2140833138057736505288630723953247070312e+04
+6.6917989765222198911942541599273681640625e+04  +7.6167615063700926839374005794525146484375e+04  -5.9530670903113074018619954586029052734375e+04
-9.3782913872283010277897119522094726562500e+04  -2.9552319419114381162216886878013610839844e+04  -2.1540921514092235156567767262458801269531e+04
+1.2692743334936573228333145380020141601562e+05  +1.1640911742321959172841161489486694335938e+05  +1.2489126199989276938140392303466796875000e+05
+2.6861996410445217043161392211914062500000e+05  +1.5363299974551904597319662570953369140625e+05  +9.8679093464896213845349848270416259765625e+04
+1.7098785267393209505826234817504882812500e+05  -1.9172361062116098764818161725997924804688e+04  +3.5592845205980927858036011457443237304688e+04
-5.4085376893983245827257633209228515625000e+05  -2.3427961249057846725918352603912353515625e+05  -2.8420113655220717191696166992187500000000e+05
-8.4682034681447228649631142616271972656250e+04  +1.9462188037169946710491785779595375061035e+03  +8.6060684112258633831515908241271972656250e+04
+1.4108423152925033355131745338439941406250e+05  +2.4663632492475720937363803386688232421875e+05  -4.0940967930749541847035288810729980468750e+05
-8.0659097087924455991014838218688964843750e+04  +4.2616721289698027248959988355636596679688e+04  +1.8025136776812360039912164211273193359375e+05
-1.5495098469039087649434804916381835937500e+05  -2.8632194376512357848696410655975341796875e+04  +1.6175722010826768382685258984565734863281e+04
+9.6453664410153403878211975097656250000000e+04  +1.3076736326171900145709514617919921875000e+05  +7.2452843790972410715767182409763336181641e+03
+4.9577059303624078165739774703979492187500e+05  -1.7101411178714389097876846790313720703125e+05  -3.0810557763127383077517151832580566406250e+05
-6.4170095855608524288982152938842773437500e+04  +8.5749999277076829457655549049377441406250e+04  +7.1228274908615057938732206821441650390625e+03
-9.0563040094256255542859435081481933593750e+04  -2.3559256457139187841676175594329833984375e+05  -1.5604426614116327982628718018531799316406e+03
-2.6191250434732154417361016385257244110107e+02  -2.3979278474385392883050371892750263214111e+02  +2.2307190316765928628228721208870410919189e+02
+2.7217361504832428181543946266174316406250e+05  -1.0407941581179713830351829528808593750000e+05  +4.8807188495720210994477383792400360107422e+03
-1.5516117395305333047872409224510192871094e+04  +2.2089625556857456103898584842681884765625e+04  +4.2133851013264120410894975066184997558594e+03
-1.1551029129549376375507563352584838867188e+05  -2.1364817467102754744701087474822998046875e+05  -2.5578605974732484901323914527893066406250e+05
+1.6753603986525986692868173122406005859375e+05  +4.1894755258019501343369483947753906250000e+05  +1.3152899692084989510476589202880859375000e+05
-2.4507893342868730542249977588653564453125e+04  +3.1457327021530733190957107581198215484619e+02  -2.0157508763026620727032423019409179687500e+04
+1.9954865889179305668221786618232727050781e+04  +6.3888571013547452821512706577777862548828e+03  -5.9040648188711511465953662991523742675781e+03
-1.4532287745350700447488634381443262100220e+02  +2.0270627272382830597052816301584243774414e+02  -5.0143627795944816227802220964804291725159e+01
+1.2712896274362372059840708971023559570312e+05  -1.4795815741182625060901045799255371093750e+05  -2.4467845493592580896802246570587158203125e+05
+1.3172026412653742227121256291866302490234e+04  +2.2207034820448679965920746326446533203125e+04  +1.4947856111212477117078378796577453613281e+04
+4.6387705827344747376628220081329345703125e+04  -1.3495163187025518709560856223106384277344e+04  -7.5365540924271481344476342201232910156250e+04
-8.4055506287983807851560413837432861328125e+03  -3.7084455079147162905428558588027954101562e+04  +7.6794484876093638376914896070957183837891e+03
+1.3375836105146981935831718146800994873047e+04  +1.1604327346874536306131631135940551757812e+05  -4.9127017925321059010457247495651245117188e+04
+2.1804530418398120673373341560363769531250e+04  -1.1846193089532785234041512012481689453125e+05  +4.4513899157553409168031066656112670898438e+04
+1.4489021140107838436961174011230468750000e+06  +3.6510097594050777843222022056579589843750e+05  +6.6215372121887432876974344253540039062500e+05
-2.9808655338314389382503577508032321929932e+02  -2.3277296834196019403862010221928358078003e+02  -3.7290099387328659474860614864155650138855e+01
-4.8354074876734608551487326622009277343750e+04  -2.1145628328771457745460793375968933105469e+04  +1.8907121449369395122630521655082702636719e+04
+3.0329026558676255262980703264474868774414e+03  -1.5284868094697412743698805570602416992188e+03  -2.9625145464041688683209940791130065917969e+03
+1.8204382917261167312972247600555419921875e+05  +5.9345422296845819801092147827148437500000e+04  -3.4431740779495390597730875015258789062500e+04
-1.5196471060714675695635378360748291015625e+05  +3.2827597892291843891143798828125000000000e+05  +1.3855037190674705198034644126892089843750e+05
+1.8339091223636263748630881309509277343750e+05  +9.2779413705666069290600717067718505859375e+04  -1.2480391602177909226156771183013916015625e+05
+7.7840874992641010976512916386127471923828e+03  +7.4705504415538223383919103071093559265137e+02  -2.3505743322861086198827251791954040527344e+04
+2.0960946623760327156560379080474376678467e+02  -4.2446709024257950204628286883234977722168e+02  +7.5358727310506765206810086965560913085938e+01
+6.6916589115000324454740621149539947509766e+03  -1.9665540865516196936368942260742187500000e+05  +7.3589047849235998000949621200561523437500e+04
+6.5993056219385262011201120913028717041016e+03  +2.1993745433279585995478555560111999511719e+04  +2.3626233002123011829098686575889587402344e+04
+1.6149785488937084664939902722835540771484e+04  -2.2289506705164658342255279421806335449219e+03  -5.9213800951037061167880892753601074218750e+04
-1.4135358089753324748016893863677978515625e+04  +3.7732519831631580018438398838043212890625e+04  +1.7582522950871819489293557126075029373169e+01
-5.1630796713378462300170212984085083007812e+04  +3.1879221147840053163236007094383239746094e+04  +1.4101499314716857043094933032989501953125e+05
-2.3926114853307029989082366228103637695312e+04  -5.1932977620006487995851784944534301757812e+04  +3.9271756264043295232113450765609741210938e+04
-2.8121830122132756514474749565124511718750e+05  -4.2302412706278666155412793159484863281250e+05  -1.0198799263395498564932495355606079101562e+05
-2.8471994067602394352434203028678894042969e+04  -1.5757218468537326771183870732784271240234e+04  -1.9361235663356434088200330734252929687500e+04
-2.8146953932021271612029522657394409179688e+04  -8.9842664352484032860957086086273193359375e+04  +1.1744013015151220315601676702499389648438e+05
+3.1404332392496227839728817343711853027344e+04  -2.7857975939778159954585134983062744140625e+04  -2.8107380268808246910339221358299255371094e+04
+4.1191354605555359739810228347778320312500e+05  +3.8065758884489955380558967590332031250000e+05  +6.6801030810750555247068405151367187500000e+05
-1.1275988540135040238965302705764770507812e+05  -7.8869238597527693491429090499877929687500e+05  -3.3073649089090963825583457946777343750000e+06
+1.6682791501145472284406423568725585937500e+05  -2.7870795926717133261263370513916015625000e+05  -1.1856025591189414262771606445312500000000e+05
+1.4305943355670612072572112083435058593750e+05  +6.5061388860013619705568999052047729492188e+04  -2.0734050725320026685949414968490600585938e+04
-1.6585507049801852554082870483398437500000e+05  +6.3276526589722554490435868501663208007812e+04  -1.3539427544029933051206171512603759765625e+05
-2.5928051894427157094469293951988220214844e+04  -1.8683065602573686192044988274574279785156e+04  -5.4014924712232432284508831799030303955078e+03
+2.7052885196220962825464084744453430175781e+04  -3.2029319192710536299273371696472167968750e+05  +1.4265116819192873663268983364105224609375e+05
+7.8779883848878889693878591060638427734375e+04  +2.8579093173312518047168850898742675781250e+04  +3.2573778986453617108054459095001220703125e+04
+1.4414884158122795633971691131591796875000e+05  -8.3573022700405796058475971221923828125000e+04  +8.1029066698459719191305339336395263671875e+04
-4.1415523351750525762327015399932861328125e+04  -6.8728227652371435851819114759564399719238e+02  +1.0799552931842850739485584199428558349609e+04
-3.8103758281042741145938634872436523437500e+04  -4.0868176014959979511331766843795776367188e+04  +4.1111387261728732482879422605037689208984e+03
+9.6384589352772716665640473365783691406250e+04  -2.1650037075861767516471445560455322265625e+05  -4.2634146545632887864485383033752441406250e+04
-2.4337858100075114634819328784942626953125e+04  -6.8350126621190152945928275585174560546875e+04  +8.1948140988271145033650100231170654296875e+04
-9.9388002535677253035828471183776855468750e+04  -8.9384784471168663003481924533843994140625e+04  +9.8676505044956327765248715877532958984375e+04
+3.1549135292062042026373092085123062133789e+03  +7.7654235676837110077030956745147705078125e+04  +1.6661276853740451042540371417999267578125e+05
+5.4835448774437259999103844165802001953125e+04  +2.0058082201194282970391213893890380859375e+05  +6.6099183056525667780078947544097900390625e+04
+1.9929538876684688148088753223419189453125e+05  +2.6951947764041851041838526725769042968750e+05  -1.0835947091613701195456087589263916015625e+05
-1.0153691550828762410674244165420532226562e+05  +1.1047831690829094441141933202743530273438e+04  -1.6351617537707847077399492263793945312500e+04
-2.2505601371249428484588861465454101562500e+05  +3.3949188648227078374475240707397460937500e+05  -1.6779631824873998994007706642150878906250e+04
+1.1458496094897125658462755382061004638672e+04  +1.9851765106561317224986851215362548828125e+04  +3.7166281943936672178097069263458251953125e+04
+1.5730121404606992655317299067974090576172e+04  -6.1491238313314504921436309814453125000000e+04  -2.1933281091019332961877807974815368652344e+04
-7.5186339892995182890444993972778320312500e+05  +4.3563723412892624037340283393859863281250e+05  -7.2808925929357437416911125183105468750000e+05
+3.4737985664806200247767264954745769500732e+02  +3.9862398705181208242720458656549453735352e+03  +7.2947768223400402348488569259643554687500e+04
-2.7840034405982998578110709786415100097656e+04  +1.2313166274263725426862947642803192138672e+04  -4.0404448870844986231531947851181030273438e+04
+6.8742743649298063246533274650573730468750e+04  -1.3391116282192451762966811656951904296875e+05  -1.4802306594599803793244063854217529296875e+05
+3.4471988657790177967399358749389648437500e+04  +8.3420078887179042794741690158843994140625e+04  +1.6928758528825175744714215397834777832031e+04
-1.0356398443750889782677404582500457763672e+04  +2.5607034171977892401628196239471435546875e+05  +1.2316578574717083029099740087985992431641e+04
-1.6454604298300686059519648551940917968750e+05  -1.6306503131539089372381567955017089843750e+05  -8.4760799760363239329308271408081054687500e+05
+6.9725611834337367326952517032623291015625e+04  -3.8051515489505174627993255853652954101562e+04  +6.2622888960435666376724839210510253906250e+04
-1.4318198098157019558129832148551940917969e+04  -1.8327498093653237447142601013183593750000e+04  +9.6436105551379077951423823833465576171875e+04
+1.2961708534736302681267261505126953125000e+04  -6.5766900421484358957968652248382568359375e+04  +1.4601218904335793922655284404754638671875e+05
+1.3859480520359610090963542461395263671875e+05  -2.4478486891030854167183861136436462402344e+04  +1.7503510202678543282672762870788574218750e+05
-4.3159215106968240434071049094200134277344e+03  -9.2776842442638779175467789173126220703125e+04  +1.1348678600152052240446209907531738281250e+05
-1.8933309950432401819853112101554870605469e+04  -3.1930238075911576743237674236297607421875e+04  -1.7645601471433980623260140419006347656250e+05
-7.7507998747069359524175524711608886718750e+04  +7.8721863477297185454517602920532226562500e+04  -7.1934909435148118063807487487792968750000e+04
-7.8463905935443162888986989855766296386719e+03  -8.8829142441000822145724669098854064941406e+03  +8.0201266329953223248594440519809722900391e+03
+7.6418476388279959792271256446838378906250e+04  -2.5128727748107321531279012560844421386719e+04  +7.5799274651612722664140164852142333984375e+04
+1.3564984253391465244931168854236602783203e+04  -2.0405885949660560072516091167926788330078e+03  -1.3777940711824981917743571102619171142578e+04
-1.1606308224875507221440784633159637451172e+04  -1.0181500380294894057442434132099151611328e+04  +4.1098762056548781401943415403366088867188e+04
-7.3976945781242775979080761317163705825806e+01  +1.0799619258595319024607306346297264099121e+03  +3.3472213053376090101664885878562927246094e+03
-5.6680657269417068164329975843429565429688e+04  -5.1631482363275572424754500389099121093750e+04  +1.8953231173706139088608324527740478515625e+04
+9.9552982032753352541476488113403320312500e+04  +4.8217496561660380393732339143753051757812e+04  -5.4577841478915768675506114959716796875000e+04
-5.3915194946540257660672068595886230468750e+04  +1.6570396409718807262834161520004272460938e+04  -1.9793484571660716028418391942977905273438e+04
-4.8824008199545001843944191932678222656250e+04  -3.1763776025851414306089282035827636718750e+05  -8.6946308719190186820924282073974609375000e+04
+5.7492909521653571573551744222640991210938e+04  -6.0892126901156800158787518739700317382812e+04  -1.0813503580252658139215782284736633300781e+04
+1.1945729252477519912645220756530761718750e+05  +3.1631112787794874748215079307556152343750e+04  -7.1750944787776534212753176689147949218750e+04
+1.2881707898068023496307432651519775390625e+04  -9.6219892538535314088221639394760131835938e+03  -4.9800077716337960737291723489761352539062e+04
+1.0732914294068215531297028064727783203125e+05  +1.1155983342583962075877934694290161132812e+05  +8.8086712557763512450037524104118347167969e+03
+3.6114681785345455864444375038146972656250e+05  -3.2915381004605977796018123626708984375000e+05  -4.4589388262118918646592646837234497070312e+04
+1.3057658599914479418657720088958740234375e+05  -3.3889360145246610045433044433593750000000e+05  +1.6453121618703356944024562835693359375000e+05
+1.2006115689642581855878233909606933593750e+05  -2.3437629914871574146673083305358886718750e+05  +7.0109663157430084538646042346954345703125e+04
+1.5911192896977294003590941429138183593750e+05  -5.5224610217228604597039520740509033203125e+04  +2.6616245453275874024257063865661621093750e+05
+3.9250910919545727665536105632781982421875e+04  -3.7887032116435562784317880868911743164062e+04  +5.1126507520295112044550478458404541015625e+04
+1.3783659959217061441449914127588272094727e+03  +1.6092494309937928846920840442180633544922e+04  +5.0597672036797639520955272018909454345703e+03
-1.4021531677500857767881825566291809082031e+04  -6.7471671068087453022599220275878906250000e+03  +3.3271153472766847698949277400970458984375e+04
-1.1280621756436530631617642939090728759766e+04  -1.0415111970823568117339164018630981445312e+05  +8.4258307732805289560928940773010253906250e+04
+3.5587361446935734420549124479293823242188e+04  -2.2666964367080136435106396675109863281250e+05  +1.2192380646293716563377529382705688476562e+05
-4.0687916718322332599200308322906494140625e+04  +4.7791937224926972703542560338973999023438e+04  -7.9938251424664369551464915275573730468750e+04
-3.0941830490261572413146495819091796875000e+05  -2.3460132853428454836830496788024902343750e+05  -4.9751674489035076476284302771091461181641e+03
+9.8442561940595507621765136718750000000000e+04  +2.7292114255219657206907868385314941406250e+05  -4.1847981523259513778612017631530761718750e+04
-7.0620407332222184777492657303810119628906e+03  +5.5899350090515426927595399320125579833984e+03  -1.7419979227996957433788338676095008850098e+03
+5.5077406774418588611297309398651123046875e+04  +6.2730733344881464290665462613105773925781e+03  +1.8765564572148566367104649543762207031250e+05
+1.9452841557713641668669879436492919921875e+05  -4.4865277566294316784478724002838134765625e+04  +6.2114852903502593107987195253372192382812e+04
+7.9562206608907086774706840515136718750000e+04  -9.2975631475285365013405680656433105468750e+04  -1.8257231228953165555140003561973571777344e+04
+1.1092880355600413167849183082580566406250e+05  -8.5915406528516876278445124626159667968750e+04  -2.7470994598881803540280088782310485839844e+04
-3.7868265401153585116844624280929565429688e+04  +9.8968292647013702662661671638488769531250e+04  +3.2509831670601408404763787984848022460938e+04
-1.9885089916323748184368014335632324218750e+05  +9.5417242071332599152810871601104736328125e+04  -2.2260885081323931808583438396453857421875e+05
-1.1977577903893504117149859666824340820312e+05  -3.5807770566394538036547601222991943359375e+04  +2.3063801495404151501134037971496582031250e+05
+2.0535279325304691155906766653060913085938e+02  +2.2858007534739950642688199877738952636719e+04  +2.1781804744815457524964585900306701660156e+04
+7.3522394480709936033235862851142883300781e+03  -1.8647231773566709307488054037094116210938e+04  +3.5219503541056183166801929473876953125000e+04
+7.0646760174469181947642937302589416503906e+03  -7.9102779835747991455718874931335449218750e+04  -1.2665007529300646274350583553314208984375e+05
-8.9460954855937336105853319168090820312500e+04  -5.8066324064552645722869783639907836914062e+04  -6.7573763989424245664849877357482910156250e+04
-1.5682436562049797430518083274364471435547e+04  +2.1978018435529331327416002750396728515625e+04  +5.9144767074150258849840611219406127929688e+04
-8.1592840205628919648006558418273925781250e+04  -5.0656466939985184581018984317779541015625e+03  +4.3279473198331725143361836671829223632812e+04
-1.2412518190384749323129653930664062500000e+05  +2.7784296587811222707387059926986694335938e+04  -2.5287453456500556785613298416137695312500e+05
+8.2181483959788765787379816174507141113281e+03  +8.2452057046104091568849980831146240234375e+03  -1.1117557658000558149069547653198242187500e+04
+3.1801681803992547793313860893249511718750e+05  -2.4998321037455287296324968338012695312500e+05  -7.6068673545462021138519048690795898437500e+04
+7.4235295770143173285759985446929931640625e+04  -6.6699621629452754859812557697296142578125e+04  -3.6556807441805824055336415767669677734375e+04
+3.2795033408416471502278000116348266601562e+04  -7.6234896463606457928108284249901771545410e+02  -9.9603038158077644766308367252349853515625e+04
-2.9381308944445219822227954864501953125000e+05  -1.6593883578483376186341047286987304687500e+05  +4.4460689749285855214111506938934326171875e+04
+1.3772658027218529605306684970855712890625e+05  -1.0137405669185529404785484075546264648438e+05  -3.2592189107172482181340456008911132812500e+04
-1.4468779195627063745632767677307128906250e+05  -1.6458419868534230772638693451881408691406e+04  +9.3397624277618917403742671012878417968750e+04
-7.7973422681043288321234285831451416015625e+04  -3.5640660020004765829071402549743652343750e+05  -7.3540102414341410622000694274902343750000e+04
+1.5597821463160205894382670521736145019531e+04  +2.6705515009035525508807040750980377197266e+03  -5.4075439718520710812299512326717376708984e+03
+2.6527899375243332542595453560352325439453e+03  +1.8809157506214090972207486629486083984375e+04  -8.3669979469673908170079812407493591308594e+03
-3.9470797873846895527094602584838867187500e+04  -2.0615650176793118589557707309722900390625e+04  -5.7143563196980590873863548040390014648438e+04
+7.8966599135797645431011915206909179687500e+04  +8.4830690759749093558639287948608398437500e+04  +4.3009791556180847692303359508514404296875e+04
+7.2115138745519334406708367168903350830078e+03  -6.5690187771545839495956897735595703125000e+04  -1.9457292420239798957481980323791503906250e+05
-1.0719090367537713973433710634708404541016e+04  -8.9393127666807413334026932716369628906250e+03  +8.0630878409331871807808056473731994628906e+03
+8.9794056258768148836679756641387939453125e+04  +1.5775603212593460921198129653930664062500e+05  +1.1197493278360094336676411330699920654297e+04
+7.1152293927408354647923260927200317382812e+03  +7.5485104206147843797225505113601684570312e+02  -8.4232962524220474733738228678703308105469e+03
+1.3649315874809235538123175501823425292969e+03  +1.8643750670191272433839912991970777511597e+02  -2.6680594404327678148547420278191566467285e+02
-1.4419045329306285566417500376701354980469e+04  -9.3800899746047089138301089406013488769531e+03  -1.5756722265460339258424937725067138671875e+04
-1.5165466384395185741595923900604248046875e+04  -1.0894839007587586820591241121292114257812e+05  +8.1312392647017099079675972461700439453125e+04
-7.1673728756237833295017480850219726562500e+04  -1.1518020712142410047817975282669067382812e+04  -3.5565355180966282205190509557723999023438e+04
+5.2112698396943611442111432552337646484375e+04  -8.9171818001772684510797262191772460937500e+04  +3.1843159601231749547878280282020568847656e+04
+1.8099535501406568073434755206108093261719e+04  -5.5102652902189183805603533983230590820312e+04  +1.1952825915597124549094587564468383789062e+04
+1.9203847452050336869433522224426269531250e+05  -1.9504298790680209640413522720336914062500e+05  -3.7318710604527068790048360824584960937500e+05
-4.1286978452159783046226948499679565429688e+04  +1.9626233386569256254006177186965942382812e+03  -6.4803267240573848539497703313827514648438e+04
+5.6730337152203581354115158319473266601562e+04  +1.5180811755777604412287473678588867187500e+05  -1.3069771704443497583270072937011718750000e+05
+1.7823542428102093253983184695243835449219e+04  +2.5604899069860653980867937207221984863281e+04  -8.2943348557956720469519495964050292968750e+04
-1.1019638210525263275485485792160034179688e+05  -9.6149940228345018113031983375549316406250e+04  +2.8722091746679716743528842926025390625000e+05
+6.7967843174423484015278518199920654296875e+04  -4.6410207956769059819635003805160522460938e+04  -1.5646922838448564289137721061706542968750e+05
-1.3255165514367693049280205741524696350098e+03  +2.6440455482906722863845061510801315307617e+03  -3.2162605049808280455181375145912170410156e+04
+9.4272440145491404109634459018707275390625e+04  +3.3250384115619148360565304756164550781250e+04  -1.7556686582925426773726940155029296875000e+05
-2.0081400123981806245865300297737121582031e+04  +2.2080458699357663863338530063629150390625e+05  -1.0105786731243631220422685146331787109375e+05
+5.2261354474674117227550595998764038085938e+03  +3.3890446010113754482517833821475505828857e+02  +1.6452077891121356515213847160339355468750e+04
-1.6283425783055654028430581092834472656250e+05  +1.5294830810379260219633579254150390625000e+05  +3.8510523787322442512959241867065429687500e+05
+1.6197533543876234034541994333267211914062e+04  +2.2516480711429903749376535415649414062500e+05  -2.8297675834216416114941239356994628906250e+05
+1.4555491158945256029255688190460205078125e+05  +1.3387945524660072987899184226989746093750e+05  +2.7798364284981263335794210433959960937500e+05
+2.5001626387710240669548511505126953125000e+05  +1.6493026993847545236349105834960937500000e+05  -7.5591652808724356873426586389541625976562e+03
-5.6011010260486786137335002422332763671875e+04  -7.9752817340642679482698440551757812500000e+04  -1.5841961935991066275164484977722167968750e+05
-2.6186314752458278235280886292457580566406e+04  -3.5707174807324139692354947328567504882812e+04  +3.8631638774574246781412512063980102539062e+04
+9.3444777450925626908428966999053955078125e+04  +8.5367562414829677436500787734985351562500e+04  +2.3716712244805356021970510482788085937500e+04
+2.9501176218395110481651499867439270019531e+04  -5.5199655203450893168337643146514892578125e+04  -5.2150752330995135707780718803405761718750e+04
-5.5834548534247813222464174032211303710938e+04  +1.5887311700916205154499039053916931152344e+04  -6.4145031526194252364803105592727661132812e+04
-4.7484518101861285686027258634567260742188e+04  -1.1617887302827705570962280035018920898438e+05  +4.6573509791068347112741321325302124023438e+04
-1.0739527347923921479377895593643188476562e+05  -8.9724456082791602966608479619026184082031e+03  -6.7753688325558177893981337547302246093750e+04
+2.6070180332811145490268245339393615722656e+04  +8.0156641606948687694966793060302734375000e+04  +1.2346055704202419292414560914039611816406e+04
+4.7180439825275476323440670967102050781250e+04  +3.3836293847071661730296909809112548828125e+04  -5.2450292936912519508041441440582275390625e+04
+1.5174696234072535298764705657958984375000e+05  -2.7963296985487588244723156094551086425781e+04  -4.1610271339038990845438092947006225585938e+04
-1.0123590820934296061750501394271850585938e+05  +2.7296767856229527387768030166625976562500e+05  +1.3305425350597474607639014720916748046875e+05
-1.4993102552634207313531078398227691650391e+04  +1.1013961295162400347180664539337158203125e+04  -5.3954247283110758871771395206451416015625e+04
+1.6284146168838784433319233357906341552734e+04  +2.1847512977602382306940853595733642578125e+05  -2.3472991043374547734856605529785156250000e+05
+1.2077218040822718467097729444503784179688e+05  -1.4865066269480201299302279949188232421875e+05  -4.3146064117458992404863238334655761718750e+05
-1.2010838107388989010360091924667358398438e+05  -6.6260420308390195714309811592102050781250e+04  +1.0550900314163637813180685043334960937500e+05
+4.0997765345333603909239172935485839843750e+05  -1.0071312506829795893281698226928710937500e+05  +2.1298318200903225806541740894317626953125e+05
-7.9236267079375364119186997413635253906250e+04  -1.7641187447869853349402546882629394531250e+05  +9.0971289522314604255370795726776123046875e+04
-3.5714387495624064467847347259521484375000e+05  +7.7817472853271686471998691558837890625000e+05  -6.4659646298652165569365024566650390625000e+05
-4.9799893750506766082253307104110717773438e+04  +1.0070096925688181727309711277484893798828e+04  -2.2634908028026291867718100547790527343750e+05
+4.0182880826546339085325598716735839843750e+05  +3.0640005977998633170500397682189941406250e+05  +8.6128138946800713893026113510131835937500e+05
-3.7864306763151354971341788768768310546875e+04  -1.2819018406734018935821950435638427734375e+05  -1.0394877565619508095551282167434692382812e+05
+3.0297358707115463403169997036457061767578e+03  +2.5753765484087580261984840035438537597656e+03  +1.1120039237553834027494303882122039794922e+04
-1.8409435467009974672691896557807922363281e+04  +1.4021861004365558619610965251922607421875e+05  -1.9950021526598109630867838859558105468750e+04
-1.6819484498760374845005571842193603515625e+05  -5.8899876014866516925394535064697265625000e+04  +7.0310936007703989162109792232513427734375e+04
+1.6221828383828171354252845048904418945312e+04  -6.5875197628913185326382517814636230468750e+04  +5.6924807996777679363731294870376586914062e+04
-5.2512591872988632530905306339263916015625e+04  +4.4493588584352692123502492904663085937500e+04  -1.5073614045288023771718144416809082031250e+05
+8.2583600889824592741206288337707519531250e+04  -9.1795540340981955523602664470672607421875e+04  -2.3997488721863305545412003993988037109375e+05
+2.7222718083256277168402448296546936035156e+04  +8.4863413553202684852294623851776123046875e+04  +1.9815136801248452684376388788223266601562e+04
-5.0330714934285446361172944307327270507812e+04  -3.0842893467009963933378458023071289062500e+05  -2.6906635408399353036656975746154785156250e+05
-2.5963232245723644155077636241912841796875e+04  -9.3022975300623620569240301847457885742188e+03  -1.5283157675174041651189327239990234375000e+05
-1.2505133476345482631586492061614990234375e+05  -2.6761855121025402331724762916564941406250e+05  -9.7154812222072199801914393901824951171875e+04
+5.9714457012969032803084701299667358398438e+04  -5.8191309570445991994347423315048217773438e+04  +3.5042495246840007894206792116165161132812e+04
+1.0344714555946306791156530380249023437500e+05  -2.7088689433086133794859051704406738281250e+05  -1.0701408633684582309797406196594238281250e+05
+7.0205282649430785113509045913815498352051e+01  -4.7346570037431439459396642632782459259033e+02  +7.0343353726602003916923422366380691528320e+01
+4.1097579353349692610208876430988311767578e+03  +5.6418769140406730002723634243011474609375e+03  +2.8630056775567281874828040599822998046875e+03
-2.1951124944620663882233202457427978515625e+04  -9.2763974728671208140440285205841064453125e+04  -7.0990109696677478495985269546508789062500e+04
-2.3923747589244918344775214791297912597656e+04  +1.4137990180582208267878741025924682617188e+04  +4.5551615499698746134527027606964111328125e+04
+2.9880034490684547927230596542358398437500e+05  +1.9119940194489914574660360813140869140625e+05  -3.5718001140057359589263796806335449218750e+05
+1.5054142272436047278461046516895294189453e+04  -4.9913729107440041843801736831665039062500e+04  +2.3373436637460159545298665761947631835938e+04
+3.3178769515978652634657919406890869140625e+04  -9.7677993641955363273154944181442260742188e+03  -6.4668363232102739857509732246398925781250e+04
-1.0636251800608807243406772613525390625000e+06  +4.0635185378985252464190125465393066406250e+05  -4.5642409026976145105436444282531738281250e+05
+1.0291784404227173581602983176708221435547e+04  +5.0156720037282466364558786153793334960938e+04  -2.8432403620791184550853358814492821693420e+01
+3.2518002534438751172274351119995117187500e+05  -2.4357209728660623659379780292510986328125e+05  -1.0273467638244463887531310319900512695312e+05
-4.8607029263797441672068089246749877929688e+04  +7.7554688365372785483486950397491455078125e+04  -1.4200500642520221299491822719573974609375e+05
-4.5392425391986238537356257438659667968750e+04  +4.2296185067986790090799331665039062500000e+05  -1.9767586866466124774888157844543457031250e+04
-2.0154851027871522092027589678764343261719e+04  +5.9815032446109456941485404968261718750000e+04  -2.8252361465200439852196723222732543945312e+04
+2.0336661807845532166538760066032409667969e+04  -8.4177905780455053900368511676788330078125e+04  -4.2703583087774422892834991216659545898438e+04
+4.4244480566546699265018105506896972656250e+03  +2.9296863219754063720756676048040390014648e+03  -4.1102478007404721438433625735342502593994e+02
-9.8494176944585211458615958690643310546875e+04  -1.8615353989373077638447284698486328125000e+04  -1.1730131539129323209635913372039794921875e+05
+5.6882318742367220693267881870269775390625e+04  -2.2203066560047631355701014399528503417969e+04  +6.4222766100556291348766535520553588867188e+03
-1.1566659781433457101229578256607055664062e+05  +9.8147057758586379350163042545318603515625e+03  +1.7879174617970857070758938789367675781250e+04
+2.0596637775992501701693981885910034179688e+04  +6.1541673924075366812758147716522216796875e+04  +2.7852523564020506455563008785247802734375e+04
+5.6244031832075503189116716384887695312500e+04  -1.0237167405670646985527127981185913085938e+05  +2.8437389271343918153434060513973236083984e+03
+2.4615663510334085003705695271492004394531e+04  -6.1378267409374951967038214206695556640625e+04  -1.2865753130711706035071983933448791503906e+04
-3.1157096679515927098691463470458984375000e+05  -7.9042755548129891394637525081634521484375e+04  +2.0866563381110168847953900694847106933594e+04
-4.7005825656650980818085372447967529296875e+04  +7.0236546740915146074257791042327880859375e+03  +1.1785735697815461026038974523544311523438e+05
-1.9609678049571248266147449612617492675781e+04  -8.8185311078293059836141765117645263671875e+04  +1.6966091694704626570455729961395263671875e+05
+2.3724751604860267252661287784576416015625e+05  -7.9510288962607708526775240898132324218750e+04  +2.1160030363821255741640925407409667968750e+05
-1.0685344581358792493119835853576660156250e+05  +1.3724723271933785872533917427062988281250e+05  +4.5052516778421908384189009666442871093750e+05
+1.6249440182120999088510870933532714843750e+05  -5.7605029035484258201904594898223876953125e+04  -2.9985148941084160469472408294677734375000e+05
-1.5822994978278974303975701332092285156250e+05  +9.4255179639370981021784245967864990234375e+04  -3.6761267487374185293447226285934448242188e+04
+3.7400705938829465594608336687088012695312e+04  -1.3714807481006859234184958040714263916016e+04  -1.4710651681619077862706035375595092773438e+04
-1.5974464331131248036399483680725097656250e+05  -1.4699350377177148402552120387554168701172e+04  -7.1663676542305736802518367767333984375000e+04
+1.2587731133600420434959232807159423828125e+05  -5.3138609444363297370728105306625366210938e+04  -1.0431905199798445391934365034103393554688e+05
+1.8599929134573783358064247295260429382324e+03  +5.7182279979596256453078240156173706054688e+04  +1.9625899472791375592350959777832031250000e+05
+6.2732818826818001980427652597427368164062e+04  +1.0288971716532683058176189661026000976562e+05  -4.3469965623605559812858700752258300781250e+04
+2.9917059314111720595974475145339965820312e+04  -9.9394166627518818131648004055023193359375e+04  -4.2629484705681519699282944202423095703125e+04
+8.8213197553501580841839313507080078125000e+04  -7.4995340020037583599332720041275024414062e+03  -1.7130574055025592679157853126525878906250e+05
+3.5274016039710881887003779411315917968750e+05  -1.0547036500404574326239526271820068359375e+05  +7.0561211624154529999941587448120117187500e+04
-2.2056954449622018728405237197875976562500e+04  -1.0532145584432626492343842983245849609375e+04  -3.2735231199293636018410325050354003906250e+05
+1.1119966419087658869102597236633300781250e+05  -1.0495080873801953202928416430950164794922e+04  +4.8319301161102084734011441469192504882812e+04
-1.3321335749612400832120329141616821289062e+04  +5.8083780184879848093260079622268676757812e+04  -1.1697456950808636611327528953552246093750e+05
+3.7978978638306878565344959497451782226562e+04  -7.2777210675488604465499520301818847656250e+04  -5.4728512261090749234426766633987426757812e+04
+9.4807364020314416848123073577880859375000e+03  -7.5719445870798808755353093147277832031250e+04  -4.8434118183488375507295131683349609375000e+04
-6.8234644911509003577521070837974548339844e+03  +2.4306198225830252340529114007949829101562e+04  +8.5984570263232832076027989387512207031250e+04
+6.0041562233598615421215072274208068847656e+03  +9.8238997553081317164469510316848754882812e+03  +1.1872884416317776413052342832088470458984e+04
+1.6526227169720802339725196361541748046875e+05  +2.0062624081129458772920770570635795593262e+03  -4.2046779667087241250555962324142456054688e+04
+1.3497734240281605161726474761962890625000e+05  +7.2253946585211524507030844688415527343750e+04  -2.0043942222469070202350849285721778869629e+03
-1.0038289341447457263711839914321899414062e+05  -3.3447460347920794447418302297592163085938e+04  +1.2740611969535060052294284105300903320312e+05
-3.3022672490022156853228807449340820312500e+05  -2.7018949675404198933392763137817382812500e+05  +1.4195541212453535990789532661437988281250e+05
-2.5463430471274652518332004547119140625000e+04  +9.6961777978932179394178092479705810546875e+04  +6.8672936469476233469322323799133300781250e+04
-4.8795480168150816098204813897609710693359e+03  +4.8716596582077463608584366738796234130859e+03  +3.6164756475015208707191050052642822265625e+04
-8.3638578487730948836542665958404541015625e+04  -2.7360921375616853765677660703659057617188e+04  -2.5084546437429237994365394115447998046875e+05
-1.0025878809066124085802584886550903320312e+05  +3.5897935820228449301794171333312988281250e+04  +4.7676973456842519226484000682830810546875e+04
-3.8927817269379716890398412942886352539062e+04  +7.8817440491703411680646240711212158203125e+04  -5.0658259311282679846044629812240600585938e+04
-5.8747670948286198836285620927810668945312e+04  -1.3541318730114013305865228176116943359375e+05  -1.2754087839864641136955469846725463867188e+05
-1.8656959484957691165618598461151123046875e+05  +1.1247397364556009051739238202571868896484e+04  +5.7582536016751710121752694249153137207031e+03
-9.9087413077257297118194401264190673828125e+03  -7.2106435400452086469158530235290527343750e+04  +6.7935106200876238290220499038696289062500e+04
+3.0338510059793957225338090211153030395508e+03  -1.0401850699556727704475633800029754638672e+04  -1.3346449094851914196624420583248138427734e+04
+4.9298285483397094139945693314075469970703e+03  +8.1667740819451850256882607936859130859375e+04  -6.7183052577340393327176570892333984375000e+04
+5.9928409327191239697185665136203169822693e+01  +2.7973847318685761820233892649412155151367e+03  -6.3145128381994129540544236078858375549316e+02
+4.8586451838519803914095973595976829528809e+02  +1.4410940617596866175631475925911217927933e+01  -1.4938583025364009699842426925897598266602e+03
-4.0360852542495333182159811258316040039062e+04  -7.9992102500401073484681546688079833984375e+04  +5.4846732537633295578416436910629272460938e+04
+8.6040278346510807750746607780456542968750e+04  -5.1996658136560465209186077117919921875000e+04  -1.1655157747238528099842369556427001953125e+05
+6.8469757553266754257492721080780029296875e+04  +9.2634313508336265385878505185246467590332e+02  -9.4045738757396058645099401473999023437500e+04
+1.1924278811709093861281871795654296875000e+05  -7.1977345286280597065342590212821960449219e+03  -2.6653453301378927426412701606750488281250e+05
-1.1334811649289799788675736635923385620117e+03  +1.1760581604353008060570573434233665466309e+03  -3.2451053169083684224460739642381668090820e+02
+2.1654671084889650956029072403907775878906e+04  +7.5117888457871827995404601097106933593750e+04  -4.8372097029011274571530520915985107421875e+04
+9.1496162584563062409870326519012451171875e+04  -3.8820027624025933619122952222824096679688e+04  +3.1382315981877691228874027729034423828125e+04
+1.8825503935494765755720436573028564453125e+05  -5.8704463304776494624093174934387207031250e+04  -1.1604900714678895383258350193500518798828e+04
+1.5332292068999962066300213336944580078125e+05  +1.9911996053150927764363586902618408203125e+05  +3.3367348416938871378079056739807128906250e+05
-2.3988731458976376416103448718786239624023e+03  +1.0966091560893505811691284179687500000000e+05  +5.4447126315925459493882954120635986328125e+04
+7.3077530489406135529861785471439361572266e+03  +1.6800611362630035728216171264648437500000e+04  +2.7782582917854782863287255167961120605469e+04
+1.4550472336801525671035051345825195312500e+05  -1.1446641930179734481498599052429199218750e+05  +1.4274781565494311507791280746459960937500e+05
+1.0322777186476409042370505630970001220703e+04  -7.5690538313505006954073905944824218750000e+04  +6.0382120163936851895414292812347412109375e+04
+2.9922644239446782739832997322082519531250e+05  -2.1268350886431979597546160221099853515625e+05  -2.6851123685277125332504510879516601562500e+05
+2.3655960579555379808880388736724853515625e+05  -1.9964752219401914044283330440521240234375e+05  -3.4263214374848037550691515207290649414062e+04
-2.8946206610647041088668629527091979980469e+03  -1.0438185083496942752390168607234954833984e+04  -9.7124669112959221820347011089324951171875e+04
-1.3041651313310401747003197669982910156250e+05  -4.2221263743278752372134476900100708007812e+04  +1.1710364170541905332356691360473632812500e+05
-2.3931804891191332717426121234893798828125e+05  -1.7264547273478619172237813472747802734375e+05  +9.3671166396248627279419451951980590820312e+03
-1.7790891693138083792291581630706787109375e+05  +2.3219807309379204525612294673919677734375e+05  +2.6187873113534858566708862781524658203125e+05
-5.7684133232980399043299257755279541015625e+04  -4.0012633532974869012832641601562500000000e+04  -8.2808934850039095181273296475410461425781e+03
-6.8926022471419200883246958255767822265625e+03  +3.7170149880340186427929438650608062744141e+03  +2.5355446556577658157038968056440353393555e+03
+1.6842445589225110597908496856689453125000e+05  -4.3850990714566241877037100493907928466797e+03  +1.0088425163040285406168550252914428710938e+05
+1.6931473474781168624758720397949218750000e+05  -1.6814305195644727791659533977508544921875e+05  +4.8980503668094381282571703195571899414062e+04
+4.7906861689658844625228084623813629150391e+03  -3.3807187359628337617323268204927444458008e+03  -5.9565851328044018373475410044193267822266e+03
-3.4794643855488661210983991622924804687500e+05  +2.5034458173273078864440321922302246093750e+05  +2.3276539293427992379292845726013183593750e+05
-3.8568165253513550851494073867797851562500e+04  +4.2552974331415105552878230810165405273438e+04  +2.6994135024355633504455909132957458496094e+04
+2.1392878579019260359928011894226074218750e+05  -2.4208895910005262703634798526763916015625e+05  -1.9647193082469573710113763809204101562500e+05
+9.8804907876490513444878160953521728515625e+04  -5.9621229416367423254996538162231445312500e+05  +1.4831882131476800423115491867065429687500e+06
-6.5825357899488555267453193664550781250000e+05  -1.0462552255697154032532125711441040039062e+05  -1.1269643182348324626218527555465698242188e+05
+4.2710021356924917199648916721343994140625e+04  -1.7422592932079211459495127201080322265625e+05  -1.4911252007267132285051047801971435546875e+05
-3.1118041952422163376468233764171600341797e+03  -8.0747854044749092281563207507133483886719e+03  -2.4206044656471781308937352150678634643555e+03
+2.8302017133878722233930602669715881347656e+04  -7.9091494779655013189767487347126007080078e+03  -9.0884085778367516468279063701629638671875e+04
+2.1841382231526866235071793198585510253906e+04  -8.2830249543347439612261950969696044921875e+04  +3.1088320703961151593830436468124389648438e+04
+2.9819670801334403222426772117614746093750e+05  -4.3378402340014767833054065704345703125000e+05  +4.1562096726205589948222041130065917968750e+05
+1.2135399355980187829118221998214721679688e+05  +4.6835618959885207004845142364501953125000e+04  +2.5007984802754194242879748344421386718750e+05
-5.9331075298269119230099022388458251953125e+04  +1.4046972605912419385276734828948974609375e+05  +1.3285233369289862457662820816040039062500e+05
+1.2406919827384949894621968269348144531250e+05  -7.0481476368641684530302882194519042968750e+04  +1.5452603198485461689415387809276580810547e+04
+3.1302200576277173240669071674346923828125e+04  +2.0267045799533658282598480582237243652344e+04  +3.4439777221639888011850416660308837890625e+04
+2.9456499937044881517067551612854003906250e+05  +4.8595943267200505943037569522857666015625e+04  -6.1232898484886675305460812523961067199707e+02
-1.5147815752649272326380014419555664062500e+05  -5.9622292330268384830560535192489624023438e+04  +2.2418160552471974369836971163749694824219e+04
+3.5774465387100487714633345603942871093750e+05  -2.0088326343960821395739912986755371093750e+05  +4.8850571253204005188308656215667724609375e+04
-7.3622824939513520803302526473999023437500e+03  +1.0740067102506787341553717851638793945312e+05  +1.2897851542565152340102940797805786132812e+05
+1.1187070768440619303873972967267036437988e+03  -8.0890418977959634503349661827087402343750e+04  -4.6327817722128529567271471023559570312500e+04
+1.6084920155161203001625835895538330078125e+05  -1.0853819299659422540571540594100952148438e+05  -6.8187095253705929280840791761875152587891e+03
+1.1202232710131241765338927507400512695312e+05  +4.4517514926096169801894575357437133789062e+04  +1.4963205721583825652487576007843017578125e+05
-3.4969284604286796820815652608871459960938e+04  +8.2037807252901024185121059417724609375000e+04  +2.9723840489140326099004596471786499023438e+04
-6.4436585483459937677253037691116333007812e+04  -1.0016435194647374737542122602462768554688e+05  -1.1866502550850223633460700511932373046875e+05
+2.9327113076857422129251062870025634765625e+04  -1.4548507176141845411621034145355224609375e+05  +1.7573036271658612531609833240509033203125e+05
-4.2963465854540838336106389760971069335938e+04  -9.8216701821123031550087034702301025390625e+04  -5.7150483779478119686245918273925781250000e+04
+5.6272393080430789268575608730316162109375e+04  -1.3976258305660390760749578475952148437500e+05  -9.6516851525023754220455884933471679687500e+04
+3.2173297793654470297042280435562133789062e+04  +7.2986677026297302290913648903369903564453e+03  -6.9244025210006424458697438240051269531250e+04
-1.0709048315310449106618762016296386718750e+05  +1.9036171781681536231189966201782226562500e+05  -2.4046208599198802403407171368598937988281e+04
+5.3153919659350358415395021438598632812500e+04  -9.2056299174801984008809085935354232788086e+02  -4.2773436371610965579748153686523437500000e+04
-1.0553451277403032690926920622587203979492e+03  -5.5501981522467358445283025503158569335938e+03  +1.0635879170725840594968758523464202880859e+04
+8.3786034800437584635801613330841064453125e+04  -1.2771288204768412106204777956008911132812e+05  -4.8681351774531693081371486186981201171875e+04
-1.0473725231386957457289099693298339843750e+06  -5.9612306176827847957611083984375000000000e+05  -5.7886554788194072898477315902709960937500e+05
-3.2798045957503609315608628094196319580078e+03  -5.1045591183931908744852989912033081054688e+04  -5.4219371689834719290956854820251464843750e+04
+1.9046295427796438161749392747879028320312e+04  +1.3770161347600378212518990039825439453125e+05  +7.2599933141308385529555380344390869140625e+04
-1.5303474847410694928839802742004394531250e+05  -8.8927937782133914879523217678070068359375e+04  +1.5594359403106396712246350944042205810547e+04
-3.8673509153499122476205229759216308593750e+04  -9.0426113354474116931669414043426513671875e+04  -1.6848349775955989025533199310302734375000e+05
+9.5731412581270778900943696498870849609375e+04  +3.7879659158849559025838971138000488281250e+05  -5.3202204273963056039065122604370117187500e+05
-1.3845749673921338398940861225128173828125e+05  +2.6869563416416702239075675606727600097656e+04  +5.4825458943619058118201792240142822265625e+04
-7.7225588487558765336871147155761718750000e+04  -1.8124532272750053380150347948074340820312e+04  +6.3818217983261834888253360986709594726562e+04
-6.5029017885665452922694385051727294921875e+03  -1.1720576773206745201605372130870819091797e+04  +4.7451558539471632684580981731414794921875e+04
+1.8696688685609874664805829524993896484375e+05  -1.0359656249264212965499609708786010742188e+05  -8.2589948100310706649906933307647705078125e+04
-5.0937877596953267129720188677310943603516e+03  +2.6938313623131922213360667228698730468750e+04  +5.9727681856899007470929063856601715087891e+03
-1.3264243058029998792335391044616699218750e+05  -2.0796419829360816947882995009422302246094e+04  -9.7174106194737294572405517101287841796875e+04
-4.5759287747008675069082528352737426757812e+04  -3.6991450422705151140689849853515625000000e+04  -2.8048131331800733460113406181335449218750e+05
-5.4930261661948381515685468912124633789062e+04  +2.4563125652426286251284182071685791015625e+04  -3.0563359984572809480596333742141723632812e+04
+1.4826295752745869685895740985870361328125e+05  +3.6663736656107398448511958122253417968750e+05  +5.9878052960130316205322742462158203125000e+05
+2.8385776423110003815963864326477050781250e+05  +2.4164404666002716112416237592697143554688e+04  +2.2615245469325847807340323925018310546875e+05
-2.2986701255849733570357784628868103027344e+04  +2.3904268810327076266730728093534708023071e+02  +1.2224346477420003793668001890182495117188e+04
-6.0694660385805554687976837158203125000000e+05  +8.0275655149128651828505098819732666015625e+04  -2.8200079526222398271784186363220214843750e+05
+8.6907388325067600817419588565826416015625e+04  +5.6191668303171114530414342880249023437500e+04  +2.5084981547970455721952021121978759765625e+05
-1.6808725718671106733381748199462890625000e+04  +3.4998135351340752094984054565429687500000e+03  -9.1003209649310992972459644079208374023438e+03
-3.1299709707328300282824784517288208007812e+04  +2.6616355107794366631424054503440856933594e+04  -6.7715872485817104461602866649627685546875e+04
-1.3929851989670642069540917873382568359375e+05  +4.3286600213942248956300318241119384765625e+04  -7.1123505754607685958035290241241455078125e+04
+1.2692353107532971989712677896022796630859e+04  -6.9042105663722351891919970512390136718750e+04  -5.3301489313972531817853450775146484375000e+04
-1.5645891523722601050394587218761444091797e+04  +4.7766200268636102919117547571659088134766e+03  -1.1025969906332255050074309110641479492188e+04
-6.1017629508205987804103642702102661132812e+04  -1.1873415408179476798977702856063842773438e+05  -2.4179066208345746417762711644172668457031e+04
+1.4509553991101180145051330327987670898438e+04  -1.3345563017339809448458254337310791015625e+04  +2.0937437329073742148466408252716064453125e+04
-9.4158693274651959654875099658966064453125e+04  -1.6664249080760193464811891317367553710938e+04  -3.4783967834095237776637077331542968750000e+04
-1.8800980502366408472880721092224121093750e+04  +1.7883046303333865944296121597290039062500e+05  +8.8305617462320893537253141403198242187500e+04
-8.6178778447724049328826367855072021484375e+04  +1.5372201810236650635488331317901611328125e+05  +4.1334376862045965390279889106750488281250e+05
+4.3473823905416933121159672737121582031250e+05  -7.1555740259081532713025808334350585937500e+05  -6.0996181834164905012585222721099853515625e+04
+8.4080165549186320276930928230285644531250e+04  +9.2098200008620784501545131206512451171875e+04  -2.1895920538863583715283311903476715087891e+03
-6.5615483110962333739735186100006103515625e+04  -8.8492581628893865854479372501373291015625e+04  +2.0211060684775631671072915196418762207031e+04
-1.0399796557550427678506821393966674804688e+04  -5.3246606399919721297919750213623046875000e+04  +3.0873017680876717349747195839881896972656e+04
+5.5642491708327921514865010976791381835938e+04  -8.7461950064258649945259094238281250000000e+04  +6.3571356585219864427926950156688690185547e+03
+9.5014115433403403585543856024742126464844e+03  -2.6376944078314918442629277706146240234375e+04  +3.5287430745085672242566943168640136718750e+04
+7.1631593566500232554972171783447265625000e+04  -4.6730150141037185676395893096923828125000e+04  +2.2927495629338303842814639210700988769531e+04
-2.3912247566335558985883835703134536743164e+03  +2.0631779247828845313961210194975137710571e+02  -3.0715330214315040393557865172624588012695e+03
-1.9854191033454815624281764030456542968750e+05  -1.4757758363287703832611441612243652343750e+05  -1.4500218407150040729902684688568115234375e+05
-1.4064415528599169920198619365692138671875e+05  -8.1472643521198566304519772529602050781250e+04  -9.4205035379878187086433172225952148437500e+04
+1.4515861574173995177261531352996826171875e+05  +1.4220943716408777981996536254882812500000e+05  +2.3895024072681547841057181358337402343750e+05
+8.2480070781082133180461823940277099609375e+04  -4.6827825837411575776059180498123168945312e+04  -1.2729984250417943258071318268775939941406e+04
+6.1311846294355716963764280080795288085938e+04  +1.2233078005770889285486191511154174804688e+05  -9.6856852429898019181564450263977050781250e+04
+1.5483718415706625091843307018280029296875e+05  +9.1646971323734323959797620773315429687500e+04  +7.1443932776108893449418246746063232421875e+04
+1.2912709808909954153932631015777587890625e+05  -2.5451278483801655966090038418769836425781e+04  -1.1049949489468178944662213325500488281250e+05
-4.8078012598479770531412214040756225585938e+04  +4.9928574022484508532215841114521026611328e+03  -4.0835785780049380264244973659515380859375e+04
+9.2944877897161946748383343219757080078125e+04  -3.6803602280073030851781368255615234375000e+05  +9.8468952159443389973603188991546630859375e+04
-5.2532527619361807592213153839111328125000e+05  -3.4917220490162324858829379081726074218750e+05  -8.0414633379251259611919522285461425781250e+04
-1.0895059146270186465699225664138793945312e+05  +7.1129702302550576860085129737854003906250e+04  +8.5165249163765998673625290393829345703125e+04
+7.1521237105415726546198129653930664062500e+04  +6.5453706428311779745854437351226806640625e+04  +3.1872510990007158397929742932319641113281e+04
-1.8059098895223349245497956871986389160156e+04  -1.1866217937507298483978956937789916992188e+05  -1.6054803357615412096492946147918701171875e+05
-1.1961292073231881659012287855148315429688e+05  +1.5066151518329518148675560951232910156250e+05  +5.8685862776434900297317653894424438476562e+04
-9.6083275675794066046364605426788330078125e+04  -2.5887916458517930004745721817016601562500e+05  -4.0735854604760743313818238675594329833984e+03
+2.0941550207742891507223248481750488281250e+05  +1.2660813104265184665564447641372680664062e+05  +4.5287907677096263796556740999221801757812e+04
-2.1254743934329910553060472011566162109375e+05  -6.9953904512918205000460147857666015625000e+04  +2.4714179115513194119557738304138183593750e+05
-8.1476968350942435790784657001495361328125e+04  +6.2161157762934082711581140756607055664062e+04  -9.3026877948535649920813739299774169921875e+04
+6.7888890721764124464243650436401367187500e+04  -1.1392559857696983090136200189590454101562e+05  -4.0693872237292966929089743643999099731445e+03
+1.0559688655631862275185994803905487060547e+03  +4.1535537527596479776548221707344055175781e+03  -1.8081156306577400982860126532614231109619e+02
+3.1981186992671115149278193712234497070312e+04  -7.2383170240082094096578657627105712890625e+04  +1.4187761702066211728379130363464355468750e+05
-6.4632221774477147846482694149017333984375e+03  -1.1185294553344279847806319594383239746094e+04  -6.6206572133061786189500708132982254028320e+02
-3.0638567960567132786309230141341686248779e+02  -2.1440895812498965824488550424575805664062e+04  +1.2208964272677094413666054606437683105469e+04
-1.7442553905992472209618426859378814697266e+03  +1.4613706440474368264403892681002616882324e+03  -2.6483978391874757107871118932962417602539e+02
-4.6359725627161935790354618802666664123535e+02  -1.5370859720639326042146421968936920166016e+04  +6.5969752802106881972576957195997238159180e+02
+1.9580551456506294198334217071533203125000e+05  -1.2227458782634897215757519006729125976562e+05  +9.7718488023390534635836957022547721862793e+02
-8.3868438943199253117199987173080444335938e+03  +3.7672252408910344456671737134456634521484e+03  +4.1933922896422831399831920862197875976562e+04
+8.6318647829301771707832813262939453125000e+03  +6.8656102469108926015906035900115966796875e+04  +1.1715093272712706493621226400136947631836e+03
-5.8033958488787829992361366748809814453125e+04  +1.0982938632721563044469803571701049804688e+05  -2.8689530645555065711960196495056152343750e+05
+6.3120917826736484130378812551498413085938e+04  +3.4327587176994647597894072532653808593750e+05  +1.2189156780098011950030922889709472656250e+05
-6.7302862638872305979020893573760986328125e+04  +1.1139515377494650601875036954879760742188e+05  +8.0566154716521050431765615940093994140625e+04
+1.5804570804947501528658904135227203369141e+04  -3.8817521215856286289636045694351196289062e+04  -1.0951452732246491359546780586242675781250e+05
+3.0504103575897377595538273453712463378906e+04  -9.8983867559617647202685475349426269531250e+04  -1.4148823249507008586078882217407226562500e+05
+7.5215590760964725632220506668090820312500e+04  +4.1427240846497115853708237409591674804688e+04  -1.5989247825498228849028237164020538330078e+04
+1.2498754507441917667165398597717285156250e+04  +5.8723458631406378117389976978302001953125e+04  -8.0091146049186951131559908390045166015625e+04
+7.8034736453504054225049912929534912109375e+04  +5.8221989565566538658458739519119262695312e+04  +6.0087833983629781869240105152130126953125e+04
+5.9133899749543939833529293537139892578125e+04  -1.4146685765310440910980105400085449218750e+05  +1.4598299422885931562632322311401367187500e+05
-1.1203647689412468935188371688127517700195e+03  -2.3543965816417894529877230525016784667969e+03  +6.9396192176935684869931719731539487838745e+01
-4.0279234723092762578744441270828247070312e+04  -3.9777180636993005464319139719009399414062e+04  -2.2426688954689539968967437744140625000000e+04
-1.6646853421502386481733992695808410644531e+04  -5.2403931807791777828242629766464233398438e+04  -2.0553646883789246203377842903137207031250e+04
-1.5420208582409861264750361442565917968750e+05  -1.3635597644240577938035130500793457031250e+05  +2.0852432853028620593249797821044921875000e+05
-1.3594226833593763876706361770629882812500e+05  -3.4227705700222773884888738393783569335938e+04  -8.9337773144462276832200586795806884765625e+04
+1.7131673589809201075695455074310302734375e+05  +5.0276702782055253919679671525955200195312e+03  -1.2527853380137763451784849166870117187500e+05
+1.6085493970645277295261621475219726562500e+05  -5.6361882392648003587964922189712524414062e+03  +5.4186507706403594056610018014907836914062e+04
+1.1966825056074705571518279612064361572266e+04  +1.1004191617558761208783835172653198242188e+05  +4.3543165556592502980493009090423583984375e+04
+1.3434318169095973644289188086986541748047e+04  +1.8147203056289967207703739404678344726562e+04  -6.3931510392614982265513390302658081054688e+04
+9.6442432381528581026941537857055664062500e+05  +5.0973309259621478850021958351135253906250e+05  +3.4180808739102300023660063743591308593750e+05
+1.8972596597108113201102241873741149902344e+04  -3.3829103927171730902045965194702148437500e+04  +6.8656590243859434849582612514495849609375e+04
+8.3730320629326117341406643390655517578125e+04  +4.6740720346752568730153143405914306640625e+04  +1.5540368328806417412124574184417724609375e+05
-8.6905950752278411528095602989196777343750e+04  -2.9784601785487093366100452840328216552734e+03  +1.7353726235387372435070574283599853515625e+05
-2.6542729748401139659108594059944152832031e+04  +1.4392739803800912341102957725524902343750e+05  +5.9424459205628372728824615478515625000000e+04
+3.7623880733353762479964643716812133789062e+04  -1.5665984699446902595809660851955413818359e+04  -1.7066875309847375319804996252059936523438e+04
-3.2390713158481132268207147717475891113281e+04  +3.0052791318264407891547307372093200683594e+04  +6.0536425593289322932832874357700347900391e+03
+1.6673078116776832030154764652252197265625e+05  +8.5538581741089874412864446640014648437500e+03  +4.3274658936425275896908715367317199707031e+03
-3.7825366525022534187883138656616210937500e+05  -1.7677399736120781744830310344696044921875e+05  +9.2343907979429955594241619110107421875000e+05
-2.1383658289475693891290575265884399414062e+04  +3.3668940011480408429633826017379760742188e+04  -2.2873477240550168062327429652214050292969e+04
+3.7822775465912709478288888931274414062500e+04  +4.1636809338804036087822169065475463867188e+04  +5.0287317020326023339293897151947021484375e+04
+1.4762202209780838529695756733417510986328e+04  -1.2978711858334479620680212974548339843750e+05  -2.6624308804325646633515134453773498535156e+04
+8.9991792366915295133367180824279785156250e+04  +3.3813057872386889357585459947586059570312e+04  +3.0527517039954294887138530611991882324219e+04
-3.0745030773351190146058797836303710937500e+05  +3.4847100420910795219242572784423828125000e+05  +4.7575622412387703661806881427764892578125e+04
+1.1594579619092290158732794225215911865234e+04  +1.9480687113544379826635122299194335937500e+04  +2.1696920676535001257434487342834472656250e+05
+7.3751975628752552438527345657348632812500e+04  -9.8042934325330308638513088226318359375000e+04  -3.7433268184763313911389559507369995117188e+04
-4.7923937366870595724321901798248291015625e+04  +7.5139887815303154638968408107757568359375e+03  -1.1106974009272207695175893604755401611328e+04
+1.9326811326393893978092819452285766601562e+04  -1.1701563784817287523765116930007934570312e+05  +1.2243306740564903884660452604293823242188e+05
+1.9383635158928147575352340936660766601562e+04  +3.1099773412203408952336758375167846679688e+04  +8.3783124703760709962807595729827880859375e+04
+1.2649834082623056019656360149383544921875e+03  -3.9589089201828846853459253907203674316406e+02  -4.7049374511229046902371919713914394378662e+01
+1.4049953514003709642565809190273284912109e+04  +7.9223656640703586617746623232960700988770e+02  -7.4656078851177162505337037146091461181641e+03
+9.6595775083055959839839488267898559570312e+03  -2.7361106995093264231400098651647567749023e+03  +1.0853414335263349130400456488132476806641e+04
+3.7656516198016157659367308951914310455322e+02  -5.3447530298525157377298455685377120971680e+02  +1.0331083921749761600494821323081851005554e+02
-3.8037379060333310917485505342483520507812e+04  -2.4587613885210692387772724032402038574219e+04  -3.4595916333175882755313068628311157226562e+04
-1.5212370751385355106322094798088073730469e+04  -3.3187112332463279017247259616851806640625e+04  +1.0291375099290085927350446581840515136719e+04
-3.3936346917211601976305246353149414062500e+04  -2.0468556366516088019125163555145263671875e+05  +1.4714572239126056956592947244644165039062e+04
-4.1028862184973157127387821674346923828125e+04  -2.3602542923505428916541859507560729980469e+04  +3.0210168186999129829928278923034667968750e+04
+5.7616549647713436570484191179275512695312e+04  +4.2414081167894459213130176067352294921875e+04  -7.3818374671586134354583919048309326171875e+04
-9.4930458599251505802385509014129638671875e+03  -3.7345607379973471324774436652660369873047e+03  -7.3049114100664128272910602390766143798828e+03
+5.9537980608524900162592530250549316406250e+04  +1.7071958516541122662601992487907409667969e+04  -5.4621429821423014800529927015304565429688e+04
+2.1328610656868593650870025157928466796875e+04  -2.6758933652590512065216898918151855468750e+05  +2.1401317020886192040052264928817749023438e+04
-5.4943985536550157121382653713226318359375e+04  -8.6117699824954434006940573453903198242188e+03  -5.2510879782218631589785218238830566406250e+04
-1.0498310470869173877872526645660400390625e+05  -6.9602455034035392600344493985176086425781e+03  -6.8119231464740238152444362640380859375000e+05
-5.1436400693497482279781252145767211914062e+04  -3.6452718754816080036107450723648071289062e+04  -7.2957128577571231289766728878021240234375e+04
-1.6623378047180519206449389457702636718750e+05  +1.1663883909434369707014411687850952148438e+05  +2.1336432776835080585442483425140380859375e+05
-1.2801506822783533425536006689071655273438e+05  -3.5118905614672461524605751037597656250000e+04  +1.1582857470445924263913184404373168945312e+04
+1.0018037909702557044511195272207260131836e+03  +3.1857933686165788458310998976230621337891e+03  -1.2619163131032114506524521857500076293945e+03
-8.1919842115968946018256247043609619140625e+04  -1.7486152878393590799532830715179443359375e+05  +1.6236921364450134569779038429260253906250e+05
-3.0251599911517343571176752448081970214844e+04  -5.2722987093131596338935196399688720703125e+04  -2.7083521891948796110227704048156738281250e+04
-3.3479249833994028449524194002151489257812e+04  -7.0252794110704571721726097166538238525391e+03  -1.5002658349047253523167455568909645080566e+03
-6.6992213026031720801256597042083740234375e+04  -8.1356672542888438329100608825683593750000e+04  +3.8926221192947610688861459493637084960938e+04
-1.2391603903665418329183012247085571289062e+05  -7.3691676606294626253657042980194091796875e+04  -1.7071803113089915132150053977966308593750e+05
+3.2784812980266899103298783302307128906250e+04  -4.9320698533670649339910596609115600585938e+04  +2.8273702650308092415798455476760864257812e+04
+2.1627034012161620921688154339790344238281e+04  +4.8266010407463596493471413850784301757812e+04  +7.9952268974913386045955121517181396484375e+04
-3.0586300905149219033773988485336303710938e+04  -2.3932979808352531108539551496505737304688e+04  +4.5884883514469052897766232490539550781250e+04
+3.2407178070863184984773397445678710937500e+04  -1.8841265992651350097730755805969238281250e+05  -2.9492602173670740739908069372177124023438e+04
-9.4832965004440091433934867382049560546875e+04  +4.4457935030131258827168494462966918945312e+04  -2.0202705099304590839892625808715820312500e+05
+7.5344267151730673504061996936798095703125e+02  -2.3190752675636149433557875454425811767578e+03  -1.9822098324255609895772067829966545104980e+03
+2.5492453631499790935777127742767333984375e+05  -9.8779456091283194837160408496856689453125e+04  +2.8877261250128045503515750169754028320312e+04
+6.3672028537669801153242588043212890625000e+04  +2.1377611654188152169808745384216308593750e+05  +1.3164415175662585534155368804931640625000e+05
+9.4137068929781089536845684051513671875000e+04  +2.3280963948420248925685882568359375000000e+05  +2.7555615888486645417287945747375488281250e+05
+3.0724989709493158443365246057510375976562e+04  -5.9170183355119115731213241815567016601562e+04  -2.2225413895254867384210228919982910156250e+04
+5.6541495446407760027796030044555664062500e+04  -4.4756441175357016618363559246063232421875e+04  +3.9770319762153216288425028324127197265625e+04
-4.9471899716774430999066680669784545898438e+04  +9.7082812173045147119410103186964988708496e+02  -2.4156712000830841134302318096160888671875e+04
-1.6255576701959522324614226818084716796875e+04  -3.6868603252020591753534972667694091796875e+04  -1.6349424885804475707118399441242218017578e+04
-8.5450392481120798038318753242492675781250e+03  -1.4343536627387866610661149024963378906250e+05  -1.0040894211188878398388624191284179687500e+05
+4.5619146121874342497903853654861450195312e+04  -2.3061195228021195362089201807975769042969e+04  -1.5206510076302953166305087506771087646484e+04
+1.7595563874985589791322126984596252441406e+04  +9.3938054439147716038860380649566650390625e+04  +1.1886288392244324495550245046615600585938e+05
+5.3560223729978475603275001049041748046875e+04  -2.0215147708112648688256740570068359375000e+06  -2.2841041886006444110535085201263427734375e+05
-2.8155630505003569851396605372428894042969e+04  +9.3478328649333750945515930652618408203125e+04  +1.0019775471967257908545434474945068359375e+05
-3.7731809498199407244101166725158691406250e+04  +2.4524723109491869763587601482868194580078e+03  -2.3039277553183314921625424176454544067383e+03
+1.1993969347533449763432145118713378906250e+05  +8.5575517882366315461695194244384765625000e+04  -3.0758586750155787740368396043777465820312e+04
+2.6083786651077633723616600036621093750000e+05  +1.2690345444138273887801915407180786132812e+05  -7.8868594236982855363748967647552490234375e+04
-5.5215339573972041762317530810832977294922e+03  -5.0194705270501017366768792271614074707031e+03  +2.4028908046887759155652020126581192016602e+03
-4.5436890465158649021759629249572753906250e+04  +3.1463688623518395615974441170692443847656e+04  +2.2137747232559664553264155983924865722656e+04
-1.3246176937623418052680790424346923828125e+05  -1.4188781644413032336160540580749511718750e+05  -1.4738738080215506488457322120666503906250e+05
+1.3728622152201348217204213142395019531250e+05  +1.2766386342651944141834974288940429687500e+05  -6.4411719438021245878189802169799804687500e+04
-3.6902989373448726837523281574249267578125e+04  +1.0131969051326406770385801792144775390625e+05  -1.2420969746346160536631941795349121093750e+05
+4.4272400235814920961274765431880950927734e+03  -2.4474494392975131631828844547271728515625e+04  +1.8161109198430509422905743122100830078125e+05
-3.9308462748866957554128021001815795898438e+04  -4.4056003365607008163351565599441528320312e+04  +3.2144768295311794645385816693305969238281e+04
+1.6268689395744650391861796379089355468750e+05  -5.7637164333190128672868013381958007812500e+04  -7.2617484816862688603578135371208190917969e+03
+3.1492869489639467792585492134094238281250e+05  +1.0102682895107066724449396133422851562500e+05  -1.0861672340589779196307063102722167968750e+05
+1.9463821562801863183267414569854736328125e+05  -1.5198686215341117349453270435333251953125e+05  -3.0826640687061215430730953812599182128906e+04
+8.1416854708955152091220952570438385009766e+03  +3.9994752129204725861200131475925445556641e+03  -1.6020870144094011266133747994899749755859e+04
+1.7342636238578555207823228556662797927856e+02  +1.5351783060673446357213833834975957870483e+02  +8.5513526046419784165664168540388345718384e+01
+7.4048677953300199305886053480207920074463e+01  +9.8400872147117261192761361598968505859375e+04  +5.8492871271072355739306658506393432617188e+04
-3.5669519944705220405012369155883789062500e+05  +4.1703531503097043605521321296691894531250e+05  +6.6691609949505218537524342536926269531250e+04
+2.5161622614179554511792957782745361328125e+05  +1.4031971855679748114198446273803710937500e+05  +1.1026420683712644677143543958663940429688e+05
-5.6289148718100208498071879148483276367188e+04  +6.9895392562242705025710165500640869140625e+04  +2.2205832253727709758095443248748779296875e+05
-2.6712085870198825432453304529190063476562e+04  -3.9304350324426493898499757051467895507812e+04  -4.8234524722096604818943887948989868164062e+04
-6.2648643262793575559044256806373596191406e+03  +4.7335420406105367874260991811752319335938e+04  +1.1926392633878847846062853932380676269531e+04
-2.5625631472475902410224080085754394531250e+05  -1.3590201265801870613358914852142333984375e+05  -1.3571777092794337659142911434173583984375e+05
+9.2681072679487704135681269690394401550293e+02  +8.6631811122112485463730990886688232421875e+04  -2.0230194776662113144993782043457031250000e+05
-5.2987416794402888626791536808013916015625e+04  -9.3512100197676496463827788829803466796875e+04  -1.9150899244630016619339585304260253906250e+05
-3.9301972287868637067731469869613647460938e+04  +1.2444188611672785555128939449787139892578e+04  -3.5309400459057775151450186967849731445312e+04
+2.1056445965855968097457662224769592285156e+04  +2.4075646412673897430067881941795349121094e+04  -1.7384686862357277277624234557151794433594e+04
-1.3739906447158596711233258247375488281250e+05  -1.3052333069963988964445888996124267578125e+05  +2.0351990283395803999155759811401367187500e+04
+1.6027789909999992232769727706909179687500e+05  -1.1678644482645316747948527336120605468750e+05  -6.3105205628167219401802867650985717773438e+04
-1.8567720973431109996454324573278427124023e+03  -5.1624145763014466865570284426212310791016e+03  -1.2263793158374179256497882306575775146484e+04
+2.6632264622442045947536826133728027343750e+04  -4.2834942432825140713248401880264282226562e+04  -2.0623499589128419756889343261718750000000e+04
-2.2676988772490745759569108486175537109375e+05  +3.3740715162118958687642589211463928222656e+03  +6.8264176793297214317135512828826904296875e+04
-6.9054912970875753671862185001373291015625e+04  -4.7656839838818395946873351931571960449219e+03  -1.0487238498092592635657638311386108398438e+04
+1.8566884255021046556066721677780151367188e+04  -1.0428075017224931798409670591354370117188e+04  -3.3839060026094557542819529771804809570312e+03
+3.1915036132942041149362921714782714843750e+04  +2.9709611049504841503221541643142700195312e+04  -2.1770038653832102681917604058980941772461e+02
-1.3331795785381598761887289583683013916016e+04  +3.9160339530182893213350325822830200195312e+04  +7.4217832596311214729212224483489990234375e+04
-2.1690573653318729441252799006178975105286e+01  -6.7163893371379699601675383746623992919922e+03  +1.4950264666641758594778366386890411376953e+04
-3.3801352048513415502384305000305175781250e+05  +1.5294729832388029899448156356811523437500e+05  -1.4856524930597076308913528919219970703125e+05
+2.3452089390489192737732082605361938476562e+04  -3.6799948755693098064512014389038085937500e+04  +2.5519312123874544340651482343673706054688e+04
-5.0488630582535566645674407482147216796875e+04  +2.4846450775212355074472725391387939453125e+05  -6.7522896910268711508251726627349853515625e+04
-2.0140598402230258216150104999542236328125e+05  -1.9393197244834136654390022158622741699219e+04  -2.1228907265104068210348486900329589843750e+05
+3.8839596306593389272165950387716293334961e+03  +1.1192309782033719045557518256828188896179e+02  -2.2116627897577159274078439921140670776367e+03
-2.8376858340796502307057380676269531250000e+05  +1.7899869566369041422149166464805603027344e+04  -8.9554621980191004695370793342590332031250e+04
-3.7515166341193646076135337352752685546875e+04  +1.8582807749494058953132480382919311523438e+04  -7.4591105221160774817690253257751464843750e+04
+4.3972043814358301460742950439453125000000e+04  +1.1046315404118753212969750165939331054688e+05  -2.1015699953800742514431476593017578125000e+05
-1.8794124623509764205664396286010742187500e+04  -1.0610538470645205234177410602569580078125e+05  +3.1221585377190043800510466098785400390625e+04
-2.1450333876490982947871088981628417968750e+05  -1.0189277626286174927372485399246215820312e+05  +1.9644752159793136524967849254608154296875e+05
-5.5921133876886648067738860845565795898438e+04  +4.8552486403310271271038800477981567382812e+04  -7.5495699108077860728371888399124145507812e+03
-1.0833780484696543135214596986770629882812e+05  -1.1048896800580179842654615640640258789062e+05  -1.0960728953374458069447427988052368164062e+05
+3.1677776175149978371337056159973144531250e+04  +1.4200964415291107798111625015735626220703e+04  +4.4665004776626017701346427202224731445312e+04
+5.3983672100382420467212796211242675781250e+04  +6.2057842885601268790196627378463745117188e+04  -8.3332687608360924059525132179260253906250e+04
+1.0710062972492436529137194156646728515625e+05  +8.9496275038649866473861038684844970703125e+04  +7.1559613242195744533091783523559570312500e+04
-1.4552906517127146798884496092796325683594e+04  -2.1487674347998240591550711542367935180664e+03  +1.7080715003361458457220578566193580627441e+03
-1.2580109166090686630923300981521606445312e+05  +7.3079800125969104556133970618247985839844e+03  +1.5162767345612318604253232479095458984375e+05
+2.0712940253386896074516698718070983886719e+04  +1.5784700154081801883876323699951171875000e+04  +7.6285078126416656232322566211223602294922e+03
-4.5291101577815927157644182443618774414062e+04  -3.1536130075497861980693414807319641113281e+04  -2.3385518067388820782070979475975036621094e+04
-2.4539673297780958819203078746795654296875e+05  -2.7207842809791525360196828842163085937500e+05  -8.4200730056718181003816425800323486328125e+04
-9.0201443494554183644140721298754215240479e+01  +1.3100089640274882185622118413448333740234e+03  +9.4554213070642217644490301609039306640625e+03
+5.5462041362492891494184732437133789062500e+05  -3.6504051203201554017141461372375488281250e+05  -2.2018198721877177013084292411804199218750e+05
+2.3221753627912132651545107364654541015625e+05  +7.0279996782380883814767003059387207031250e+04  -1.1891328049919893601327203214168548583984e+04
-1.8596666153387501253746449947357177734375e+05  -1.4849032584702473832294344902038574218750e+05  +3.7106374562557921308325603604316711425781e+03
+3.5978356106490915408357977867126464843750e+04  +3.7545215306663914816454052925109863281250e+04  +1.2817417445982124263537116348743438720703e+04
+3.6524599045818910235539078712463378906250e+05  +1.5096884328488842584192752838134765625000e+05  -1.6122157074991289391618920490145683288574e+03
+1.2060824188029191645910032093524932861328e+03  +2.7465933099964481698407325893640518188477e+03  +3.8208113182070155744440853595733642578125e+02
+7.8045294391134433681145310401916503906250e+04  +1.8846830099239614355610683560371398925781e+04  +1.3399411736567213665693998336791992187500e+05
+1.7925579928792236023582518100738525390625e+05  -6.7289043140581779880449175834655761718750e+04  +4.7922962989451865723822265863418579101562e+04
+6.3579274497257705661468207836151123046875e+04  +8.4067499573114946542773395776748657226562e+03  +4.4685849586520285811275243759155273437500e+04
-5.1151515906468784669414162635803222656250e+05  -3.7826046808172611054033041000366210937500e+05  +2.1114696701849883538670837879180908203125e+05
-7.6777429953994760580826550722122192382812e+03  -9.2820931547532833064906299114227294921875e+04  -7.5960307748796389205381274223327636718750e+04
-3.0872327025025151669979095458984375000000e+04  +6.8683276560987651464529335498809814453125e+04  -9.4176575313877256121486425399780273437500e+04
+1.9827430139547923317877575755119323730469e+04  -2.2377423278219686471857130527496337890625e+05  +7.3435203131892238161526620388031005859375e+04
-4.7878525884224014589563012123107910156250e+04  +2.0900659628385692485608160495758056640625e+05  +2.5528276869000779697671532630920410156250e+04
-5.1686653019509154546540230512619018554688e+04  -1.2991547631933353841304779052734375000000e+04  +5.2128220429678694927133619785308837890625e+04
-5.1199010621583717875182628631591796875000e+05  -1.0620030252249116892926394939422607421875e+05  +1.5842548885473544942215085029602050781250e+05
+7.4267242710580772836692631244659423828125e+04  +1.2961746560399880399927496910095214843750e+05  +3.1475704223222419386729598045349121093750e+05
+7.0636256757200011634267866611480712890625e+04  -5.7659688194415080943144857883453369140625e+04  +1.2939310041020513381226919591426849365234e+04
+3.5287778405063302488997578620910644531250e+05  +4.1359983388674381421878933906555175781250e+05  -2.9867441228029205376515164971351623535156e+04
+2.2584338659939958233735524117946624755859e+03  -5.6293101053838065126910805702209472656250e+04  +1.3953665043157563195563852787017822265625e+05
-7.9223013179094195947982370853424072265625e+04  -1.1641099069909851823467761278152465820312e+05  -1.2128524089868917144485749304294586181641e+04
-8.1814307638810969365295022726058959960938e+03  +1.1324476394346129382029175758361816406250e+05  +1.5231000063709454843774437904357910156250e+05
-5.7133620419945786125026643276214599609375e+04  +4.0593778283339968766085803508758544921875e+04  +1.5055341470012832516545131511520594358444e+01
+1.4649858375351846916601061820983886718750e+04  -4.0382264267553044192027300596237182617188e+04  -2.1434292610936347045935690402984619140625e+04
+8.3790435397284602458967128768563270568848e+02  -6.3712487189787589159095659852027893066406e+02  +2.6776234447997194365598261356353759765625e+02
-4.6126186479068892367649823427200317382812e+03  +4.4443492465001327218487858772277832031250e+04  -2.1936141899393453059019520878791809082031e+04
+3.8810975976056572108063846826553344726562e+04  -6.0820768001859367359429597854614257812500e+04  -4.1314148690248664934188127517700195312500e+04
-3.3565842167295399121940135955810546875000e+04  +3.8558805583064284292049705982208251953125e+04  +1.5226759994319545512553304433822631835938e+04
+3.0236629673078305131639353930950164794922e+03  -1.1845660196262528188526630401611328125000e+04  +1.4306396392348575318465009331703186035156e+04
+3.9087868675180812715552747249603271484375e+04  +4.5582624197829834884032607078552246093750e+04  +2.2359979303846943366806954145431518554688e+04
-9.0150644993385707493871450424194335937500e+04  +5.9700893521085912652779370546340942382812e+04  +2.1278885594512039097025990486145019531250e+05
+2.5054494216587289702147245407104492187500e+05  -3.2888324090545566286891698837280273437500e+05  +1.9097745204550510970875620841979980468750e+05
-1.4416189040666102664545178413391113281250e+05  -7.2629702702640424831770360469818115234375e+04  -6.6290553547030185654875822365283966064453e+03
+1.0525592496591892995638772845268249511719e+04  +7.7655480690837517613545060157775878906250e+04  -9.3961595594502978201489895582199096679688e+03
-1.2202962641432443342637270689010620117188e+05  -2.3705300705449483939446508884429931640625e+05  +8.7935110349709240836091339588165283203125e+04
-1.0289338801141057047061622142791748046875e+05  +3.5175625189831590978428721427917480468750e+05  +2.1244695423886927892453968524932861328125e+05
-5.2833157144200595212168991565704345703125e+04  -6.4861510622136265737935900688171386718750e+04  -2.8275517752337880665436387062072753906250e+04
+1.9759292413157028931891545653343200683594e+04  -1.3409993641032685991376638412475585937500e+05  +7.3567415178253402700647711753845214843750e+04
-5.2531654032971127890050411224365234375000e+04  +1.1974862664956979642738588154315948486328e+04  +2.5537075924482764094136655330657958984375e+04
-1.6139450478625521645881235599517822265625e+05  -1.0668425180889182956889271736145019531250e+05  +1.3159837790618336293846368789672851562500e+05
+2.4642268271162465680390596389770507812500e+04  -1.0895074457332106248941272497177124023438e+05  -1.0263923958039263379760086536407470703125e+05
-2.3401945927323514479212462902069091796875e+05  -1.6906628223757220439438242465257644653320e+03  +3.9326929850750086188782006502151489257812e+04
-4.2279043811151488625910133123397827148438e+04  +7.3497438584233867004513740539550781250000e+04  -5.4019617001317179528996348381042480468750e+04
-9.1562022131251360406167805194854736328125e+04  +3.4458460397914366330951452255249023437500e+05  -4.3175564966652228031307458877563476562500e+05
-7.8733837913085386389866471290588378906250e+04  -3.9817052209028603101614862680435180664062e+04  +1.5804935811320985521888360381126403808594e+04
-9.4695197359431404038332402706146240234375e+04  -1.7228725390924751991406083106994628906250e+05  +1.1864964959418648504652082920074462890625e+05
+2.5541569041169452248141169548034667968750e+04  -1.7002475406675209524109959602355957031250e+05  -4.2724072828335469239391386508941650390625e+04
-8.0011524396923006861470639705657958984375e+04  -4.3132764299820715677924454212188720703125e+04  +6.3976557967590044427197426557540893554688e+04
-3.6595106339656325872056186199188232421875e+04  +2.7692050801154098007827997207641601562500e+05  +7.8870517546681279782205820083618164062500e+05
-8.9668425553236826090142130851745605468750e+04  -2.0263444961593733751215040683746337890625e+05  +4.3561182426301973464433103799819946289062e+04
+5.0354575064425880555063486099243164062500e+04  -9.0946488457626146555412560701370239257812e+03  +7.9158681463463173713535070419311523437500e+04
+9.3616222567461925791576504707336425781250e+04  -1.5116549963765441134455613791942596435547e+04  -3.4998132890566962487355340272188186645508e+03
-2.4429736909297265810891985893249511718750e+04  +2.4910462206192241865210235118865966796875e+04  +2.7002607523529278114438056945800781250000e+05
-5.3958669406898389570415019989013671875000e+05  +6.4026590236686301068402826786041259765625e+04  +7.8910629875127749983221292495727539062500e+05
-3.5011864434572125901468098163604736328125e+04  -9.7335428919555924949236214160919189453125e+03  +1.2767160265849313873331993818283081054688e+05
+1.5588911038997536525130271911621093750000e+05  -6.1985090389566947123967111110687255859375e+04  -5.8461101975687925005331635475158691406250e+03
-8.7818276044032361824065446853637695312500e+04  +1.6644159348574906471185386180877685546875e+05  +1.6111939952614584399270825088024139404297e+03
-1.1313160651143379800487309694290161132812e+05  -1.5247102433859922143710718955844640731812e+02  +6.8451764065106166526675224304199218750000e+04
+3.4335349533083335700212046504020690917969e+03  -8.9168528077625414880458265542984008789062e+03  +3.9432316087493936720420606434345245361328e+03
+2.9791447976380536601936910301446914672852e+03  +1.1340374764814163427217863500118255615234e+04  +3.8256322325792410993017256259918212890625e+04
-9.4445244494550308445468544960021972656250e+04  +4.4489882696043488977011293172836303710938e+04  -1.6834465788853340200148522853851318359375e+04
+2.1805771187575373915024101734161376953125e+04  +5.6889117097074973571579903364181518554688e+04  -5.3800104616606768104247748851776123046875e+04
-6.5377073532963775505777448415756225585938e+04  -2.5167493557358735415618866682052612304688e+04  +3.4188726154603646136820316314697265625000e+04
-1.8638665975738316774368286132812500000000e+04  -4.4448945429257342766504734754562377929688e+04  -1.9311378154073863697703927755355834960938e+04
-1.3038253964937357231974601745605468750000e+06  -1.0816038830704486463218927383422851562500e+06  -3.4044073300856398418545722961425781250000e+05
-1.3942069938173994887620210647583007812500e+05  -1.2243958574426794075407087802886962890625e+05  -6.9437187700536727788858115673065185546875e+04
-1.7675753520309139275923371315002441406250e+04  -1.5678313649267156142741441726684570312500e+05  +2.2597409467003835743525996804237365722656e+04
+2.4907901775261224247515201568603515625000e+05  +1.7410938966248759243171662092208862304688e+04  +7.3478626908842430566437542438507080078125e+04
+1.0711058829413928833673708140850067138672e+04  +2.5877801155786714843998197466135025024414e+03  +4.4866882987805453012697398662567138671875e+04
-6.9865167536250184639357030391693115234375e+04  +8.0184750032278127036988735198974609375000e+04  +6.2859210396208160091191530227661132812500e+04
+1.3567629831090013612993061542510986328125e+05  -1.0712049654464310151524841785430908203125e+05  -8.3032799069851607782766222953796386718750e+04
-2.6130023349087110545951873064041137695312e+04  -2.5019966091448077349923551082611083984375e+04  +2.4901364309168115141801536083221435546875e+05
+2.8188751765357831027358770370483398437500e+05  +4.3227593045056246410240419209003448486328e+03  -2.3373740372446991386823356151580810546875e+05
-7.9968196590127408853732049465179443359375e+03  -4.2031975199124230130109935998916625976562e+04  -8.8793011711840517818927764892578125000000e+03
+3.9790931997599975147750228643417358398438e+04  -8.9641880672308587236329913139343261718750e+04  -2.3811962109737862192559987306594848632812e+04
-5.6385235736451948469039052724838256835938e+04  -1.3019249177863515797071158885955810546875e+05  +1.6440012225574431795394048094749450683594e+04
+3.7831544560666848155960906296968460083008e+03  -8.0214602163800045673269778490066528320312e+03  -1.2307960977476119296625256538391113281250e+04
-2.1776285155113009386695921421051025390625e+05  +4.0641607301357034884858876466751098632812e+04  -2.8263557255338714639947284013032913208008e+03
+4.9731786459759721765294671058654785156250e+04  +6.3642788115035604278091341257095336914062e+04  +1.2866445660591959313023835420608520507812e+05
+8.1363301371611858485266566276550292968750e+04  -1.9447666120676239370368421077728271484375e+05  -1.1837534098162617738125845789909362792969e+04
-3.7499734367409286051042727194726467132568e+02  +3.0386725532036696677096188068389892578125e+04  -8.3285082055089471396058797836303710937500e+04
+5.1055692580947297392413020133972167968750e+05  +3.2464497449647728353738784790039062500000e+05  +2.0747827196895945235155522823333740234375e+05
-7.0615660714051482500508427619934082031250e+03  +4.7509733536312196520157158374786376953125e+04  +1.0400201678190895108855329453945159912109e+04
+3.4169564450397803739178925752639770507812e+04  +4.9202306984720526088494807481765747070312e+04  +1.9931972772492288640933111310005187988281e+04
-5.8686526525989429501350969076156616210938e+04  +1.4938581030823171022348105907440185546875e+05  -6.4951489828723744722083210945129394531250e+04
+1.2969765283214943337952718138694763183594e+04  +1.9362635324501375180261675268411636352539e+03  +9.2129874601694573357235640287399291992188e+03
-9.2928924347234700690023601055145263671875e+04  +1.9259382137684608460403978824615478515625e+05  +1.1777515813328029253170825541019439697266e+04
-5.5270854041674690961372107267379760742188e+04  -5.4271646578171261353418231010437011718750e+04  +5.6398811884717295470181852579116821289062e+04
-3.3973846020316297654062509536743164062500e+04  +1.6630572031207833788357675075531005859375e+05  -2.1134954532171221217140555381774902343750e+05
-2.2733358674757881090044975280761718750000e+04  -1.2530992970429634442552924156188964843750e+05  -8.3413370828963502390251960605382919311523e+02
+1.1008822547278155980166047811508178710938e+05  +2.5258637506921164458617568016052246093750e+04  -3.9503607118277439440134912729263305664062e+04
-4.1609907896344033360946923494338989257812e+04  +4.3398085051037218363489955663681030273438e+04  +9.1853077372453378757199971005320549011230e+02
+7.4268190695119046722538769245147705078125e+04  +1.7592091878552564594428986310958862304688e+04  +6.1177529633969032147433608770370483398438e+04
-5.3070059529761878366116434335708618164062e+04  -1.0045889156526574515737593173980712890625e+05  -1.6945709565754511277191340923309326171875e+05
-7.3871663589418909396044909954071044921875e+04  +7.9686286330311515484936535358428955078125e+04  -5.0744920411733102810103446245193481445312e+04
-7.1075889824415717157535254955291748046875e+04  +8.4668963316372915869578719139099121093750e+04  +1.0280382414196101308334618806838989257812e+05
-2.4442433400736903422512114048004150390625e+05  +1.5685486482414165948284789919853210449219e+04  +6.5693448040944535750895738601684570312500e+05
+2.0555462682865685201250016689300537109375e+05  +1.1521478406202448240946978330612182617188e+05  +1.3850033630375779466703534126281738281250e+05
+4.6114572588894756336230784654617309570312e+04  -1.2103699849584150069858878850936889648438e+05  -2.9986094457701244391500949859619140625000e+05
+1.0026244616406571367406286299228668212891e+04  -1.9011998816171391808893531560897827148438e+04  +1.8597776908506039035273715853691101074219e+04
+1.0281440837919674322620267048478126525879e+03  -5.1809079840150957352307159453630447387695e+01  +1.0090867942715444769419264048337936401367e+03
-8.1005179132911678152595413848757743835449e+02  -5.0539876272053134016459807753562927246094e+03  +1.9195391929743350374337751418352127075195e+03
-6.0748156577936188114108517765998840332031e+03  -1.0614410152035950159188359975814819335938e+05  -3.1414508425774667557561770081520080566406e+04
+2.2642116633093944983556866645812988281250e+04  +3.6942010921423729996604379266500473022461e+03  +3.4144948296552945976145565509796142578125e+04
-1.6424967714400168915744870901107788085938e+04  +3.7909914186776892165653407573699951171875e+04  +5.7846211433575001137796789407730102539062e+04
+1.1548616339308431633980944752693176269531e+04  -8.7418073504240048350766301155090332031250e+04  -1.1551540782527998089790344238281250000000e+05
+1.2983443529312071973436104599386453628540e+02  +1.7900317400752916000783443450927734375000e+04  -6.0341813928895021490461658686399459838867e+02
-5.0891640072826390678528696298599243164062e+04  -3.6283937654784458572976291179656982421875e+04  +1.5623009145857513067312538623809814453125e+05
+2.0801764903164010320324450731277465820312e+04  +5.5312596416419573870371095836162567138672e+03  -1.5975098381674920346995349973440170288086e+03
-2.9084890413892781361937522888183593750000e+05  +2.8870426012411544797942042350769042968750e+05  +2.8339161499984603142365813255310058593750e+05
-1.2842107044200027303304523229598999023438e+04  +1.4038661487992844195105135440826416015625e+05  -9.3011482142044915235601365566253662109375e+04
+7.1428564265519904438406229019165039062500e+04  -4.2053657812309640576131641864776611328125e+04  -6.9948218989095563301816582679748535156250e+04
-2.6202944165468437859090045094490051269531e+04  -3.6810805052219802746549248695373535156250e+04  +1.0053735476128127629635855555534362792969e+04
+3.3427184391668252646923065185546875000000e+05  +3.0975707070296211168169975280761718750000e+05  -6.7397433663683105260133743286132812500000e+05
-1.0301915099171281326562166213989257812500e+05  +1.5998633952231361945450771600008010864258e+03  +1.6510725410427039605565369129180908203125e+05
-3.5575009189155693434258864726871252059937e+01  -1.5705556268688440013647777959704399108887e+02  -2.4356009025482849850163802329916507005692e+00
-2.9469460855768804321996867656707763671875e+04  -7.8057585094617592403665184974670410156250e+04  +1.2819063879696634103311225771903991699219e+04
+5.4718453986049928062129765748977661132812e+04  +9.4441400491601278190501034259796142578125e+04  -4.6570052481115699265501461923122406005859e+03
+1.3001763877605751986266113817691802978516e+04  +2.0444367095510140643455088138580322265625e+05  +1.2236178673061137669719755649566650390625e+05
-4.0832268417957919837135705165565013885498e+02  -1.1200880053315977420425042510032653808594e+04  -4.0835152055905542511027306318283081054688e+04
-6.3480314252147363731637597084045410156250e+04  +7.7249035148559909430332481861114501953125e+04  +1.1883462306108557095285505056381225585938e+05
+1.5433204397763831366319209337234497070312e+04  +1.2576101987242112954845651984214782714844e+04  -6.5067399008543352465494535863399505615234e+03
+2.2204743680896219302667304873466491699219e+04  -6.8188618578826954035321250557899475097656e+03  -3.3933659606358755809196736663579940795898e+03
+4.3627751588749713846482336521148681640625e+04  -3.6630444349534617504104971885681152343750e+05  +5.6198121150074526667594909667968750000000e+05
+6.9523102710409046267159283161163330078125e+04  +2.9737993657498220272827893495559692382812e+04  -5.2477004197174661385361105203628540039062e+04
-1.9848350146594113994069630280137062072754e+03  -2.0617626794027364667272195219993591308594e+03  +3.1329764843274492704949807375669479370117e+03
+3.8164114375083567574620246887207031250000e+05  +2.1204954033023369265720248222351074218750e+05  +1.1036387638207519194111227989196777343750e+05
-6.4216059922219246800523251295089721679688e+03  -1.7301084241331800512853078544139862060547e+03  +2.5135157681229661648103501647710800170898e+03
+1.5222265085027366876602172851562500000000e+05  +4.3456513218600659456569701433181762695312e+04  -3.1230430822845308284740895032882690429688e+04
-3.7524187295427094568367465399205684661865e+02  +1.6801676427503309696476208046078681945801e+02  -1.8836083747003995085833594202995300292969e+04
-2.2238304511234842357225716114044189453125e+05  -4.2108850870562548516318202018737792968750e+05  -1.6412576245710664079524576663970947265625e+05
+7.8264773280421111849136650562286376953125e+04  -3.6534818635339346656110137701034545898438e+04  -1.1585772666575472976546734571456909179688e+05
-1.7529498898458553594537079334259033203125e+05  +6.5280198625946635729633271694183349609375e+04  -5.9206345259584859013557434082031250000000e+05
-4.1915730942996478916029445827007293701172e+03  -1.6254938925993770681088790297508239746094e+04  -1.3856000143678013046155683696269989013672e+04
+1.4699679170450870878994464874267578125000e+05  -2.0623774758090963587164878845214843750000e+05  -2.4622504120559783768840134143829345703125e+05
+1.3140402556871966226026415824890136718750e+05  +1.4114744966083270264789462089538574218750e+05  -1.5365673947643110295757651329040527343750e+05
+1.8993279057250582263804972171783447265625e+05  -2.1488952273534578853286802768707275390625e+05  -1.5630057015409585437737405300140380859375e+05
+6.4499893535338287620106711983680725097656e+03  +7.8400695820241860928945243358612060546875e+04  -5.0547721658704555011354386806488037109375e+04
-8.9028303963961589033715426921844482421875e+04  -1.6110106038523252937011420726776123046875e+05  +6.6670612675249925814568996429443359375000e+04
+2.8499018727040424710139632225036621093750e+05  -4.6548796097586695395875722169876098632812e+04  +2.0440800919987315865000709891319274902344e+04
-2.8204755920181534020230174064636230468750e+05  +1.1963541216612501011695712804794311523438e+05  -2.1609598372388651478104293346405029296875e+05
+6.8514516326101351296529173851013183593750e+04  +4.5764844546391905169002711772918701171875e+04  -1.2314046475926812490797601640224456787109e+04
+4.1085058636892885260749608278274536132812e+04  -1.3265774158556511974893510341644287109375e+05  +9.2708486785730216070078313350677490234375e+04
-1.0829210098051735258195549249649047851562e+04  +1.4165238270648966135922819375991821289062e+04  +1.2648505365222676118719391524791717529297e+04
+2.0632509303206425101961940526962280273438e+04  -7.6023104161205134005285799503326416015625e+04  -2.8628195609088972560130059719085693359375e+04
-2.3102280507295663119293749332427978515625e+05  -1.9245234012254927074536681175231933593750e+05  +6.9506276249575486872345209121704101562500e+04
-9.6182352491745245060883462429046630859375e+04  +2.7195107014764176710741594433784484863281e+04  -2.1999475307699026416230481117963790893555e+03
-2.4082637089985095371957868337631225585938e+04  -1.0004977716945637439494021236896514892578e+04  +1.2627433722326288989279419183731079101562e+05
-8.5053588230814013513736426830291748046875e+04  -1.8357489299989939900115132331848144531250e+05  -2.8010302046629629330709576606750488281250e+05
-8.7275592477980608236975967884063720703125e+04  -9.7729561339587395195849239826202392578125e+04  -1.9796323179610481020063161849975585937500e+04
-1.9706009060210330972040537744760513305664e+03  +8.4965493185408668068703263998031616210938e+03  +1.1590473018726594091276638209819793701172e+04
-2.1752551127732640452450141310691833496094e+04  +8.2050284813685080735012888908386230468750e+04  -4.4173778137531153333839029073715209960938e+04
+8.8466321496088337153196334838867187500000e+05  +1.1762839824921709951013326644897460937500e+06  +1.8175934100788154173642396926879882812500e+06
-9.2684377481000444731762399896979331970215e+02  +1.4020721165514118183637037873268127441406e+04  +1.8917197802852501627057790756225585937500e+05
+1.1101116998253864585421979427337646484375e+05  +8.5262771900024490605574101209640502929688e+03  -1.2184942439568605914246290922164916992188e+05
+7.2538687572760973125696182250976562500000e+04  +5.6794561988579087483230978250503540039062e+04  +7.9028062666384139447472989559173583984375e+04
+3.2794713258848030818626284599304199218750e+05  +1.3617204127166728721931576728820800781250e+05  -7.7603258960146049503237009048461914062500e+04
+3.5251245799426586017943918704986572265625e+04  +2.9427004580402729334309697151184082031250e+05  -3.1868990465153638069750741124153137207031e+04
-1.0929581810084183234721422195434570312500e+05  +2.0647780122340348316356539726257324218750e+05  +1.3199356259554994176141917705535888671875e+05
-1.0554550732985164504498243331909179687500e+06  +3.0021180145819747122004628181457519531250e+05  -3.4957377070168300997465848922729492187500e+05
+8.7083216210830396448727697134017944335938e+03  -9.6882819912340826704166829586029052734375e+04  +4.3527133627011658973060548305511474609375e+04
-1.4368647610527134020230732858180999755859e+04  +1.1206325728471271577291190624237060546875e+05  +1.1440327157249990705167874693870544433594e+04
+9.1654947406801744364202022552490234375000e+04  +3.8540330223169084638357162475585937500000e+05  -1.9266422548709590046200901269912719726562e+04
-4.2200364494330082379747182130813598632812e+04  +4.5857983353363182686734944581985473632812e+04  -5.9770107609432234312407672405242919921875e+04
+6.7888565517366421408951282501220703125000e+05  +1.2854877494784535374492406845092773437500e+06  +2.6490312793929525651037693023681640625000e+06
+7.9532075852323003346100449562072753906250e+04  -9.3235882790273797581903636455535888671875e+04  +5.5136511888795612321700900793075561523438e+03
-1.1589900017119658878073096275329589843750e+05  +6.9792238265194546329439617693424224853516e+03  -9.2942702635708919842727482318878173828125e+03
+2.1024039767961809411644935607910156250000e+05  -1.9408099914840615383582189679145812988281e+04  -8.3338872152450683643110096454620361328125e+04
-1.2742539120704951346851885318756103515625e+05  +7.3110576861655732500366866588592529296875e+04  +6.0022143277118426340166479349136352539062e+04
+3.3925598791322095166833605617284774780273e+03  +4.2084888127577341947471722960472106933594e+03  +4.2396485782531675567952333949506282806396e+02
+1.6465443382881770958192646503448486328125e+05  -9.9034912215343822026625275611877441406250e+04  +6.1815400683606247184798121452331542968750e+04
-5.0580389738715508428867906332015991210938e+04  +1.5064250321491109207272529602050781250000e+05  -4.7902284936448260850738734006881713867188e+04
+3.3863382986006661667488515377044677734375e+04  -1.3045943471158792090136557817459106445312e+05  -9.7083564978112815879285335540771484375000e+04
-7.1627008928441107855178415775299072265625e+04  -1.1210605004903937515337020158767700195312e+05  +1.8196989586115643032826483249664306640625e+05
-7.3802149816859964630566537380218505859375e+04  +1.9368358446993661345914006233215332031250e+05  -1.1736012063147776643745601177215576171875e+05
-1.6291230186665075598284602165222167968750e+05  +4.8270240674671440501697361469268798828125e+04  -2.0496560935977316694334149360656738281250e+05
-8.3639319584145530825480818748474121093750e+04  -5.6802844851142210245598107576370239257812e+04  +2.7842977895201613137032836675643920898438e+04
+3.4435167255407630000263452529907226562500e+05  +2.7272539908152795396745204925537109375000e+05  -9.4612932876476855017244815826416015625000e+05
+2.0559514127121836645528674125671386718750e+05  +1.4519295531295108958147466182708740234375e+05  -7.1148923310764424968510866165161132812500e+04
-1.6320628498039182159118354320526123046875e+05  -7.3934197409527623676694929599761962890625e+04  +1.1668521691267844289541244506835937500000e+05
-1.3723763970845659514452563598752021789551e+03  +3.5086014622924558352679014205932617187500e+03  -1.9977491015239238549838773906230926513672e+03
-2.6638105511210292206669691950082778930664e+03  +1.5712832869191496865823864936828613281250e+05  -4.7192621836681013519410043954849243164062e+04
-1.5449443473311472189379855990409851074219e+04  +2.7332972175550556130474433302879333496094e+04  +3.6814481181063667463604360818862915039062e+04
-3.5685854347119056910742074251174926757812e+04  -4.2891248252879369829315692186355590820312e+04  -2.3606269188248592399759218096733093261719e+04
-2.4918818464423934346996247768402099609375e+05  +1.9718773655466773197986185550689697265625e+05  -1.7553049964667388121597468852996826171875e+05
-4.5418537042602138171787373721599578857422e+03  +4.4735046747339642024599015712738037109375e+04  +2.2587020891581025352934375405311584472656e+04
-2.9768669719392840988803072832524776458740e+02  +6.7797924021281232853652909398078918457031e+03  -1.8794962513343680257094092667102813720703e+03
-1.0254829477521113585680723190307617187500e+05  +5.4511683982915084925480186939239501953125e+04  +2.4346826217224032006924971938133239746094e+04
-1.6960515604696091031655669212341308593750e+04  -1.3374013395423600741196423768997192382812e+04  +1.2070729154645025118952617049217224121094e+04
+4.2007835872518633550498634576797485351562e+04  -5.1655237180403164529707282781600952148438e+03  +7.1629519823382497634156607091426849365234e+03
-4.5906767857650320365792140364646911621094e+03  -1.7684494204903985519194975495338439941406e+03  +2.2627776258450571731373202055692672729492e+03
-2.5397852248992065142374485731124877929688e+04  +1.4482232432600756510510109364986419677734e+04  -4.7422772871265136927831918001174926757812e+04
+1.7318762879949990747263655066490173339844e+04  +8.6269029853500032913871109485626220703125e+04  -3.3647913553792990569490939378738403320312e+04
+2.7339416965977411018684506416320800781250e+05  +1.0425101185860914119984954595565795898438e+05  -3.1739781938322080532088875770568847656250e+05
-3.2698636356900151440640911459922790527344e+04  -1.4601414636858775338623672723770141601562e+04  +5.6035031499711541982833296060562133789062e+04
-1.6179315006631173673667944967746734619141e+04  -6.4132484008636209182441234588623046875000e+04  +2.5715546719829366338672116398811340332031e+04
+3.1876887316604705119971185922622680664062e+04  -1.1758883496861057938076555728912353515625e+05  +1.0587379785431276832241564989089965820312e+05
-8.2624124611137245665304362773895263671875e+04  +1.0034093406343818060122430324554443359375e+05  -3.1759238439648055646102875471115112304688e+04
-4.7590687639189804031047970056533813476562e+04  +1.0967274991087122180033475160598754882812e+05  -3.1775929726889950688928365707397460937500e+05
+1.6559866777860667207278311252593994140625e+05  -1.3133692182312972727231681346893310546875e+05  +5.5076476467563530604820698499679565429688e+04
+8.0649479991608954151161015033721923828125e+04  -5.7076452497330783444340340793132781982422e+03  -2.7404270853224341408349573612213134765625e+04
+2.5306655574039465136593207716941833496094e+04  -4.7877154538642680563498288393020629882812e+04  +9.7739818519343796651810407638549804687500e+04
+1.4869349674881291321071330457925796508789e+03  -7.5139202489525087003130465745925903320312e+03  -2.0884811327157758569228462874889373779297e+03
+2.1159097750384063692763447761535644531250e+05  +4.2801932418549148133024573326110839843750e+05  -2.0983815593449320294894278049468994140625e+05
+1.2519138400486367754638195037841796875000e+05  -1.0235033348197794111911207437515258789062e+05  -3.4279010119536804268136620521545410156250e+05
+5.5756437166306110157165676355361938476562e+04  +8.0216087199710484128445386886596679687500e+04  +1.0200273318648950953502207994461059570312e+05
-1.3400700106820353539660573005676269531250e+05  +2.8343750080476267612539231777191162109375e+04  -1.1030600369956812937743961811065673828125e+05
+3.6164204731787140190135687589645385742188e+04  +8.3170866217029342806199565529823303222656e+03  -3.6988512873525978648103773593902587890625e+03
+3.6565652859706801791617181152105331420898e+03  +1.2917518390974555586581118404865264892578e+03  -3.3107290239310073047818150371313095092773e+03
