DirectForce: 62870; ParticleCell: 50208; NodesUsed: 456; NodesAvailable: 500; TimeLoad: 0.000148341; TimeUpward: 1.2968e-05; TimeForce: 0.00623128; TimeTotal: 0.00640029
1000

-4.6137818147038169627194292843341827392578e+03  -7.5752306693671762332087382674217224121094e+03  -2.7521379865542953666590619832277297973633e+03
-1.2383736460312219307411396584939211606979e+01  -2.9081791840970030449398109340108931064606e+01  +2.0403233077232703074344044580357149243355e+00
+5.0963656571854312460345681756734848022461e+02  -4.4379264902883477361683617345988750457764e+02  +4.1592798241678133308596443384885787963867e+02
+1.9977755965757980902708368375897407531738e+03  -1.2092849365840463633503532037138938903809e+03  +4.1596290900072526710573583841323852539062e+03
+3.0936591478940827073529362678527832031250e+03  -3.9250033584340226298081688582897186279297e+03  -1.8160320051462053925206419080495834350586e+03
+4.7064620336456773657118901610374450683594e+03  -3.1295548873344546336738858371973037719727e+03  -7.1371240637514292757259681820869445800781e+03
-1.1816949150062238913960754871368408203125e+04  -4.2004003694882220543149742297828197479248e+02  +7.7871285726918704312993213534355163574219e+03
-3.7634537895745850732964754570275545120239e+01  +1.1313356805325170739706663880497217178345e+02  +1.5879065433989455868868390098214149475098e+02
-8.9109433434141519683180376887321472167969e+03  -3.0203329406643943002563901245594024658203e+03  +5.5208011989463184363557957112789154052734e+03
+8.6125359688243278810659830924123525619507e+01  +8.4544611473781792199133633403107523918152e+00  -9.0908313334586566156758635770529508590698e+01
-4.8429241952132269943831488490104675292969e+03  +2.5502891023076077203768363688141107559204e+02  -2.8133627182672348681080620735883712768555e+03
+7.8902234165840845889761112630367279052734e+03  -1.5604036423115562683960888534784317016602e+03  -6.4710237366289572946698172017931938171387e+02
+3.3468818618517157119640614837408065795898e+03  -7.9570959450206219116807915270328521728516e+03  -4.0172814253899709910911042243242263793945e+03
-8.3092231890892890078248456120491027832031e+02  -4.7400089651213494335024734027683734893799e+02  -1.3190727619819938354339683428406715393066e+03
+5.4820161530849745759041979908943176269531e+03  -6.8821580895120368950301781296730041503906e+03  +2.5994609163670106681820470839738845825195e+03
-9.0235074291330658979859435930848121643066e+02  -1.8377781500086177857156144455075263977051e+02  +3.7938380353958433488514856435358524322510e+02
+3.5468023788405748746299650520086288452148e+03  +7.1328937317333802639041095972061157226562e+03  -7.6273630528618159587495028972625732421875e+03
-3.6976424758301064343868347350507974624634e+01  +6.2638415141492224336161598330363631248474e+01  +4.1330448556968427453739423071965575218201e+01
+1.8964111029518317081965506076812744140625e+03  +1.7692584231079283199505880475044250488281e+04  +3.6677906719076498120557516813278198242188e+04
-6.8341936702683051407802850008010864257812e+02  -2.7491545772369076985341962426900863647461e+03  +4.5250526806793086507241241633892059326172e+03
+4.0984433141211968631978379562497138977051e+02  +2.1407485137586522796482313424348831176758e+03  -3.0857315984301521893939934670925140380859e+03
-2.6505232458932741792523302137851715087891e+03  -2.4700156660606044169981032609939575195312e+03  -1.4003597505038494546170113608241081237793e+03
-1.7684081967402635200414806604385375976562e+03  +3.8898025836975409674778347834944725036621e+02  +9.1081852612724069331306964159011840820312e+03
+1.2173802399304070149810286238789558410645e+03  +2.0366811812412956328444124665111303329468e+02  -5.5135115669990773312747478485107421875000e+02
+5.3967540427232586353056831285357475280762e+02  +3.6198631377553006132075097411870956420898e+03  -2.7756277660296359499625395983457565307617e+03
-4.3136328478594641637755557894706726074219e+03  -1.2766306391411876575148198753595352172852e+03  +2.1488689229001993226120248436927795410156e+03
+2.1046766975024665953242219984531402587891e+03  -3.8146516522831880138255655765533447265625e+03  +3.3532536136395583525882102549076080322266e+03
+1.1245257355064712101011537015438079833984e+04  -4.4277940395809864639886654913425445556641e+03  -5.5371709053937574935844168066978454589844e+03
+8.1770163047430321512365480884909629821777e+02  -5.0917858350077813156531192362308502197266e+03  +1.0792798348569083088932529790326952934265e+02
+6.2464563882835636832169257104396820068359e+03  +1.2189736889794119178986875340342521667480e+03  +1.2483050569850574902375228703022003173828e+04
-1.1000713484848301959573291242122650146484e+03  +5.8426931073881696647731587290763854980469e+03  -3.4345778495050612946215551346540451049805e+03
-2.5890853769967893782677492708899080753326e+01  -1.8862088724961406569491373375058174133301e+03  +7.3004325714675587732926942408084869384766e+02
-5.2608043370490868539945950033143162727356e+01  +1.6062963542041222808620659634470939636230e+03  +1.9933828262898648517875699326395988464355e+03
+3.8751948012472888649426749907433986663818e+02  -9.6318398138145894904482702258974313735962e+01  -2.5984625980812126044838805682957172393799e+02
-1.4417825729585811131983064115047454833984e+03  -4.2791306638295473021571524441242218017578e+03  +5.8963614722995794181770179420709609985352e+02
+6.4311011734344465367030352354049682617188e+03  +1.0491378300866244899225421249866485595703e+04  +1.2449684643623562806169502437114715576172e+04
+1.1055045619236896072834497317671775817871e+03  -3.3059821109496315330034121870994567871094e+03  +1.0729617752220899546955479308962821960449e+03
-5.8094462760108017391758039593696594238281e+03  -5.4843064766359339046175591647624969482422e+02  +7.2667580371105805170373059809207916259766e+02
+7.2380792118571787341352319344878196716309e+02  +1.8055121434833054081536829471588134765625e+03  -1.9339212077267704898986266925930976867676e+03
-1.7460422916062019794480875134468078613281e+04  -2.9553490552253773785196244716644287109375e+04  +6.0748425282470207093865610659122467041016e+03
-9.2253345654795475638820789754390716552734e+02  -1.2678041319060300793353235349059104919434e+03  +5.3942310472689598555007250979542732238770e+02
+1.2407129236044238496106117963790893554688e+02  +4.8127960800854310718932538293302059173584e+02  +9.7098430345715215139534848276525735855103e+01
-5.1322633443242852990806568413972854614258e+02  -5.4387322386788105177402030676603317260742e+02  -2.0366376796959805233200313523411750793457e+03
+1.5235326883813643235043855383992195129395e+03  -3.6147031408273310262302402406930923461914e+03  +9.8801039174509242002386599779129028320312e+00
-1.5748910500354581017745658755302429199219e+04  +8.5974707134461896202992647886276245117188e+03  +2.1469089251569213956827297806739807128906e+04
+1.2658922855474540483555756509304046630859e+04  +3.7556618650993623305112123489379882812500e+04  -8.4548898481219483073800802230834960937500e+04
-4.6095497627143149657058529555797576904297e+03  -5.8464209059425729719805531203746795654297e+02  -1.2551558464724835175729822367429733276367e+03
+7.6781739645547422696836292743682861328125e+03  +1.5308734199645768967457115650177001953125e+04  +1.2305422117408113990677520632743835449219e+04
-7.1553990848583402112126350402832031250000e+04  +9.0963979859403829323127865791320800781250e+04  -1.8557035499944872572086751461029052734375e+05
-1.5694517741976890192745486274361610412598e+03  +3.6198124319538329984879965195432305335999e+01  +4.0120431598011264213710092008113861083984e+03
+9.0869614755231232265941798686981201171875e+03  -1.1160650996869814832734846277162432670593e+02  +6.6263489085977489594370126724243164062500e+03
+2.4381203699067086745344568043947219848633e+03  +4.3339092736937027439125813543796539306641e+03  -1.0640683219009692038525827229022979736328e+04
+5.8961286782653772320372809190303087234497e+01  -5.9528419561644623172469437122344970703125e+03  +1.2380217531095024696696782484650611877441e+03
-1.8797933550969804628039128147065639495850e+02  -2.8230397173583986614175955764949321746826e+02  -3.5044837421131467181112384423613548278809e+02
-4.3051240635418042757009970955550670623779e+02  -1.9644668640642794343875721096992492675781e+02  -1.1976904257156713811127701774239540100098e+03
+3.2777309924271644376858603209257125854492e+03  +4.4048052097288446020684204995632171630859e+03  +1.4846199840206438693712698295712471008301e+03
-1.2623076122433308228210080415010452270508e+03  +1.1718894106326443704801931744441390037537e+02  -1.0413059261977157348155742511153221130371e+03
-1.9262587776668947299185674637556076049805e+03  -7.4421011871783302922267466783523559570312e+03  -2.2120650967059609683929011225700378417969e+03
+5.1202447747044869174715131521224975585938e+04  +1.8396155045114794575056293979287147521973e+03  +1.8265633116666798230198764940723776817322e+01
-1.0722944424427143530920147895812988281250e+04  +6.2240216339600237915874458849430084228516e+03  -3.5446723925919410248752683401107788085938e+04
+5.9572977300665499456044926773756742477417e+01  -8.5152258932313384320877958089113235473633e+02  +2.0782259627790858758089598268270492553711e+03
+1.3052935302038958980119787156581878662109e+03  -3.2544061174650810244202148169279098510742e+03  +9.8361967020033316657645627856254577636719e+03
-8.7219683308378762376378290355205535888672e+02  -2.7405279593452172548495582304894924163818e+02  +5.3476967507199981355370255187153816223145e+02
+4.1946903963926314418131369166076183319092e+02  -7.2282634404055784216325264424085617065430e+02  -3.7062482847200629976214258931577205657959e+02
-6.2178302228185782496439060196280479431152e+02  -1.8562303463579573303832148667424917221069e+02  -2.4736188232961055177838716190308332443237e+01
+1.3033159275776408321689814329147338867188e+04  +4.8624288332503795118100242689251899719238e+02  +1.0547404774981083392049185931682586669922e+04
+2.4089674069919550674967467784881591796875e+04  +1.1957010443155597840814152732491493225098e+03  +8.4439666111174246907467022538185119628906e+03
-4.1873372532106441212818026542663574218750e+03  +5.5913823318252877925260690972208976745605e+02  +4.2206943842830414723721332848072052001953e+03
-3.4851265079706115648150444030761718750000e+05  -1.5191478050037877983413636684417724609375e+05  +2.9176962434372810093918815255165100097656e+04
+2.3760718198273018060717731714248657226562e+04  -2.6958940758461799305223394185304641723633e+03  -2.2584449362415838550077751278877258300781e+04
-2.6143763306934630463729263283312320709229e+02  -1.1686814352640478318789973855018615722656e+04  -5.8432605858168462873436510562896728515625e+03
+1.4337400739892891579074785113334655761719e+03  +2.8069164036580050378688611090183258056641e+03  -3.2997067418930477344929386163130402565002e+01
-9.3582369711652063415385782718658447265625e+03  -4.8844565861184673849493265151977539062500e+02  -6.9748055029638253472512587904930114746094e+03
-2.8460843754797579094883985817432403564453e+03  +6.1804512234059984621126204729080200195312e+03  +2.4339841281328692275565117597579956054688e+04
-6.9986338992935759506508475169539451599121e+02  +1.3944867652308064975841261912137269973755e+02  +5.7705389155607383599999593570828437805176e+02
+2.4662889387143903263677202630788087844849e+02  +2.9613583461870425708184484392404556274414e+03  +5.0950735814525232854066416621208190917969e+03
+9.1590972228338305285433307290077209472656e+03  -5.4605987956154949642950668931007385253906e+03  -5.7531571515656678457162342965602874755859e+03
+3.0209247508135003954521380364894866943359e+03  +2.2354778752417741998215205967426300048828e+03  -4.7301029900392995841684751212596893310547e+03
-2.0560575956528464303119108080863952636719e+02  -2.6428603200182527643846697174012660980225e+02  +1.0895411864507241261890158057212829589844e+03
+2.9990004201799092697910964488983154296875e+02  +8.2578517438361950553371571004390716552734e+02  -3.3229399036691065703053027391433715820312e+03
+3.8852450885505290898436214774847030639648e+03  -7.9270490673316180618712678551673889160156e+03  +6.7576683463408471652655862271785736083984e+03
-6.5792884771426188308396376669406890869141e+03  +1.8485661064300854832254117354750633239746e+03  -3.0744051819894474419925245456397533416748e+02
+5.4974951516796284067822853103280067443848e+02  -4.1548390769022316817427054047584533691406e+03  -6.6598604726046160067198798060417175292969e+03
-3.0856390777631991113594267517328262329102e+03  -7.9540150386771774719818495213985443115234e+03  +3.0901085335159950773231685161590576171875e+03
+2.3236001951871390502901704167015850543976e+01  +1.3599534595889542742952471598982810974121e+02  +1.2803509481332150699017802253365516662598e+02
-2.2521829663327794790461666707415133714676e+00  -3.2891396711908377881172782508656382560730e+01  -1.3394824198016220861973124556243419647217e+02
+6.5488181492570117825380293652415275573730e+02  +8.2842989317937110627099173143506050109863e+01  +1.3237691636817629614597535692155361175537e+02
-7.3462007606806791955023072659969329833984e+03  +3.4484759712392762594390660524368286132812e+04  -2.3495512773872662364738062024116516113281e+04
-1.3443330953671684824257681611925363540649e+02  -3.5159211670076979316945653408765792846680e+02  -3.7432356402515515583218075335025787353516e+03
-1.4683654068990867017419077455997467041016e+04  +1.5676679300097302984795533120632171630859e+03  +2.7379283126294249086640775203704833984375e+04
-9.6534017920444824767400859855115413665771e+01  -6.2549541077224366745213046669960021972656e+03  +2.5807512684275948231515940278768539428711e+03
+2.1979313532723613207053858786821365356445e+03  -4.0012119913741088339520501904189586639404e+02  -1.6038465466432244284078478813171386718750e+03
+1.0985696449911273475663620047271251678467e+02  -5.1472412796691978655871935188770294189453e+03  -3.3259449471364346209156792610883712768555e+03
+1.3776633086640072178852278739213943481445e+03  +7.0131951004062557331053540110588073730469e+02  +9.7010639066787207411834970116615295410156e+03
+5.0958153868355911981780081987380981445312e+03  -4.1463414528017838165396824479103088378906e+03  +8.2047461710684783611213788390159606933594e+03
-1.5536798379989215845853323116898536682129e+02  +1.1062857264505867149750883982051163911819e+01  +6.5530855967372065151721471920609474182129e+02
+1.4049082266851335134560940787196159362793e+03  +3.6158331695845540707523468881845474243164e+03  -3.8802593835775060142623260617256164550781e+03
-8.4421774855357554656620777677744626998901e+01  +2.5493882911889429010443564038723707199097e+01  +1.3384553197763108300932799465954303741455e+02
+5.6458168903484845941420644521713256835938e+04  -1.1624342977187258657068014144897460937500e+05  +3.8547606987847457276075147092342376708984e+03
-2.1688297487338335486128926277160644531250e+04  +8.6979080305613606469705700874328613281250e+04  -1.1509126902404654538258910179138183593750e+05
-3.7144007508745676204853225499391555786133e+03  +1.2517354048832808075530920177698135375977e+03  -5.8829591993964504581526853144168853759766e+02
-1.3967198189371181342721683904528617858887e+03  -6.9042156706824489447171799838542938232422e+03  -3.3309870214683874110050965100526809692383e+03
-9.9919773865221104642841964960098266601562e+03  -3.6458102545992478553671389818191528320312e+03  -1.9229002680121956814218719955533742904663e+02
-2.5994285235606153037224430590867996215820e+03  +2.4450589125378460266801994293928146362305e+03  +1.5525816459636930630949791520833969116211e+03
+2.1133676039057986599800642579793930053711e+03  -2.1191982148260026406205724924802780151367e+03  +3.2287109759058080271643120795488357543945e+03
-1.1842803900148815046122763305902481079102e+03  -2.8603169020553136761009227484464645385742e+03  -7.8959898802492216418613679707050323486328e+02
-4.5657273418910135660553351044654846191406e+03  +3.2422684166048647966817952692508697509766e+03  -8.8049678860866401919338386505842208862305e+02
+2.1821779090947661643440369516611099243164e+03  +1.1092610609510784343001432716846466064453e+03  -5.2525454557342573025380261242389678955078e+03
+1.1500412870396883135981624945998191833496e+03  +8.4814971529857962195819709450006484985352e+02  +8.6107775441634339586016722023487091064453e+02
-2.3658070356976847392616036813706159591675e+02  +3.3720736474600721521710511296987533569336e+02  -1.8068103040203510545325116254389286041260e+02
+2.4100616122998584955894330050796270370483e+02  +1.0626873646521816851873154519125819206238e+02  +2.2337364082685070343359257094562053680420e+02
+9.5525912776291297632269561290740966796875e+03  +4.1880298647519794030813500285148620605469e+03  -6.0073381748135670932242646813392639160156e+03
+5.0148010610090159389073960483074188232422e+03  +1.1139909503383598348591476678848266601562e+04  -4.6374844910879625103916623629629611968994e+02
-8.4590853647261519654421135783195495605469e+03  +1.2717434466699543918366543948650360107422e+04  -1.7533686189525804365985095500946044921875e+04
-1.5268420046744886349188163876533508300781e+03  +2.8290294000905601023987401276826858520508e+03  -4.8552062150985366315580904483795166015625e+03
-1.5097143265267357492120936512947082519531e+04  +4.4515398863708230692282086238265037536621e+02  -6.5909685845629965115222148597240447998047e+03
+1.9869761471798759885132312774658203125000e+04  +1.2104135358761785028036683797836303710938e+04  +1.2550784080929373885737732052803039550781e+04
-1.1674808715303518056316534057259559631348e+03  +7.5653147498852172248007263988256454467773e+02  -2.6288786050781408221155288629233837127686e+02
-2.0304079365263007161956920754164457321167e+02  -8.3248855302033734915312379598617553710938e+02  -7.5291101571133583547634771093726158142090e+02
+4.1083710149187654678826220333576202392578e+03  +6.7952303027547341116587631404399871826172e+03  +5.2307332451809124904684722423553466796875e+03
+1.0885937153667040547588840126991271972656e+04  -4.1069238210545317997457459568977355957031e+03  +4.9074366841032569936942309141159057617188e+03
+9.2110886563265492441132664680480957031250e+04  +7.2349244249873503576964139938354492187500e+04  +8.2988835237744919140823185443878173828125e+04
+8.0271708802385501257958821952342987060547e+02  -9.4524664047506084898486733436584472656250e+03  -4.9453757034366635707556270062923431396484e+03
-1.1053059094835798532585613429546356201172e+03  -3.9798194654281201110279653221368789672852e+02  +7.1344468168796936424769228324294090270996e+02
+3.4834205509703842835733667016029357910156e+03  -7.5298941935995881067356094717979431152344e+03  -3.1493671357900370821880642324686050415039e+03
+4.8693263360363368974503828212618827819824e+02  +9.4611875011948518476856406778097152709961e+02  -2.2521132829051276758036692626774311065674e+02
-2.1076264306587749160826206207275390625000e+04  -1.6080493356810267869150266051292419433594e+04  -5.7325717396295231083058752119541168212891e+03
+7.4128465661072532384423539042472839355469e+03  -4.8016026596441480478461016900837421417236e+02  +1.2790482075881738637690432369709014892578e+04
-1.2906716858925984706729650497436523437500e+06  +1.7786035788613918703049421310424804687500e+05  -9.1096197757926525082439184188842773437500e+05
+1.2894739269122672340017743408679962158203e+04  -9.3866371461633170838467776775360107421875e+04  +4.2882446927034390682820230722427368164062e+04
-3.6401400181391604746750090271234512329102e+03  -2.4105103537233640054182615131139755249023e+03  +4.0953185532522536504984600469470024108887e+02
+1.2281723311569447105284780263900756835938e+04  -2.2209688264380769396666437387466430664062e+04  +1.9150338739436213018052512779831886291504e+03
+1.0828251858929223089944571256637573242188e+04  +6.1944881222746233106590807437896728515625e+04  +3.9922137943721761985216289758682250976562e+04
-3.7495048185832519038740429095923900604248e+02  +1.2187014505975826068606693297624588012695e+03  -5.3588420439456785970833152532577514648438e+02
-1.5126825849592703889356926083564758300781e+04  +1.1012816261154575840919278562068939208984e+04  +1.7739397365260436345124617218971252441406e+04
-5.2019694219703260387177579104900360107422e+03  +2.2671970852512399119405017700046300888062e+02  -1.7937650887650354434299515560269355773926e+03
-5.9160262631358573344186879694461822509766e+03  -4.8515729144733913926756940782070159912109e+03  +2.8669922286979763157432898879051208496094e+03
-2.2999662218372879578964784741401672363281e+04  +6.5983889487367181573063135147094726562500e+04  +5.8800766117930179461836814880371093750000e+04
-1.1665899397077621415519388392567634582520e+03  +1.3790936824949442325305426493287086486816e+03  -3.6842386057120656914776191115379333496094e+03
-5.9552950656660050299251452088356018066406e+02  +2.2038645691115189038100652396678924560547e+03  -8.5759253412623766053002327680587768554688e+03
-1.6155592127753561726422049105167388916016e+03  +1.9129610942323103017770336009562015533447e+02  +1.1590688438950294880669389385730028152466e+02
-1.1971440327439035172574222087860107421875e+04  -7.1992802724205137110402574762701988220215e+02  -1.7441733593959172139875590801239013671875e+04
-1.4796537905147994024446234107017517089844e+04  -2.5084454043023622944019734859466552734375e+04  +1.9191195267497489112429320812225341796875e+04
-4.0124122574162652199447620660066604614258e+03  -1.9996758958909929333458421751856803894043e+03  -1.6831501731348032535606762394309043884277e+03
+2.5226342570855092617421178147196769714355e+02  +7.8180482108370797504903748631477355957031e+03  +1.4705619532393063764175167307257652282715e+03
-8.4811982080007692275103181600570678710938e+03  +1.7101597690469734516227617859840393066406e+04  +1.6259588275056314159883186221122741699219e+04
-8.2649447636943950783461332321166992187500e+03  -9.2972450876344373682513833045959472656250e+03  +1.1806565401392814237624406814575195312500e+04
-6.9527120866069963085465133190155029296875e+03  +5.5489051123711160471430048346519470214844e+03  -2.2531154380286620835249777883291244506836e+03
-1.5387543226558900641975924372673034667969e+03  +1.3740799937927615701482864096760749816895e+03  -1.8346478355263031971844611689448356628418e+03
-1.1559510181938601363071938976645469665527e+03  +4.0243334403151203559900750406086444854736e+02  +4.5629291825972086371621116995811462402344e+02
+8.5727562236385056166909635066986083984375e+03  +4.0777787164924497176343720639124512672424e+01  +8.0889030811857264779973775148391723632812e+03
-7.1861627894026623835088685154914855957031e+03  -8.7216661078615325095597654581069946289062e+03  +2.1279290931522059509006794542074203491211e+03
+3.7499823896309972042217850685119628906250e+04  -6.1130134991526265366701409220695495605469e+03  +1.6123435971741095272591337561607360839844e+04
+9.1475073629546409392787609249353408813477e+02  +1.7453436624539619970164494588971138000488e+02  +1.4656791211858339920581784099340438842773e+03
-2.5065012654220058863074882538057863712311e+01  -2.4158436272485596418846398591995239257812e+03  +3.4878823585798767226151539944112300872803e+02
-3.9896133631080391523937578313052654266357e+02  -6.1121234515694982292188797146081924438477e+02  +2.9792152994026281476180884055793285369873e+02
-6.2224063119510783508303575217723846435547e+03  +6.1992799155094576235569547861814498901367e+02  +1.1033843694717274956929031759500503540039e+03
+1.2071281300479363380873110145330429077148e+03  -3.4544447270740156454849056899547576904297e+03  -1.4116814092343382071703672409057617187500e+04
-8.1238918851474366533693682868033647537231e+01  -1.7763128448597140618403500411659479141235e+02  -1.2863052443150314729791716672480106353760e+02
-3.3715018374996425620793161215260624885559e+01  -3.5350937814849139328998717246577143669128e+01  +1.2249324072898673421150306239724159240723e+01
-1.8424518913970678113400936126708984375000e+02  -1.1109462515817683652130654081702232360840e+03  -7.4136281552830962482403265312314033508301e+02
-7.7706190688001597663969732820987701416016e+03  +4.7962714988136212923564016819000244140625e+03  +3.8547064448083019669866189360618591308594e+03
-6.7063794154419815640721935778856277465820e+02  -1.1036204951470415380754275247454643249512e+03  -1.0437130745477543314336799085140228271484e+03
+2.6151590149463018519782053772360086441040e+01  +1.3197017402232260607775060634594410657883e+01  -1.5782530747493272116344087407924234867096e+01
+6.8904202543520696053747087717056274414062e+03  +3.2367663737798948204726912081241607666016e+03  -8.7578951132654983666725456714630126953125e+03
+2.9263241713087099924450740218162536621094e+03  +1.0834821597334007492463570088148117065430e+03  -4.3891559194933579419739544391632080078125e+03
+2.3551240134789777584956027567386627197266e+03  +2.8408756421654987889269250445067882537842e+02  -4.9171004952804315735193085856735706329346e+02
-4.7724900766967075469437986612319946289062e+03  +1.7694317088325706208706833422183990478516e+03  +2.3262681933397998363943770527839660644531e+03
+3.3939627249560078325885115191340446472168e+02  +1.0673605171792366945737740024924278259277e+03  +3.2626002645233899102095165289938449859619e+02
-3.5009257151608824187860591337084770202637e+02  -2.9014406307500769344187574461102485656738e+02  -3.5937715217463903627503896132111549377441e+01
-1.5432242177209238320756412576884031295776e+02  +1.9873720112329124276584479957818984985352e+03  -4.1465015435106266750153736211359500885010e+02
-1.1300584640133918128412915393710136413574e+03  -1.4585570264715673260980111081153154373169e+02  +1.9119250521547039056713401805609464645386e+02
+3.0633833809532325176405720412731170654297e+02  +1.7162669359993077478065970353782176971436e+02  +3.7555187745901989160302036907523870468140e+01
-1.7990280577208211525430670008063316345215e+03  -1.0092825082133682599305757321417331695557e+03  -6.7721860169417846009309869259595870971680e+02
-1.9939276865241877203516196459531784057617e+03  +2.2772679014399534935364499688148498535156e+04  +1.5378802623837231294601224362850189208984e+04
+1.2888132947810670884791761636734008789062e+04  -1.9563753144680722471093758940696716308594e+03  -7.9888442546253527325461618602275848388672e+03
+2.5996118715010777577845146879553794860840e+02  -1.9128095992891578589478740468621253967285e+03  -1.3194005795473253783711697906255722045898e+03
+1.9007974619054396043793531134724617004395e+03  +6.1597976057349342227098532021045684814453e+02  -2.0278771388556810961745213717222213745117e+03
-1.6458049541355530891451053321361541748047e+03  +2.9456646034732000316580524668097496032715e+02  -4.3733893793679550299202674068510532379150e+02
+1.4085766127164012573302898090332746505737e+02  -1.4838856497117069466185057535767555236816e+02  -1.7874156862814027135755168274044990539551e+02
-2.4860699005093398028520823572762310504913e+01  -7.2659301769890092259629454929381608963013e+01  -1.6738879872042150509514613077044486999512e+02
-4.0358944849989147769520059227943420410156e+03  +5.5144055975822511754813604056835174560547e+03  -2.6125355257091346175002399832010269165039e+03
+1.9832807551971486645925324410200119018555e+03  +1.3008179668316583388332219328731298446655e+02  -1.5593815994160762784304097294807434082031e+04
-1.3699438394400709512410685420036315917969e+04  -1.4094781110465578422008547931909561157227e+03  -1.8310637617218089872039854526519775390625e+04
+1.5039386880126125106471590697765350341797e+04  +1.0303527099445238491171039640903472900391e+04  -1.1908425390684933518059551715850830078125e+03
+6.9632591308256078264093957841396331787109e+03  +2.1406107605822122422978281974792480468750e+04  +6.0717889379720341821666806936264038085938e+04
-1.3399479366554920488852076232433319091797e+04  +3.4501072941553386044688522815704345703125e+04  +3.3232366025317419371276628226041793823242e+03
+4.2837288339096153322316240519285202026367e+02  -3.1899676793776566228189039975404739379883e+03  +9.3931292679861835495103150606155395507812e+03
-7.3767890044438524910219712182879447937012e+02  -3.2239139608927539484284352511167526245117e+03  -6.8813545799745133990654721856117248535156e+02
-2.0631686929347112891264259815216064453125e+05  -1.1914592033821821678429841995239257812500e+05  +2.7733910375530278543010354042053222656250e+05
+3.0921882666920726023818133398890495300293e+02  +1.3153016688530844930937746539711952209473e+03  +2.4478505369740805690526030957698822021484e+03
+2.0291185578160084332921542227268218994141e+03  +5.7264110963384482602123171091079711914062e+03  +5.1590438220585156159359030425548553466797e+03
+1.3967702059223736796411685645580291748047e+04  -1.3609571337514952915626054164022207260132e+02  -1.4310153900281386086135171353816986083984e+04
-1.3574712274657858870341442525386810302734e+04  -2.7519266245493519818410277366638183593750e+04  -7.9283692200433224570588208734989166259766e+03
+2.3208582558892907400149852037429809570312e+04  +1.0937343895080989750567823648452758789062e+05  +1.2111963935421447968110442161560058593750e+05
+1.3918994165105928004777524620294570922852e+03  -1.9061693980964805632538627833127975463867e+03  -4.3906253742640055861556902527809143066406e+03
+4.4582973387073536741809220984578132629395e+02  +2.6711930643441528445691801607608795166016e+03  -4.6208751010979483453411376103758811950684e+02
-7.3715469276598284409374173264950513839722e+01  -2.3555723091910678590465977322310209274292e+01  -2.5767518045799431547493441030383110046387e+02
+5.5822609461887250290601514279842376708984e+03  +4.8074597564706991761340759694576263427734e+03  -1.5950062238901075488684000447392463684082e+03
+4.9689755465847447339911013841629028320312e+03  +4.1633899093730797176249325275421142578125e+04  -5.1569384511434378509875386953353881835938e+04
+8.6464385974833912769099697470664978027344e+03  -1.2822840366249420185340568423271179199219e+04  -5.1059616580887018244538921862840652465820e+02
-9.5940643295912684607174014672636985778809e+02  +5.2744491947847200208343565464019775390625e+03  -7.5783481193446039014816051349043846130371e+02
-6.7109175256284133865847252309322357177734e+03  -3.3755413536718533578095957636833190917969e+03  -1.8101643290328297553060110658407211303711e+03
+5.3401773600695332788745872676372528076172e+03  +2.0420107720419822726398706436157226562500e+04  -1.4018339520299661671742796897888183593750e+04
+1.6262683432361645827768370509147644042969e+03  +3.0471991175059456509188748896121978759766e+03  +7.4014769314982220294041326269507408142090e+02
+3.9415676616990567708853632211685180664062e+03  +2.4682889113680466834921389818191528320312e+03  +4.3071043951848685082950396463274955749512e+02
-2.4747932240468662712373770773410797119141e+03  +2.1150889149981310310977278277277946472168e+02  -3.4317249129265478586603421717882156372070e+03
-8.5830352840526682456356866168789565563202e+00  -7.1603074009560103263538621831685304641724e+01  +4.8870496684520951191643689526244997978210e+01
-9.7023977480992914479429600760340690612793e+02  +3.9304927164382179398671723902225494384766e+03  +1.1978289180711590233840979635715484619141e+03
-4.3368767226681381998787401244044303894043e+02  +6.0928203874392438592622056603431701660156e+03  +5.7212577937967453181045129895210266113281e+03
+5.2213021097115426982782082632184028625488e+02  -2.5393764285494112300511915236711502075195e+03  -1.2067751173693093278416199609637260437012e+03
+6.4930155743442787752428557723760604858398e+02  +1.3178237705636599912395467981696128845215e+03  -8.1068445570398432664660504087805747985840e+02
+3.9701274257218912566713697742670774459839e+01  -1.2546456331205372691783850314095616340637e+02  +2.2298481773182263765420429990626871585846e+00
+5.9016776499114484977326355874538421630859e+03  -8.1201240874527375126490369439125061035156e+03  +2.4949036703514439068385399878025054931641e+03
+6.4935880698178107195417396724224090576172e+03  -9.4592584746423483466060133650898933410645e+02  +1.5910083560743887574062682688236236572266e+03
-2.6049032262811834925742004998028278350830e+02  +2.6081248927453651731411810033023357391357e+02  -5.0847962775287464864959474653005599975586e+02
-2.3611428315010551159502938389778137207031e+04  +3.4836324030147256962663959711790084838867e+03  +1.5892943521246384079859126359224319458008e+03
-4.4852079455399652943015098571777343750000e+03  +2.0168738442595165452075889334082603454590e+03  -2.9842053943325308864586986601352691650391e+03
+1.0582402619605327345198020339012145996094e+03  +2.4518594533324653639283496886491775512695e+03  +1.4164945755018040927097899839282035827637e+03
+2.7769634492378759205166716128587722778320e+02  +1.8068768006374236279043543618172407150269e+02  +2.7743248826798730277687354828231036663055e+01
+6.5551774682630903043900616466999053955078e+03  -1.3694656519768177531659603118896484375000e+04  -1.8532743757854170780774438753724098205566e+03
+1.8694324296596023486927151679992675781250e+03  -5.9686667810421704416512511670589447021484e+03  +3.1317711049866370558447670191526412963867e+03
-1.4191673308595563085532376135233789682388e+01  +5.0893440736931971457579493289813399314880e+01  +1.6135342375576609441623077145777642726898e+01
+2.4617545974218923220178112387657165527344e+04  -3.3641091045740608933556359261274337768555e+03  +1.1808500413178613598574884235858917236328e+04
-4.6626843983819300774484872817993164062500e+04  +1.9071986365081029362045228481292724609375e+05  +1.1606312279059886350296437740325927734375e+05
-1.0057203548236822143735480494797229766846e+03  +6.9824420025706822343636304140090942382812e+03  -8.4317431682420028664637356996536254882812e+03
-8.7021190548196664167335256934165954589844e+03  +7.2020645587258320574619574472308158874512e+02  +1.1719587156231087647029198706150054931641e+04
-1.0446902367943503975311614340171217918396e+02  -3.1154583297927536023053107783198356628418e+02  +1.9816089426134524842382234055548906326294e+02
+1.6469921824530869836067381584143731743097e-01  -1.6257527054213408490568326669745147228241e+01  -6.4465199020325556489297014195472002029419e+01
+2.2424911801990070671308785676956176757812e+04  +6.3685779769671844405820593237876892089844e+03  -1.6311909009460023298743180930614471435547e+04
+1.7836994086123599117854610085487365722656e+04  -3.5512467059868185970117338001728057861328e+03  +5.1489017452889293053885921835899353027344e+03
+1.0207548708331207308219745755195617675781e+04  +1.5113614839043273150309687480330467224121e+03  +8.1857914189594857816700823605060577392578e+03
+2.0758278377766455378150567412376403808594e+03  +1.0126966640546746930340304970741271972656e+04  -5.9060239915147640203940682113170623779297e+03
-1.1119860444095857019419781863689422607422e+03  +3.6649001017679261167359072715044021606445e+03  +1.9695287686974297685083001852035522460938e+04
+1.5243807872270081134047359228134155273438e+04  +7.1219189646441554941702634096145629882812e+03  -3.4394384784604658307216595858335494995117e+03
+1.0572967049497292464366182684898376464844e+03  -9.4402120231344656531291548162698745727539e+02  +3.0379990642764000767783727496862411499023e+03
-2.4628731819464287582377437502145767211914e+03  -1.6889450203722790320171043276786804199219e+04  -9.9824914785584242054028436541557312011719e+03
+6.2080926099294697451114188879728317260742e+02  -4.4819948789420720913767581805586814880371e+02  -3.1852306888874654760002158582210540771484e+03
+1.1244066033100089043728075921535491943359e+04  -6.6523951735796508728526532649993896484375e+03  -1.2867347177581428695702925324440002441406e+04
+2.0616337368663321831263601779937744140625e+05  -5.7151473418184708862099796533584594726562e+04  +1.8379387971538031706586480140686035156250e+04
+4.2437050570275027894240338355302810668945e+02  +3.7079053893161011501433677040040493011475e+02  +1.4836461298442478096148988697677850723267e+02
+1.9313028074280310875110444612801074981689e+01  -1.6266892102415928889058704953640699386597e+02  -7.6605207748641504394981893710792064666748e+01
-9.6732711653783189831301569938659667968750e+03  -1.2075325608760700561106204986572265625000e+04  +6.7497401889491420661215670406818389892578e+03
+5.0376597859929106562049128115177154541016e+03  +1.4370331056808363427990116178989410400391e+04  -2.7034963273684488740400411188602447509766e+03
+2.1839746660437835998891387134790420532227e+03  -3.0184675900106803965172730386257171630859e+03  +4.1372555961522866709856316447257995605469e+03
-1.7600822189395419172797119244933128356934e+03  -6.0737760038951535079831955954432487487793e+02  -1.2882485475567018511355854570865631103516e+03
+2.8646526464141866199497599154710769653320e+03  -5.5611170800456584402127191424369812011719e+03  +1.8373956495775562416383763775229454040527e+03
-6.0034978300987913826247677206993103027344e+03  -2.6747843407712171028833836317062377929688e+03  +7.1045613031216298622894100844860076904297e+03
+8.5878039838492295530159026384353637695312e+03  +1.2927122936264009695150889456272125244141e+04  +5.8758406018503410450648516416549682617188e+03
+1.6931169420752569567412137985229492187500e+05  +1.3088670538514848158229142427444458007812e+05  -2.7534996938475675415247678756713867187500e+05
+5.5985850232730558673210907727479934692383e+02  +5.1659735379267112875822931528091430664062e+02  +7.7632281133194715039280708879232406616211e+02
-8.8552511465110831068159313872456550598145e+02  +1.9785394505568046241705815191380679607391e+01  +2.2196585721120814014284405857324600219727e+03
+8.8173425692459986180438136216253042221069e+01  -5.3732384089050690079147898359224200248718e+01  +2.6034326225622015726912650279700756072998e+02
-4.1938990611664763719090842641890048980713e+02  +1.5832697112398713215952739119529724121094e+04  +8.5602146739359614002751186490058898925781e+03
+4.8586912047825480840401723980903625488281e+03  +4.9070702208046753867165534757077693939209e+02  +1.8928373077918333819980034604668617248535e+03
-5.2648507299747334400308318436145782470703e+03  -4.8175090069753014176967553794384002685547e+03  -5.2036992813927336101187393069267272949219e+03
-8.5641439360470724295737454667687416076660e+02  -7.0272147105711037511355243623256683349609e+03  -1.8614500526691310824389802291989326477051e+03
-2.3134717260052088931843172758817672729492e+03  +1.3282231254144599006394855678081512451172e+03  -1.5921282058691822385299019515514373779297e+03
+1.3971722139041050468222238123416900634766e+04  +2.3615451407929791116657725069671869277954e+02  +1.0075647409812016121577471494674682617188e+04
+8.3600301166193075914634391665458679199219e+03  -3.2925521613896112285146955400705337524414e+03  -8.0020584386315476876916363835334777832031e+02
-2.5604545354347385455184848979115486145020e+02  -6.4381000671590605634264647960662841796875e+04  +7.2724339029453603870933875441551208496094e+03
-1.3275000785765089972301211673766374588013e+02  -1.9229019790573286741164338309317827224731e+02  -2.4786856775749564008037850726395845413208e+02
+3.0993683369726494447604636661708354949951e+02  +2.7225664985844873626774642616510391235352e+03  -1.2582699689842957013752311468124389648438e+03
+1.4315381955561308586766244843602180480957e+03  +5.1264578410644730865897145122289657592773e+02  +1.6943581130973052495392039418220520019531e+03
+2.2267112334038934932323172688484191894531e+04  +2.0433293245043943898053839802742004394531e+04  +2.5559873999882052885368466377258300781250e+04
+4.1502151285898059995815856382250785827637e+02  +1.0410530898226312501719803549349308013916e+02  +6.9087181077696072861726861447095870971680e+02
+1.7422308398321351319282257463783025741577e+02  +7.6017835170937166822113795205950736999512e+02  -5.3681017767144930985523387789726257324219e+02
+4.7469182243697247258751303888857364654541e+02  -2.5398268667872562787124479655176401138306e+02  -6.0013060584124548313411651179194450378418e+02
+1.2738586083190160934464074671268463134766e+04  +9.2131335479616573138628154993057250976562e+03  -8.9319140197270442627086595166474580764771e+01
-2.8326096018450817837219801731407642364502e+02  +1.5961801807547211865312419831752777099609e+04  -2.0288324728354189574019983410835266113281e+04
+3.2919177452088938480301294475793838500977e+03  -2.6088787454925054589693900197744369506836e+03  +4.3556489227205129282083362340927124023438e+03
-6.8736692415397249078523600473999977111816e+02  +2.0002890148720163665529980789870023727417e+02  -1.7888891365340975880826590582728385925293e+03
-1.4107696978282390318781835958361625671387e+03  -2.0384211680410535905139113310724496841431e+02  +1.1373469127373214178078342229127883911133e+03
+8.7662302013492524110915837809443473815918e+02  -2.0037872645242491671524476259946823120117e+03  +6.0157568767087732339859940111637115478516e+03
-1.7823943809791304374812170863151550292969e+04  +2.9915982719181516586104407906532287597656e+04  +4.6513457790090669732308015227317810058594e+03
-3.7716039228654749422275926917791366577148e+03  +6.2075362924588262103497982025146484375000e+03  -1.0422048244065008475445210933685302734375e+03
-5.0776758615169874246930703520774841308594e+03  +6.9825271638861686369637027382850646972656e+03  -3.3631798795550098475359845906496047973633e+03
+3.5350079115258228057427913881838321685791e+02  -3.1572006074111472116783261299133300781250e+04  -2.3398468218621965206693857908248901367188e+04
+2.2543691540267313939693849533796310424805e+03  +4.6867328109591508109588176012039184570312e+03  +3.0819093930033700416970532387495040893555e+03
-5.1266597787903731386904837563633918762207e+02  -1.0124814974411608545779017731547355651855e+03  +1.0907014229662233617546007735654711723328e+02
+1.1810071414195418526560388272628188133240e+02  -3.4962926392985332313401158899068832397461e+03  -5.2522361875054075426305644214153289794922e+03
-1.7501388497089934048744908068329095840454e+01  -1.2754479621945078449130051012616604566574e+01  -8.7930966299691402099369952338747680187225e+00
-4.0923480618532562402833718806505203247070e+03  +1.7969996113644631350325653329491615295410e+03  +5.3889335572670233887038193643093109130859e+03
+1.2100794845047489616263192147016525268555e+03  +1.8261824652610944212938193231821060180664e+03  -1.7313604417239314443577313795685768127441e+03
-7.3269181724466443483834154903888702392578e+03  -1.5576294265933931455947458744049072265625e+04  -6.6243130424510905868373811244964599609375e+04
+4.4657544152541441917492193169891834259033e+02  +2.0525364879846879375691059976816177368164e+03  +1.2465440192630398996698204427957534790039e+03
+2.7050912594835244817659258842468261718750e+03  +3.0813975542534926717053167521953582763672e+03  -2.4345934636718284309608861804008483886719e+03
-5.0561237809738740907050669193267822265625e+03  -2.0433432685056338868889724835753440856934e+03  -9.2013152488054856803501024842262268066406e+02
+6.2026712268071187281748279929161071777344e+03  +5.6391545732085314739379100501537322998047e+03  +5.8146977846161553316051140427589416503906e+03
+2.1328557621463347459211945533752441406250e+04  +2.9611986073977001069579273462295532226562e+04  +5.3803257077284877141210017725825309753418e+02
+1.4932142427289089027908630669116973876953e+04  +2.7653397671210088446969166398048400878906e+04  +1.6082774137107877322705462574958801269531e+04
-4.3284535831033681461121886968612670898438e+04  -3.2668445073256367322755977511405944824219e+04  -2.0687576584622911468613892793655395507812e+04
-4.5902749972622450513881631195545196533203e+03  +3.6842706027496760157191602047532796859741e+01  +4.2827629829414254345465451478958129882812e+03
+7.5357752417159026663284748792648315429688e+03  +6.4508272120314904896076768636703491210938e+03  -1.6332248478067993346485309302806854248047e+04
-4.1772588012730693662888370454311370849609e+03  +2.5127905451793458269094116985797882080078e+03  +8.3805667034666203107917681336402893066406e+03
-7.4414250445925072199315764009952545166016e+03  -1.9825465591651761769753647968173027038574e+03  +5.4881206428917334960715379565954208374023e+02
+4.1796170852938794268993660807609558105469e+03  +5.8717029639918355314875952899456024169922e+03  +1.9491149524005982129892800003290176391602e+02
+3.3828780675771362439263612031936645507812e+04  +3.9895430697510913887526839971542358398438e+04  -8.9921976197758762282319366931915283203125e+04
-2.6643446734715998900355771183967590332031e+03  +3.7021323486298351781442761421203613281250e+03  +2.2318713014020909213286358863115310668945e+02
-4.5085616195417660492239519953727722167969e+03  -1.1224539682376016571652144193649291992188e+04  -1.3858907001977108848222997039556503295898e+03
-1.0015324350064734204579508514143526554108e+01  -9.1667913884475389352246565977111458778381e+00  +8.5288490614855838600760762346908450126648e+00
+2.7961886374366087693488225340843200683594e+04  -1.6602595838684752379776909947395324707031e+04  +3.2996854231199461082724155858159065246582e+02
-6.1267571062066929243883350864052772521973e+02  +8.7589985463023640477331355214118957519531e+02  +1.6688688588110096588934538885951042175293e+02
-8.1901381124842919234652072191238403320312e+03  -1.1433829912002431228756904602050781250000e+04  -1.5978185616620950895594432950019836425781e+04
+4.1560986345598351908847689628601074218750e+05  +1.7468432659883183077909052371978759765625e+05  +1.2349388727514530182816088199615478515625e+05
-8.0032040362787677167943911626935005187988e+02  +1.1836620769791675229498650878667831420898e+03  -2.6423487433133306012678076513111591339111e+02
+7.8684339015923092119919601827859878540039e+02  +2.5161311052170012203532678540796041488647e+02  -2.3062430719356757435889448970556259155273e+02
-5.5615149812400490603181424376089125871658e+00  +7.7577200849686045458497574145440012216568e+00  -1.9130918068463789172284350570407696068287e+00
-2.3909034978929284989135339856147766113281e+04  -2.4336299970257332461187615990638732910156e+04  +2.9934535132754688675049692392349243164062e+04
+5.1698254608052798175776842981576919555664e+02  +8.5324777734658243844023672863841056823730e+02  +5.7492402372385515718633541837334632873535e+02
+1.9628103744605671181489014998078346252441e+03  -5.8742922933933596141287125647068023681641e+02  -2.9469227540937772573670372366905212402344e+03
-3.5053296016012927793781273066997528076172e+02  -1.4891846734909070164576405659317970275879e+03  +3.0125449645195726589008700102567672729492e+02
+7.4156510868058751384523930028080940246582e+02  +4.8337212515183919094852171838283538818359e+03  -2.1986707189726757860626094043254852294922e+03
+1.8010890457778291420254390686750411987305e+03  -5.0848523683757648541359230875968933105469e+03  +2.0401992066357063322357134893536567687988e+03
-2.4620141680137094226665794849395751953125e+04  -2.5522249673739981517428532242774963378906e+04  +1.6948349153094750363379716873168945312500e+04
-1.1581789192954785150391217030119150876999e+01  -9.0394149914443904236804883112199604511261e+00  -1.4449348294273913761998073823633603751659e+00
-1.9688806022984897481364896520972251892090e+03  -8.3948598998693023531814105808734893798828e+02  +7.5705957910885376804799307137727737426758e+02
+1.1806975364199452371849474729970097541809e+02  -5.9207213206258472837362205609679222106934e+01  -1.1536487238288592038770730141550302505493e+02
-3.9618672523180115967988967895507812500000e+05  -1.4755610917505860561504960060119628906250e+05  -1.1698012416338217735756188631057739257812e+05
-1.8075395858006293565267696976661682128906e+04  +2.0864763498880518454825505614280700683594e+04  +6.5531151747098519990686327219009399414062e+03
+1.1217042194907184239127673208713531494141e+04  +7.1146086998172659150441177189350128173828e+03  -7.1782525783047831282601691782474517822266e+03
+3.0729508745991540763498051092028617858887e+02  +2.9412328378424678732017127913422882556915e+01  -9.2568821373805042185267666354775428771973e+02
+8.1584856838600448014631183468736708164215e+00  -1.6497760665821303405209619086235761642456e+01  +2.9330199991827377026254453085130080580711e+00
+2.2749407454937004331441130489110946655273e+03  -1.0789729938221693373634479939937591552734e+04  +3.5769920218930706141691189259290695190430e+03
+2.5933773984861653616462717764079570770264e+02  +8.9047301734206075707334093749523162841797e+02  +9.5458827690421560419054003432393074035645e+02
+7.1173969532383966907218564301729202270508e+02  -2.1088274315985654538962990045547485351562e+02  -2.4465344885430527028802316635847091674805e+03
-5.6389106912837746676814276725053787231445e+02  +1.5113871210319284728029742836952209472656e+03  -2.7766127533744739963594838627614080905914e+00
-6.3936873693041292426642030477523803710938e+04  -4.1745413023115070245694369077682495117188e+03  +6.0857248255368191166780889034271240234375e+04
-9.5795147705286785821954254060983657836914e+02  -2.0341566978806192764750448986887931823730e+03  +1.5368942413067079542088322341442108154297e+03
+6.5045083783910586134879849851131439208984e+03  -2.0099085661029799666721373796463012695312e+04  -1.2954939324370763642946258187294006347656e+04
-1.1009557558352814794488949701189994812012e+03  -6.0803884106898715344868833199143409729004e+02  -7.4806551427494514427962712943553924560547e+02
-6.9115834191529256713693030178546905517578e+02  -3.8634610612803571711992844939231872558594e+03  +5.2915057370935828657820820808410644531250e+03
+1.2613127368073630805156426504254341125488e+03  -1.0999515314935067635815357789397239685059e+03  -1.1505462668832215058500878512859344482422e+03
-7.5059958963860888616181910037994384765625e+04  +1.0606542999118284205906093120574951171875e+05  +1.0688846119023986102547496557235717773438e+05
-7.8591602681204909458756446838378906250000e+04  -1.0403369233741908101364970207214355468750e+05  -6.5916951642821422865381464362144470214844e+03
-3.5678041650355080491863191127777099609375e+04  -2.3146953009804637986235320568084716796875e+04  -2.9349223316864736261777579784393310546875e+03
+6.3073170868857550885877572000026702880859e+03  +2.6513871372686667200468946248292922973633e+03  -1.0510986446531358069478301331400871276855e+03
-8.0042794359312811138806864619255065917969e+03  +2.4469650566238860847079195082187652587891e+03  -6.3325215660136045698891393840312957763672e+03
-1.0283390066499066506366943940520286560059e+03  -7.3669165859278541574894916266202926635742e+02  -2.1345335836838347631783108226954936981201e+02
+5.5446733885710083995945751667022705078125e+04  -2.9901600192770042667689267545938491821289e+03  -1.8948275012699526996584609150886535644531e+04
+3.2360823681363126524956896901130676269531e+03  +1.1561214586699543360737152397632598876953e+03  +1.2943838231687495863297954201698303222656e+03
-6.3173581122093935391603736206889152526855e+02  -1.1654157309564425304415635764598846435547e+04  +2.2182854588620757567696273326873779296875e+03
-1.6551940381581655401532771065831184387207e+03  -2.4545903017467335160972652374766767024994e+01  +4.4690883937994209418320679105818271636963e+02
-1.5059621252784459102258551865816116333008e+03  -1.6061546622208911685447674244642257690430e+03  +1.5464571371144762679250561632215976715088e+02
+3.9992098739011444195057265460491180419922e+03  -1.1256275097293877479387447237968444824219e+04  -2.1466118119905240746447816491127014160156e+03
-9.6634554388887113418604712933301925659180e+02  -2.8032304196468453483248595148324966430664e+03  +3.3433683011360026284819468855857849121094e+03
-4.8725876155660180302220396697521209716797e+03  -4.0703833565706563604180701076984405517578e+03  +4.0303989439245633548125624656677246093750e+03
+7.2477217391555740277908626012504100799561e+01  +3.7318606988233868833049200475215911865234e+03  +7.9885243065014292369596660137176513671875e+03
+2.6884912429850601256475783884525299072266e+03  +9.3082521898394224990624934434890747070312e+03  +2.8597028551908078952692449092864990234375e+03
+1.0392094484633567844866774976253509521484e+04  +1.2965250183267820830224081873893737792969e+04  -4.4912759127742456257692538201808929443359e+03
-4.2139781637271826184587553143501281738281e+03  +4.0181910027279832320346031337976455688477e+02  -7.6964475962071389858465408906340599060059e+02
-2.0543072717989191005472093820571899414062e+04  +8.8636509398255366249941289424896240234375e+03  -1.2868624353451890783617272973060607910156e+04
+4.5603561554054266480306978337466716766357e+02  +7.8762305561982702784007415175437927246094e+02  +1.4633504900859884401143062859773635864258e+03
+5.8650404728858063663210486993193626403809e+02  -2.5581629850400777286267839372158050537109e+03  -9.8994664155268571903434349223971366882324e+02
-2.9088352521907363552600145339965820312500e+05  +1.9581468109067622572183609008789062500000e+05  +1.3607041406474786344915628433227539062500e+05
-1.6075515978087182134004251565784215927124e+01  +1.7169402700250211069032957311719655990601e+02  +3.1205820980802423036948312073945999145508e+03
-1.2034795934502615182282170280814170837402e+03  +5.1499433893566276765341171994805335998535e+02  -1.6711162080828062244108878076076507568359e+03
+3.3707139564296940079657360911369323730469e+03  -7.2400855561743082944303750991821289062500e+03  -7.3460676328485897101927548646926879882812e+03
+1.3454709242071746757574146613478660583496e+03  +3.4105914888634038106829393655061721801758e+03  +7.0642041422320994570327457040548324584961e+02
-6.8031678278723859421006636694073677062988e+02  +1.2165116635295396918081678450107574462891e+04  +6.3354954005769013747340068221092224121094e+02
+4.8104641171536795809515751898288726806641e+03  -1.6368176368781232667970471084117889404297e+04  -2.8782136295943998266011476516723632812500e+05
+2.8870244297131898747466038912534713745117e+03  -1.6074649168865717001608572900295257568359e+03  +2.6806809736734335274377372115850448608398e+03
-7.0550951067340997724386397749185562133789e+02  -7.9123489139794833135965745896100997924805e+02  +4.3835459102166523734922520816326141357422e+03
+4.5017903408334703385662578511983156204224e+01  -3.4402150429195207834709435701370239257812e+03  +6.1598099419786703947465866804122924804688e+03
+6.3799345339545498063671402633190155029297e+03  +1.2957955131273190545471152290701866149902e+03  +1.3857646665004918759223073720932006835938e+04
+1.7221787044680399958451744168996810913086e+03  -3.3587056761678773000312503427267074584961e+03  +5.5996919050706546840956434607505798339844e+03
-2.4394150342940006339631509035825729370117e+03  -3.4993888766523667754881898872554302215576e+02  -9.7857289566959389048861339688301086425781e+03
-3.2788705817892619052145164459943771362305e+03  +3.3158923919828994257841259241104125976562e+03  -2.9527421815506545499374624341726303100586e+03
-3.0693209083281772109330631792545318603516e+02  -3.4786320772804918988185818307101726531982e+02  +3.1500626642922298970006522722542285919189e+02
+3.1070146725709901147638447582721710205078e+03  -1.0099061706193847385293338447809219360352e+03  +3.1109700340124059039226267486810684204102e+03
+5.3603697552154471850371919572353363037109e+02  -7.9985647226781622975977370515465736389160e+01  -5.4998239304851074393809540197253227233887e+02
-4.6861618405421313582337461411952972412109e+02  -4.1964511638901126389100681990385055541992e+02  +1.6999479640186546021141111850738525390625e+03
-2.9707595899144565443350529676536098122597e+00  +4.1908380219957628298743657069280743598938e+01  +1.3016358717509794473699002992361783981323e+02
-2.2400319461869448787183500826358795166016e+03  -2.0356810132598077416332671418786048889160e+03  +8.1806989847209365507296752184629440307617e+02
+4.5516360785107672199956141412258148193359e+03  +1.6198916295910828466730890795588493347168e+03  -2.2392844309674846954294480383396148681641e+03
-2.1089434827398667948727961629629135131836e+03  +6.9531923334580744722188683226704597473145e+02  -7.2847198895954386443918338045477867126465e+02
+1.5784671663408914810133865103125572204590e+03  -4.2644403857670069555751979351043701171875e+04  -1.3915232980124941605026833713054656982422e+04
+2.3473459719915922505606431514024734497070e+03  -2.4600437670927667568321339786052703857422e+03  -4.0691693075048766559120849706232547760010e+02
+5.4342003826020118140149861574172973632812e+03  +1.5776075651110620583494892343878746032715e+03  -3.2845773663273484999081119894981384277344e+03
+5.3511784649522383006114978343248367309570e+02  -3.9203427538456890033558011054992675781250e+02  -2.0289784341847910127398790791630744934082e+03
+1.4116130757007144893577788025140762329102e+03  +5.7207073953986964625073596835136413574219e+03  -4.1246731662844085803953930735588073730469e+03
+9.4583061019976503303041681647300720214844e+03  -3.3799397738359512004535645246505737304688e+04  -4.3190492819629134828574024140834808349609e+03
-8.7304460324515166576020419597625732421875e+03  -1.2060586403623306978261098265647888183594e+04  -3.3515637993765885767061263322830200195312e+04
+1.0491352807836446459077706094831228256226e+02  -2.0359976680696581752272322773933410644531e+04  +2.0683072576715571813110727816820144653320e+03
-2.4434031251639144102227874100208282470703e+03  -6.4867836650434792318264953792095184326172e+03  +1.0808248700288464533514343202114105224609e+04
+1.6046703994781914843770209699869155883789e+03  -1.5417072680751073221472324803471565246582e+03  +2.0874653910556062328396365046501159667969e+03
+5.4287897877636559940128790913149714469910e+01  +6.3160029376397233136231079697608947753906e+02  +1.9905812559488916235750366467982530593872e+02
-5.8454652058267981828976189717650413513184e+02  -2.8830939973744187909687752835452556610107e+02  +1.3078204019458858056168537586927413940430e+03
-8.7842311037882984692259924486279487609863e+02  -4.5316097326706421881681308150291442871094e+03  +3.6526464319405990863742772489786148071289e+03
+4.5189652319694973994046449661254882812500e+05  +3.6236092652139096753671765327453613281250e+05  +3.4611362775581172900274395942687988281250e+05
-1.6884311798206056209892267361283302307129e+03  +1.9755455386425999222410609945654869079590e+03  -3.3352622714466406250721774995326995849609e+03
-2.3501065215661117690615355968475341796875e+04  -3.3684978856376103067304939031600952148438e+04  -2.5823934115338386163784889504313468933105e+02
+4.1603583976245809026295319199562072753906e+03  +1.5052354373776373904547654092311859130859e+04  -5.9651699603903853130759671330451965332031e+02
-2.7516825742768747886657365597784519195557e+02  +2.1730891474941765295625373255461454391479e+02  -6.7761558007170933137786050792783498764038e+01
+3.1654861382485419198928866535425186157227e+03  +2.8029522239009344275473267771303653717041e+02  +8.2617428623768464603926986455917358398438e+03
+8.9914246934958500787615776062011718750000e+03  -1.1630927786463571464992128312587738037109e+03  +3.6193868943174275045748800039291381835938e+03
+3.4010130121132374370063189417123794555664e+03  -4.0482955965816968273429665714502334594727e+03  -6.9754161677265824437199626117944717407227e+02
+4.9373142186978548124898225069046020507812e+03  -3.9361197999201763195742387324571609497070e+03  -1.1363418141336342159775085747241973876953e+03
-1.7937902448220149835833581164479255676270e+03  +4.2344792990543428459204733371734619140625e+03  +1.4487421483425098358566174283623695373535e+03
-1.4751282712592121242778375744819641113281e+04  +8.0021715035086681382381357252597808837891e+03  -1.0322661585203089998685754835605621337891e+04
+4.7239893516413372708484530448913574218750e+04  +1.2356684627855601138435304164886474609375e+05  -1.0282700119432361680082976818084716796875e+05
+8.3016247881822629040016181534156203269958e+00  +8.9921373656213734193443087860941886901855e+02  +8.6157802511346744722686707973480224609375e+02
+2.9295034603271511741695576347410678863525e+02  -7.4839861078631702184793539345264434814453e+02  +1.4353578071112303859990788623690605163574e+03
+8.7989943616974760516313835978507995605469e+03  -1.6688444774673289430211298167705535888672e+03  -1.2487057844360648232395760715007781982422e+04
-4.9775969779400238621747121214866638183594e+03  -2.7337007962072943882958497852087020874023e+03  -3.6746812232384745584568008780479431152344e+03
-6.1019769010002846698625944554805755615234e+02  +9.6001052510551028262852923944592475891113e+02  +2.5188067575780078186653554439544677734375e+03
-3.3571575604880536047858186066150665283203e+03  -1.9671053918052524522863677702844142913818e+02  +1.7583765345249162237450946122407913208008e+03
+1.3664554284863234497606754302978515625000e+06  -3.0391394005717942491173744201660156250000e+05  +5.1495550276496441802009940147399902343750e+05
+3.2002850037849509590159868821501731872559e+02  +3.1996708332074626923713367432355880737305e+02  -4.3242241067142839483494753949344158172607e+02
+2.3198951438900781795382499694824218750000e+04  -1.3101749268310992192709818482398986816406e+04  +1.9689703260268785811604175250977277755737e+02
+3.0222823501317211594141554087400436401367e+03  -2.7310217807553617603844031691551208496094e+03  -1.5426085943030968792299972847104072570801e+03
+1.5808113934447681003803154453635215759277e+03  -3.2449888727745945971037144772708415985107e+02  -4.6511091831768271731561981141567230224609e+03
-2.4679174851727464556461200118064880371094e+04  -4.3074843733935871568974107503890991210938e+04  -2.8156540758500805168296210467815399169922e+03
+6.1399645115213243116158992052078247070312e+03  -4.5940736808933797874487936496734619140625e+03  -1.7432100300659603817621245980262756347656e+03
-8.2749059510816659894771873950958251953125e+03  -8.8870238421788371852017007768154144287109e+02  +4.8344277218003981033689342439174652099609e+03
+8.9512892480900816735811531543731689453125e+04  -1.0082883651096867106389254331588745117188e+05  +6.5259880262349790427833795547485351562500e+04
+5.9794784558142043806583387777209281921387e+02  +1.0786238172538041624193283496424555778503e+02  -2.1570763067260102729960635770112276077271e+02
+9.8358965010893072644648782443255186080933e+01  +7.2741259598044211998058017343282699584961e+02  -3.2651097488056274187329108826816082000732e+02
-1.6465958290796995697746751829981803894043e+03  -8.2571547023568564327433705329895019531250e+02  -2.3633084485558588312414940446615219116211e+03
+3.2512902941892457420181017369031906127930e+03  +3.5631120778339891330688260495662689208984e+03  +1.7527039696121858014521421864628791809082e+03
+9.6589282896791689836391014978289604187012e+02  -3.3566398177087039584876038134098052978516e+03  -9.4888422485738356044748798012733459472656e+03
-4.1934891290540218733440269716084003448486e+02  -3.4871491634117336388953845016658306121826e+02  +3.1850004225160569149011280387639999389648e+02
+2.4794368368892442049400415271520614624023e+03  +1.0721091335690371124655939638614654541016e+04  +1.8783866775238097943656612187623977661133e+03
+2.7344344590376738324266625568270683288574e+02  +3.0072329346194372590161947300657629966736e+01  -3.2188991568596077286201762035489082336426e+02
+5.3097531976005562626141909277066588401794e+01  +7.2386528228886284352938673691824078559875e+00  -1.0367124069857005963513074675574898719788e+01
-5.6336607786182867130264639854431152343750e+02  -3.6282304522097854260209714993834495544434e+02  -6.1849693422349992033559828996658325195312e+02
-4.7538926506562870599736925214529037475586e+02  -7.7504575361909228377044200897216796875000e+03  +4.4401628797449329795199446380138397216797e+03
-2.9485243537185242530540563166141510009766e+03  -4.7840614087077022986704832874238491058350e+02  -1.4782204600307468354003503918647766113281e+03
+2.0998046463933269478729926049709320068359e+03  -3.6149792629201733689114917069673538208008e+03  +1.2639866960518597807094920426607131958008e+03
+6.5417031401549434121989179402589797973633e+02  -2.1929609637058360931405331939458847045898e+03  +5.0386579313018529546752688474953174591064e+02
+2.7016018613539828220382332801818847656250e+05  +1.4636557720170335960574448108673095703125e+05  -1.5878765053682604047935456037521362304688e+04
-1.6560365786531167486828053370118141174316e+03  +9.3476928670736185722489608451724052429199e+01  -2.6016399355908852157881483435630798339844e+03
+2.7372487628255803429055958986282348632812e+03  +7.5001692003543503233231604099273681640625e+03  -6.9326660846817239871597848832607269287109e+03
+7.0365690809147736217710189521312713623047e+02  +1.0377616320166941932257032021880149841309e+03  -3.3766410865443185684853233397006988525391e+03
-6.6302020476645675444160588085651397705078e+03  -4.9813655052700332817039452493190765380859e+03  +1.7171065813774450361961498856544494628906e+04
+3.4165159965125953931419644504785537719727e+03  -2.0796832298217236711934674531221389770508e+03  -7.2015476703435488161630928516387939453125e+03
-5.0178300597396308546649379422888159751892e+01  +9.7047160839546108945796731859445571899414e+01  -1.2558883161799251411139266565442085266113e+03
+4.0146418944994975390727631747722625732422e+03  +1.9472540805254968745430232957005500793457e+03  -8.1028823110982357320608571171760559082031e+03
-6.1382588854735683980834437534213066101074e+02  +1.0933163893199791345978155732154846191406e+04  -4.3588868246550191543065011501312255859375e+03
+2.0291044507832793897250667214393615722656e+02  +7.6158557261341019994915768620558083057404e+00  +6.3947487503680167719721794128417968750000e+02
+4.0037492789519892539829015731811523437500e+03  +6.6051304662497932440601289272308349609375e+04  +4.3286216817540895135607570409774780273438e+04
+7.3197527324776292516617104411125183105469e+03  +2.3594822121743395655357744544744491577148e+03  -3.9682143396864652459044009447097778320312e+04
-4.8676213007494719931855797767639160156250e+04  +1.5693792880010261796996928751468658447266e+04  +5.2130863176217404543422162532806396484375e+04
+1.7390377721927874517859891057014465332031e+04  +2.6228157250451105937827378511428833007812e+04  +3.3058219244628555316012352705001831054688e+04
+3.0460023864480604061100166290998458862305e+03  -1.5069254918288679618854075670242309570312e+04  -1.5223734117904452432412654161453247070312e+04
-1.0316404078526463763409992679953575134277e+03  -1.5207054442419625956972595304250717163086e+03  +1.5145169185233964981307508423924446105957e+03
+5.3866757792448588588740676641464233398438e+03  -2.1089958797652599287175689823925495147705e+02  +1.9323147621404200435790698975324630737305e+03
+1.1596345997717360205570003017783164978027e+03  -2.2404566233075165655463933944702148437500e+03  -2.1072227672347025873023085296154022216797e+03
-2.2409916495771135487302672117948532104492e+03  +6.7104518662850102828087983652949333190918e+02  -2.6585397774675748223671689629554748535156e+03
-1.8615610594108504756150068715214729309082e+03  -5.5619373338278801384149119257926940917969e+03  +3.8672829563055661310499999672174453735352e+03
-4.7488070643543815094744786620140075683594e+03  -1.6389197269393707756535150110721588134766e+02  -2.6790889190311154379742220044136047363281e+03
+1.1106341486024305140745127573609352111816e+03  +3.4765890774267236338346265256404876708984e+03  +4.6397194984539061124451109208166599273682e+02
+1.9138640606789870162174338474869728088379e+03  +1.3946520867084186647844035178422927856445e+03  -2.2273992533880896189657505601644515991211e+03
+6.7432871949281934575992636382579803466797e+03  -1.4473418223966316418227506801486015319824e+03  -1.7797758768439598497934639453887939453125e+03
-6.5209903606570651390939019620418548583984e+03  +1.3162087287466960333404131233692169189453e+04  +6.2209762608173759872443042695522308349609e+03
-5.7735053023279067474504699930548667907715e+02  +4.0742401600652431170601630583405494689941e+02  -2.1941596826396853430196642875671386718750e+03
+4.9719596739602420711889863014221191406250e+03  +1.2390459935907143517397344112396240234375e+04  -1.1687967228224440987105481326580047607422e+04
-9.5544279049528806353919208049774169921875e+04  +1.0901269921447102387901395559310913085938e+05  +1.7108174779014865634962916374206542968750e+05
-6.1005547657206816438701935112476348876953e+03  -2.8582727371852861324441619217395782470703e+03  +7.1826329381285158888204023241996765136719e+03
+1.0110903030977598973549902439117431640625e+05  -7.0552941516015664092265069484710693359375e+04  -1.9325945299188086210051551461219787597656e+04
-3.5258643891878587055543903261423110961914e+03  -8.1250739226554624110576696693897247314453e+03  +4.3900213670414677835651673376560211181641e+03
-2.1231743588522353093139827251434326171875e+04  -3.5836888764180403086356818675994873046875e+03  +3.2021194305364017054671421647071838378906e+04
-1.9173440781831423009862191975116729736328e+03  +6.2681422741055666847387328743934631347656e+02  -1.0868836912801310973009094595909118652344e+04
-5.5396517521976085845381021499633789062500e+05  -1.8051783137034417450195178389549255371094e+04  -1.4616816498085143975913524627685546875000e+06
-1.6922755887368552976113278418779373168945e+03  -5.6124221161829118500463664531707763671875e+03  -4.5783479369304595820722170174121856689453e+03
+1.1483120239317605637552333064377307891846e+02  +9.6252086055880056392197730019688606262207e+01  +4.2619658970072066495049512013792991638184e+02
-8.7361305185858566346723819151520729064941e+02  +6.0796911728694494740921072661876678466797e+03  -8.3918162738996727512130746617913246154785e+02
-9.3447866522296080802334472537040710449219e+03  -2.7175395227143303600314538925886154174805e+03  +3.9258261885675096891645807772874832153320e+03
+7.1547440175310805443587014451622962951660e+02  -2.7385831824651413626270368695259094238281e+03  +2.1937028418514819350093603134155273437500e+03
-7.4879306399752749712206423282623291015625e+03  +3.0011195834313963132444769144058227539062e+04  +1.5380265373973245004890486598014831542969e+04
+4.6794790775510664389003068208694458007812e+03  -5.4564492603977369071799330413341522216797e+03  -1.1114796070808979493449442088603973388672e+04
+1.0847539098911088331078644841909408569336e+03  +3.7735291671117724945361260324716567993164e+03  +3.6722192590373981602169806137681007385254e+02
+7.0792728136217137944186106324195861816406e+03  -3.4942120588204183150082826614379882812500e+04  -6.9681787929896563582587987184524536132812e+03
-9.9971213619980369458062341436743736267090e+02  -4.1495566296892991431377595290541648864746e+02  -6.5558784319069045523065142333507537841797e+03
-1.0511376544755725262803025543689727783203e+04  -1.6347485003821384452749043703079223632812e+04  -5.7613135720995869633043184876441955566406e+03
+2.4140024973100530587544199079275131225586e+03  -2.3379510967299347612424753606319427490234e+03  +1.4195296268918928035418502986431121826172e+03
+7.7066817374731572272139601409435272216797e+03  -1.2011747408542223638505674898624420166016e+04  -5.8016166034411962755257263779640197753906e+03
+2.7180772763550007375954464805545285344124e+00  -1.8387410811132440358051098883152008056641e+01  +2.7467207947133061018973876343807205557823e+00
+1.6029513690442149709269870072603225708008e+02  +2.2015289461935910253487236332148313522339e+02  +1.1199520763968192227366671431809663772583e+02
-1.0544481353908090568438638001680374145508e+03  -3.7622622139419204359001014381647109985352e+03  -3.0442362815180285906535573303699493408203e+03
-9.5219101819355307725345483049750328063965e+02  +5.7151376072244681836309609934687614440918e+02  +1.8137946993055181792442454025149345397949e+03
+1.3625797358279362015309743583202362060547e+04  +8.8793067446266159095102921128273010253906e+03  +5.6010129037533706650719977915287017822266e+03
+6.1530274167950335595378419384360313415527e+02  -1.9921621862480087656877003610134124755859e+03  +9.4093854802305213524959981441497802734375e+02
+1.1790374860742758755804970860481262207031e+03  -5.0112649236431121835266822017729282379150e+02  -2.6415590347713941810070537030696868896484e+03
-5.1859574979646031351876445114612579345703e+03  -5.5998754926750443701166659593582153320312e+03  +2.3786041272646198194706812500953674316406e+04
+4.1216217083846476043618167750537395477295e+02  +1.9967169672432253264560131356120109558105e+03  +3.7804939352657864759521544328890740871429e+00
+2.8073962766945758630754426121711730957031e+04  +1.2283158564776691491715610027313232421875e+04  -9.8454814104516788120236014947295188903809e+02
-8.6221709016411878110375255346298217773438e+03  +1.5060680033748836649465374648571014404297e+04  +4.1727007073925608438003109768033027648926e+02
-4.3530317539080906499293632805347442626953e+03  +2.8048111242081711679929867386817932128906e+04  -4.4476902951138326898217201232910156250000e+03
-7.9803293571674601025733863934874534606934e+02  +2.3769864488023818012152332812547683715820e+03  -1.0820857333813407876732526347041130065918e+03
+9.3160321284391852714179549366235733032227e+02  -3.4568225506180879165185615420341491699219e+03  -1.7837830043600515637081116437911987304688e+03
+1.7214013885962592098621826153248548507690e+02  +1.1401044202271920369184954324737191200256e+02  -1.5905033447731460327645436336752027273178e+01
-4.0103787091808458171726670116186141967773e+03  -1.0190303310839194637082982808351516723633e+03  -4.9751814127852067031199112534523010253906e+03
+2.2943554422902620899549219757318496704102e+03  -9.0099866780420495615544496104121208190918e+02  +3.0075427728678005223628133535385131835938e+02
-4.8019956624830792861757799983024597167969e+03  +4.1281389327639641351197496987879276275635e+02  +7.2045652953131980211765039712190628051758e+02
+8.2417530062648916100442875176668167114258e+02  +2.5058506721961143739463295787572860717773e+03  +1.1026659829076818368776002898812294006348e+03
-8.6256203881786350393667817115783691406250e+04  -5.0702741749151056865230202674865722656250e+04  +5.4353831559185171499848365783691406250000e+04
+1.0910080336024857388110831379890441894531e+03  -2.6265069437983388525026384741067886352539e+03  -5.7541555644830475557682802900671958923340e+02
-6.9191607543776217426056973636150360107422e+03  +4.2261655652089257273473776876926422119141e+03  +1.8385334927460589824477210640907287597656e+04
-2.2582936990674820663116406649351119995117e+03  +7.7601778381334085565868008416146039962769e+00  +5.4353596666170124080963432788848876953125e+03
+2.2170778980363496657446376048028469085693e+02  -3.8338592249463158623257186263799667358398e+03  +8.7718890718778020527679473161697387695312e+03
-1.0429900947796782929799519479274749755859e+04  -1.8916885014729479735251516103744506835938e+04  +7.1993943050364914597594179213047027587891e+03
-6.6099406126145659072790294885635375976562e+03  +5.8928338886088968138210475444793701171875e+03  +1.9064970773946395638631656765937805175781e+04
+6.2025657505175377082196064293384552001953e+03  -7.3967319281094414691324345767498016357422e+03  -1.4070683165500993709429167211055755615234e+04
-9.9365533336125063215149566531181335449219e+03  +5.1658043959681899650604464113712310791016e+03  -1.2812761170930191383376950398087501525879e+03
+1.5292059104270133502723183482885360717773e+03  -5.6273742750897986297786701470613479614258e+02  -5.8244978014877165151119697839021682739258e+02
-7.2304183190957519400399178266525268554688e+03  -4.0690802265950156879625865258276462554932e+02  -3.3758800987338217964861541986465454101562e+03
+5.4541335103345863899448886513710021972656e+03  -2.3879711513193087739637121558189392089844e+03  -5.8859527532932770554907619953155517578125e+03
+5.4813971297826676163822412490844726562500e+04  -5.6306401357897839261568151414394378662109e+03  -2.8387233861080047063296660780906677246094e+04
+2.7492841290183641831390559673309326171875e+03  +4.5479103434206435849773697555065155029297e+03  -1.8336483161961873520340304821729660034180e+03
+8.1433746651917886083538178354501724243164e+02  -4.4215162880615562244202010333538055419922e+03  -1.2650562861832272574247326701879501342773e+03
+3.3383853732615693843399640172719955444336e+03  +5.4046565578740029422988300211727619171143e+01  -7.7726027117827534311800263822078704833984e+03
-1.2790476202525005646748468279838562011719e+04  +2.4388984574017347767949104309082031250000e+04  -4.0275614194155074073933064937591552734375e+04
+1.4996956270147894974797964096069335937500e+05  -2.4551745667882333509624004364013671875000e+05  +5.6045052469075926637742668390274047851562e+04
+4.8011397978940594839514233171939849853516e+03  -4.1904333204602846763009438291192054748535e+02  +2.1509052316575739496329333633184432983398e+03
-5.2289609117717941444425377994775772094727e+02  +2.2825168330776618859090376645326614379883e+03  -4.4937370554173485288629308342933654785156e+03
+1.8864595125183329855644842609763145446777e+03  -3.2759003393816624338796827942132949829102e+03  -1.9163846277067500523116905242204666137695e+03
+5.0987437996460033673429279588162899017334e+02  -3.0596024026309682994906324893236160278320e+03  -1.8928614694241382494510617107152938842773e+03
-8.1166489224942336022650124505162239074707e+02  +1.6513802865688455767667619511485099792480e+03  +3.1507485012559664028231054544448852539062e+03
+2.2830650191402827431375044398009777069092e+02  +3.7995308385115293958733673207461833953857e+02  +4.5957200266365100560506107285618782043457e+02
+7.3561328293730603036237880587577819824219e+03  +1.1990542768391130721283843740820884704590e+03  -2.3709499214941033642389811575412750244141e+03
+6.1858236177327044060803018510341644287109e+03  +3.2325266627189498649386223405599594116211e+03  -3.7419551019106989997453638352453708648682e+02
-4.0962138809573871185421012341976165771484e+03  -1.5521803824351588900753995403647422790527e+03  +5.5428843507782921733451075851917266845703e+03
-2.9230095703526476427214220166206359863281e+04  -2.9954412345799762988463044166564941406250e+04  -3.0184180217253790033282712101936340332031e+04
+1.5116595818159805276081897318363189697266e+04  -9.2753119023367798945400863885879516601562e+03  +8.7815052161265284667024388909339904785156e+03
-1.9032193216817393022211035713553428649902e+02  +1.9315114294807091255279374308884143829346e+02  +1.4301968496327649518207181245088577270508e+03
-4.0867051768186743174737785011529922485352e+03  +1.8985604425415426703693810850381851196289e+03  -1.0689058054068731507868506014347076416016e+04
-4.1839075471826217835769057273864746093750e+03  +1.4094939854267863665882032364606857299805e+03  +1.9494889729820743013988249003887176513672e+03
-1.5733088979825020032876636832952499389648e+03  +3.1235900689701852570578921586275100708008e+03  -1.9451803804110215878608869388699531555176e+03
-4.5046750723180894055985845625400543212891e+03  -8.2619275371143321535782888531684875488281e+03  -7.3150537979627151798922568559646606445312e+03
-8.7033123185285458021098747849464416503906e+03  +5.4368285673218167630693642422556877136230e+02  -5.4514969702134555973316309973597526550293e+02
-3.9403639424001011093423585407435894012451e+02  -2.9001920641791589332569856196641921997070e+03  +2.9186679704185708033037371933460235595703e+03
+1.1957353382532824070949573069810867309570e+02  -4.0985274144360539594345027580857276916504e+02  -5.2512488801599886301119113340973854064941e+02
+1.8754786059978300727379973977804183959961e+02  +3.5813870514530044601997360587120056152344e+03  -3.1010065449673097646154928952455520629883e+03
+2.4210992279963781115270649024751037359238e+00  +1.0691399223155171682719810632988810539246e+02  -2.4295139988088180871272925287485122680664e+01
+1.8892976235394925765831430908292531967163e+01  +5.7807714259257714228823488156194798648357e-01  -5.8048357248234836447409179527312517166138e+01
-1.6540775479284702669247053563594818115234e+03  -3.3232834519994898982986342161893844604492e+03  +2.4205021446744358399882912635803222656250e+03
+4.3169203503814069335930980741977691650391e+03  -1.1823938404528662431403063237667083740234e+03  -4.9250743885828469501575455069541931152344e+03
+2.8608636987807817604334559291601181030273e+03  +4.5421420422726264121138228802010416984558e+01  -3.8980067264670105942059308290481567382812e+03
+5.8996970076406259977375157177448272705078e+03  -2.0723802596344330595456995069980621337891e+03  -1.5088674959375579419429413974285125732422e+04
-4.4089921418817240805765322875231504440308e+01  +4.5745232683669961204486753558740019798279e+01  -1.2671428138339566160652793769259005784988e+01
+8.5979602447906631823570933192968368530273e+02  +3.1397661128227100562071427702903747558594e+03  -2.1061772494699553135433234274387359619141e+03
+3.6744338614635689737042412161827087402344e+03  -1.9467391794963384654693072661757469177246e+03  +1.2266964124787316450237995013594627380371e+03
+1.2753065554391148907598108053207397460938e+04  -3.5699826349112690877518616616725921630859e+03  +5.0785609432692389475505478912964463233948e+01
-1.1077704440945177339017391204833984375000e+05  -6.3456322891972388606518507003784179687500e+05  +1.7422714145392010686919093132019042968750e+05
-8.4533691672837142050411785021424293518066e+02  +2.1987571181963838171213865280151367187500e+04  +1.0156317028557594312587752938270568847656e+04
+2.8886300907828149320266675204038619995117e+02  +6.6573828107573058332491200417280197143555e+02  +1.1148315500484764015709515661001205444336e+03
+6.7592120097398019424872472882270812988281e+03  -5.2663843274004575505387037992477416992188e+03  +6.8071234456487973147886805236339569091797e+03
+4.3518586334060330500506097450852394104004e+02  -3.2083931501424590351234655827283859252930e+03  +2.5240616805761092109605669975280761718750e+03
+1.3230034218365048218402080237865447998047e+04  -1.4543819020451879623578861355781555175781e+04  -1.0801769617433623352553695440292358398438e+04
-4.3998199268119107000529766082763671875000e+05  -3.8035395682015520287677645683288574218750e+05  -3.4119448918080085422843694686889648437500e+05
+5.6727016693838141492278737132437527179718e+00  -3.4350553948425812222922104410827159881592e+02  -4.2042336265747362631373107433319091796875e+03
-5.6616488032267952803522348403930664062500e+03  -1.4900749077219243190484121441841125488281e+03  +6.3209428497049848374444991350173950195312e+03
-1.2786392197512028360506519675254821777344e+04  -1.1577695822598485392518341541290283203125e+04  +1.1829368371300042781513184309005737304688e+03
-9.8537671346804254426388069987297058105469e+03  +1.1056563706585822728811763226985931396484e+04  +1.3259956101329598823213018476963043212891e+04
-2.4613766214113861678924877196550369262695e+03  -1.6885765857812916692637372761964797973633e+03  -3.5871707316939307474967790767550468444824e+02
-2.7041588755493444296007510274648666381836e+02  +1.4565464766835336263284261804074048995972e+02  +9.8897500267234690340956149157136678695679e+01
+8.9723157806590825202874839305877685546875e+03  -1.8225082534950365698023233562707901000977e+03  +6.8139568867668313032481819391250610351562e+03
+5.8094553006115520474850200116634368896484e+03  +2.5585882599657884384214412420988082885742e+02  +9.8694912010355528764193877577781677246094e+03
+1.8744707759550354353450529742985963821411e+02  -1.3064585686327336588874459266662597656250e+02  -2.3271006596959995249562780372798442840576e+02
-2.1025525318229691038141027092933654785156e+04  +1.3082935314616628602379932999610900878906e+04  +1.6656255581943150900769978761672973632812e+04
-8.6045629731992153210740070790052413940430e+02  -1.3465226805444586943849571980535984039307e+02  +1.5220061332120901624875841662287712097168e+03
+1.2261076172965802470571361482143402099609e+04  -1.2197544188194933667546138167381286621094e+04  -9.8074547928932461218209937214851379394531e+03
+6.4819943559167095372686162590980529785156e+03  -3.3456993829092964006122201681137084960938e+04  +1.2369836443425285324337892234325408935547e+04
+5.3097524194615667511243373155593872070312e+04  -2.2066658630027534672990441322326660156250e+05  +3.9216257237471509142778813838958740234375e+03
+2.2763038175849596882471814751625061035156e+03  -2.4610154748551471129758283495903015136719e+04  -1.4098515626547643478261306881904602050781e+04
-1.2174831226361223457388405222445726394653e+02  -3.1507050034219679446323425509035587310791e+02  -9.4750325339863351814528868999332189559937e+01
+1.2467328259106398036237806081771850585938e+03  -5.2605666621832961027394048869609832763672e+02  -3.6540045072129637446778360754251480102539e+03
+1.0093110048494610282432404346764087677002e+03  -3.6732851846667153949965722858905792236328e+03  +1.3397457838523780537798302248120307922363e+03
+3.2313087944510442639511893503367900848389e+02  -2.1836376555416300107026472687721252441406e+03  +1.3123766213627044635359197854995727539062e+04
+1.0339381737638228514697402715682983398438e+04  +2.6723528321106628027337137609720230102539e+03  +1.7669501016228132357355207204818725585938e+04
-3.0789330779487895597412716597318649291992e+03  +6.5465683619723504307330586016178131103516e+03  +5.8337777435903899458935484290122985839844e+03
+5.4722876176223617221694439649581909179688e+03  -3.2823406474822600102925207465887069702148e+03  +5.9502634651776384089316707104444503784180e+02
+1.2899106644678010979987448081374168395996e+03  +8.4223651965863746227114461362361907958984e+02  +1.4484624836977175164065556600689888000488e+03
+3.3869774828489091305527836084365844726562e+04  +9.5060554550838321574701694771647453308105e+02  -2.2721190598666475125355646014213562011719e+04
-7.6808846311783299825037829577922821044922e+03  -2.2862991125157664100697729736566543579102e+03  +8.1074081246499645203584805130958557128906e+02
+1.3590466669102128435042686760425567626953e+04  -7.7996155360886559719801880419254302978516e+03  +7.0874257198603318101959303021430969238281e+03
-6.4114082007181559674791060388088226318359e+02  +5.0075803374864271972910501062870025634766e+03  +6.1047347345445050450507551431655883789062e+03
+7.8929018454619580325015704147517681121826e+01  -3.9618331930836739047663286328315734863281e+03  -2.3226696446335113250825088471174240112305e+03
+7.4965573412116564213647507131099700927734e+03  -5.0417862412759095604997128248214721679688e+03  -4.3939368460136444127783761359751224517822e+02
+3.4746941780478780856356024742126464843750e+04  +1.1761658753725994756678119301795959472656e+04  +1.4678220207945392758119851350784301757812e+04
-1.4370259863234216481941984966397285461426e+03  +3.3914936936084400258550886064767837524414e+03  +1.2209432862921796640875982120633125305176e+03
-2.9201749618156036376603879034519195556641e+03  -4.2022071582875059903017245233058929443359e+03  -5.2448893127873998309951275587081909179688e+03
-4.1188566307487035373924300074577331542969e+03  -8.3603170900542972958646714687347412109375e+03  +1.3732271022176011683768592774868011474609e+04
-1.5961112456833702708536293357610702514648e+03  -4.1588413602134914981434121727943420410156e+03  -2.3169284482176658457319717854261398315430e+03
+4.7770561613249046786222606897354125976562e+03  -5.9429396680926884073414839804172515869141e+03  -4.5470952641979956752038560807704925537109e+03
+1.2830103483785273965622764080762863159180e+03  +2.7206608277944155815930571407079696655273e+02  -2.7567279846587980500771664083003997802734e+03
-6.1377282142635640411754138767719268798828e+03  +1.1764466636229881260078400373458862304688e+04  -2.2077936372828939965984318405389785766602e+03
+1.8774611101356720155308721587061882019043e+03  +1.7505028009394955006428062915802001953125e+03  -2.4079271427305379802419338375329971313477e+03
-3.9617585077447436958664184203371405601501e+01  -2.1741973348860156534101406577974557876587e+02  +4.1915263625242732814513146877288818359375e+02
+4.3372403487804558608331717550754547119141e+03  -5.7922137461592074032523669302463531494141e+03  -2.0504224405784043483436107635498046875000e+03
-1.0750092343352716125082224607467651367188e+05  +6.2975800219352284329943358898162841796875e+04  +1.4767440647141668250696966424584388732910e+03
-9.0122791965035446537513053044676780700684e+01  -2.2024893492946885089622810482978820800781e+03  -2.3726962322373283313936553895473480224609e+03
+8.7410562942535921138187404721975326538086e+02  +9.3340753533970510034123435616493225097656e+03  +4.1348651815189305125386454164981842041016e+03
-8.6019858849752799869747832417488098144531e+03  -4.4368857563481396937277168035507202148438e+03  +5.9645081579801478710578521713614463806152e+02
-2.4367297535771654111158568412065505981445e+03  -3.4603836836162327017518691718578338623047e+03  -7.3309332204296797499409876763820648193359e+03
+1.8559690744027719233599782455712556838989e+02  +6.5494421765745581069495528936386108398438e+04  -2.2715211439338083437178283929824829101562e+04
-5.7779367198056097549851983785629272460938e+03  +9.3835880801755592983681708574295043945312e+02  +1.9724603988171343189605977386236190795898e+03
-3.1579599731802936730673536658287048339844e+03  -7.1766064447275891780009260401129722595215e+02  +2.6061385176212911574111785739660263061523e+03
-2.9691766495653649826635955832898616790771e+02  -5.0252083594941143473988631740212440490723e+02  +1.9287996099456754564016591757535934448242e+03
+7.5240096282189406338147819042205810546875e+03  -9.1519833188617139967391267418861389160156e+03  +7.6756066038535436746315099298954010009766e+02
-1.9575568194631773621949832886457443237305e+02  +1.0606933032075880873890127986669540405273e+03  +2.3546289007921282632196380291134119033813e+02
-4.8210931153883220758871175348758697509766e+03  +4.7666406219054160828818567097187042236328e+03  -4.8362249970421871694270521402359008789062e+03
-5.4432658090536288000294007360935211181641e+03  -1.5597820691540491679916158318519592285156e+03  -1.1862186542769528386997990310192108154297e+04
-2.2437453291429187629546504467725753784180e+03  +1.0439775083006934437435120344161987304688e+03  -1.2973830836381116569100413471460342407227e+03
+2.7885607117282401304692029953002929687500e+04  +2.5934373037520825164392590522766113281250e+04  +1.9125638127099657140206545591354370117188e+04
+3.6902275253748412069398909807205200195312e+04  +2.8618085039702138601569458842277526855469e+04  -1.8796551162077525077620521187782287597656e+04
-8.9599201413464993493107613176107406616211e+02  +1.1042307382953103100931002700235694646835e+01  +4.7466454470964799838839098811149597167969e+02
+1.0516039952730684308335185050964355468750e+05  +8.2122886425157357007265090942382812500000e+05  -5.2675799076909094583243131637573242187500e+05
+4.3431199713346704811556264758110046386719e+03  +2.4316544566527404640510212630033493041992e+03  +1.3416781703370752438786439597606658935547e+04
-6.4426661459197612202842719852924346923828e+02  +1.3342515329154548453516326844692230224609e+02  -3.5222613258789374413026962429285049438477e+02
-1.2277400061085227207513526082038879394531e+03  +1.0470415911364909788971999660134315490723e+03  -2.5763769012133216165238991379737854003906e+03
-6.1538143146525135307456366717815399169922e+03  +2.5942921308582485835358966141939163208008e+03  -2.9882177815072118391981348395347595214844e+03
+5.3464035086735930235590785741806030273438e+02  -2.8781432519084387422481086105108261108398e+03  -2.3846301902363329645595513284206390380859e+03
-6.1051898591295105234166840091347694396973e+02  +1.8224415946855751258226518984884023666382e+02  -4.2869317389913743454599170945584774017334e+02
-2.8654908531438304635230451822280883789062e+03  -5.8343512255610939973848871886730194091797e+03  -1.2178040482227152097038924694061279296875e+03
+5.1959719968072931806091219186782836914062e+02  -4.7426311217353713800548575818538665771484e+02  +7.5249084595657279805891448631882667541504e+02
-3.2008708808544206476653926074504852294922e+03  -6.0768860484544475184520706534385681152344e+03  -5.7546170203215773142346733948215842247009e+01
-9.6089463358306511508999392390251159667969e+02  +8.4237834147219382430193945765495300292969e+03  +4.2814522851876072309096343815326690673828e+03
-9.6875554421284195996122434735298156738281e+03  +3.3301514208076196155161596834659576416016e+03  +4.8445966282410066924057900905609130859375e+04
+1.0249080553250169032253324985504150390625e+04  -4.5620734306349244434386491775512695312500e+04  +2.8184254441754444997059181332588195800781e+04
+3.5514477423101297972607426345348358154297e+03  +3.7467868403189327182190027087926864624023e+03  -1.2973713766098423860739785595797002315521e+01
-3.0120543607970203083823435008525848388672e+03  -4.3121605770860305710812099277973175048828e+03  +1.0401634049446454355347668752074241638184e+03
-4.5107742872710127812752034515142440795898e+02  -2.1905896073759136015723925083875656127930e+03  +1.2268495719569816628791159018874168395996e+03
+2.3157532522061637791921384632587432861328e+03  -3.5054026356667650361487176269292831420898e+03  +2.8982954785192004010241362266242504119873e+02
+3.8333944011880805646796943619847297668457e+02  -1.0440316182765304802160244435071945190430e+03  +1.3982818508224520428484538570046424865723e+03
+2.9663178817059356333629693835973739624023e+03  -1.9040672468453324199799681082367897033691e+03  +9.6378128382899456028098938986659049987793e+02
-9.1946682725354733634048898238688707351685e+01  +7.6507832704179410399092375882901251316071e+00  -1.1814335032744128284321050159633159637451e+02
+1.9998066214158592629246413707733154296875e+05  -1.0713513928664183185901492834091186523438e+05  -3.3050487106843502260744571685791015625000e+05
-1.3792961853137169964611530303955078125000e+06  +3.0008345066459826193749904632568359375000e+05  -5.3225019175246753729879856109619140625000e+05
+1.8258240055435591784771531820297241210938e+04  -1.6479809583799971733242273330688476562500e+04  +2.1989367901963003532728180289268493652344e+04
+3.3620999015714232882601208984851837158203e+03  -1.8832235244869038979231845587491989135742e+03  -4.7700718708876581786171300336718559265137e+02
+2.6880428277711157534213270992040634155273e+03  +5.8220579090691935562063008546829223632812e+03  -4.3216170087143555065267719328403472900391e+03
+8.4667449258229880797443911433219909667969e+03  +2.0486615325228531219181604683399200439453e+03  +1.4350676035241902354755438864231109619141e+04
+6.5536829507225511406431905925273895263672e+03  -1.1413609998880526745779206976294517517090e+03  -9.1787539502557592641096562147140502929688e+03
-2.0280555131697531123791122809052467346191e+03  +2.2088258436933770667565113399177789688110e+02  -1.7292694417520938259258400648832321166992e+03
+8.1544946655427193036302924156188964843750e+03  -2.6034897054495149859576486051082611083984e+03  -1.1802814436350427058641798794269561767578e+04
-1.9017925734252037364058196544647216796875e+05  -1.2101239432717720046639442443847656250000e+05  -5.7213053668181477405596524477005004882812e+04
-4.8727145050924964380101300776004791259766e+03  +2.9097487383583056725910864770412445068359e+03  +3.6248865511397311820473987609148025512695e+03
+3.3365247383525652367097791284322738647461e+03  +2.9113580450566055333183612674474716186523e+03  +1.4449567454243556312576401978731155395508e+03
-2.7451186096337507478892803192138671875000e+04  -1.9133758928154220484429970383644104003906e+04  -5.3045347708914610848296433687210083007812e+04
-4.9219132215799963887548074126243591308594e+03  +6.8047566983450687985168769955635070800781e+03  +2.7762423297623986400139983743429183959961e+03
-5.0921029001134384088800288736820220947266e+03  -1.5314199880725818729843012988567352294922e+04  -1.4742519566178802961076144129037857055664e+03
+4.0810075555755160166881978511810302734375e+04  -2.1946127455245285091223195195198059082031e+04  +4.6263575134298451303038746118545532226562e+04
-3.3037512572740415635053068399429321289062e+04  -6.5637378643504025603760965168476104736328e+03  +2.4491578759157895547104999423027038574219e+04
-3.4672247297187736876367125660181045532227e+03  +2.7879666682086908622295595705509185791016e+03  -3.9338363081226602844253648072481155395508e+03
+3.0111845093125307357695419341325759887695e+03  -5.0977414574316062498837709426879882812500e+03  -1.8558521332452312946337258381390711292624e-01
+4.1153600206607080735921044833958148956299e+01  +1.6194866713876510289082943927496671676636e+02  -6.9953113561568081024688581237569451332092e+00
+1.4389471826601084103458561003208160400391e+03  -3.2355317491734449504292570054531097412109e+03  +6.3270009753945569173083640635013580322266e+03
-2.4991526857066489242242823820561170578003e+02  -4.2753781173071394050566595979034900665283e+02  -2.5207665520201189224280824419111013412476e+01
-1.3945568585785670379095790849532932043076e+01  -8.2620433037433610934385797008872032165527e+02  +4.7235241509409434002009220421314239501953e+02
-6.7912463174705408164300024509429931640625e+01  +5.6823385648702057437731127720326185226440e+01  -1.0269558948372965900830422469880431890488e+01
-1.4136710438992295735260995570570230484009e+01  -6.0341911899848150824254844337701797485352e+02  +2.6242564952357586349762641475535929203033e+01
+1.1306356719421606612741015851497650146484e+04  -7.8922377951209200546145439147949218750000e+03  +7.4988993645712457691843155771493911743164e+02
-3.2811822838952173242432763800024986267090e+02  +1.6973667862306808729044860228896141052246e+02  +1.6786048413980320219707209616899490356445e+03
+3.4706945495795145006923121400177478790283e+02  +2.8221446224565570446429774165153503417969e+03  +1.0967366553571294218727416591718792915344e+02
-2.3953113897841067228000611066818237304688e+03  +6.0974420659854067707783542573451995849609e+03  -1.3107371766957689033006317913532257080078e+04
+6.9107846688411891591385938227176666259766e+03  +2.7363052684326074086129665374755859375000e+04  +4.3893352935744378555682487785816192626953e+03
-2.6496653021161946526262909173965454101562e+03  +4.7083365284288775001186877489089965820312e+03  +3.2423373568442511896137148141860961914062e+03
+6.1944884628660520320408977568149566650391e+02  -1.5618643998822055891650961712002754211426e+03  -4.9135095724801876713172532618045806884766e+03
+1.5650219412543415273830760270357131958008e+03  -5.7274129611413291058852337300777435302734e+03  -8.4182900963658321416005492210388183593750e+03
+3.0789249013269090937683358788490295410156e+03  +8.8686652957197782143339281901717185974121e+02  -5.6978932867599576184147736057639122009277e+02
+5.1611793241249233687995001673698425292969e+02  +2.5506035269731810330995358526706695556641e+03  -3.6347229401481340573809575289487838745117e+03
+4.6309226428870515519520267844200134277344e+03  +1.8362197826348865419276989996433258056641e+03  -1.8434723451213519638258730992674827575684e+03
+2.2990122927387214986083563417196273803711e+03  -6.4620599598969492944888770580291748046875e+03  +6.4927427950695846448070369660854339599609e+03
-4.3622088676787690531000407645478844642639e+01  -9.1604105490488507257396122440695762634277e+01  +2.6750882518886549554792964045191183686256e+00
-1.6563633979767687378625851124525070190430e+03  -1.6119386418833184961840743198990821838379e+03  -9.2928305111862562171154422685503959655762e+02
-6.4674500224987423280254006385803222656250e+02  -2.1115622287726459944678936153650283813477e+03  -7.6350667954770892720262054353952407836914e+02
-6.8452437846696584529126994311809539794922e+03  -9.4357738806620709510752931237220764160156e+03  +1.1197748268698978790780529379844665527344e+04
-6.3506223038942143830354325473308563232422e+03  -1.4354958465997951861936599016189575195312e+03  -4.0711707604212865589943248778581619262695e+03
+8.4194927037920733710052445530891418457031e+03  +1.6112804354875206058750336524099111557007e+02  -4.0370349901366098492871969938278198242188e+03
+7.1128446925264270248590037226676940917969e+03  -4.1075129607034307355206692591309547424316e+02  +2.7772831576742501056287437677383422851562e+03
+5.3260610840046956582227721810340881347656e+02  +4.5257926476111806550761684775352478027344e+03  +1.7350678637809623978682793676853179931641e+03
+5.4632774272630206269241170957684516906738e+02  +7.3697927683139050714089535176753997802734e+02  -2.5642457743219474650686606764793395996094e+03
+1.0368429968342222855426371097564697265625e+05  -6.7530771093666262459009885787963867187500e+04  -1.2255042614202846380067057907581329345703e+04
+1.2980635751682245881966082379221916198730e+03  -2.0688045995823504199506714940071105957031e+03  +3.2272662463989240677619818598031997680664e+03
+4.1355863656245392121491022408008575439453e+03  +2.0246191134670693827501963824033737182617e+03  +7.4981109909524357135524041950702667236328e+03
-3.6171020586130844094441272318363189697266e+03  +1.8095274572424716552632162347435951232910e+02  +7.3135706077440390799893066287040710449219e+03
-1.3474905516655658175295684486627578735352e+03  +6.3172071707586819684365764260292053222656e+03  +2.7904983650129988745902664959430694580078e+03
+1.4995602658757686640456086024641990661621e+03  -6.2234149297459759964112890884280204772949e+02  -6.7931003311355846108199330046772956848145e+02
-1.2964180736244022682512877508997917175293e+03  +1.1930394357838117684877943247556686401367e+03  +2.5182268619556083422139636240899562835693e+02
+7.2007503559470023901667445898056030273438e+03  +5.5208935357368102359032491222023963928223e+02  +1.5964516227835889594643958844244480133057e+02
-5.7193266431640964583493769168853759765625e+04  -1.3709426734708255025907419621944427490234e+04  -1.0329153292972207418642938137054443359375e+05
-8.3589471863703636245190864428877830505371e+02  +1.3374813246783760405378416180610656738281e+03  -9.0647361953217682639660779386758804321289e+02
+1.6299717587078623637353302910923957824707e+03  +1.7756881422432022645807592198252677917480e+03  +2.1884532246821686385374050587415695190430e+03
+6.8515232619025766780396224930882453918457e+02  -5.4877014467251765381661243736743927001953e+03  -1.1330099325386188411357579752802848815918e+03
+3.8230035521909576345933601260185241699219e+03  +1.4131158800170044287369819357991218566895e+03  +1.2952686916515342545608291402459144592285e+03
+2.4322923890149570070207118988037109375000e+05  -4.1049878808659785136114805936813354492188e+04  -7.8151946603154923650436103343963623046875e+04
+2.0110753888005331191379809752106666564941e+02  +3.9338401803428536140927462838590145111084e+02  +1.1164226775009587072418071329593658447266e+04
+3.1874912588987626804737374186515808105469e+03  -4.3007742099241640971740707755088806152344e+03  -1.5052255586154549291677540168166160583496e+03
-1.9068469954452775709796696901321411132812e+03  +2.9522673850132758843756164424121379852295e+02  -4.5034758179163111435627797618508338928223e+02
+1.2203240480317610945348860695958137512207e+03  -6.6402027408964158894377760589122772216797e+03  +8.0347617535274739566375501453876495361328e+03
+1.0091073644460020659607835114002227783203e+03  +1.3794494664449609899747883901000022888184e+03  +3.7373527520080474459973629564046859741211e+03
+4.9169983514978163441355718532577157020569e+01  -1.5381414494860722541602626733947545289993e+01  -1.8471990432011669014400467858649790287018e+00
+5.4187153093092558719945373013615608215332e+02  +3.0073678833990129533049184828996658325195e+01  -2.8788963962783458327976404689252376556396e+02
+3.7695134798602538239720161072909832000732e+02  -1.0768738120901315369337680749595165252686e+02  +4.2373988325073082705785054713487625122070e+02
+1.4393943994996934776509078801609575748444e+01  -2.0427750218911135959842795273289084434509e+01  +3.9738384626313156822163819015258923172951e+00
-1.5105938237851028134173247963190078735352e+03  -9.8356190272388857920304872095584869384766e+02  -1.3814147335620830290281446650624275207520e+03
-6.0005805642466452809458132833242416381836e+02  -1.3430512594367187375610228627920150756836e+03  +4.0510967593820453203079523518681526184082e+02
+8.7432161197218360030092298984527587890625e+04  +3.3531605987108734552748501300811767578125e+04  -5.3648400257309702283237129449844360351562e+04
-1.6410214722494204124814132228493690490723e+03  -9.2214826323532940932636847719550132751465e+02  +1.2509610615682570369244785979390144348145e+03
+2.4208893690022673581552226096391677856445e+03  +1.7758732584670708547491813078522682189941e+03  -2.9871553003158683168294373899698257446289e+03
-3.6658593765034396483315504156053066253662e+02  -1.4425657317216879960142250638455152511597e+02  -2.7996156870470844069131999276578426361084e+02
+2.7054104685805141343735158443450927734375e+03  +7.8157869667794545875949552282691001892090e+02  -2.6032778993926785915391519665718078613281e+03
+1.0955560561132601833378430455923080444336e+03  -1.3102566045661184034543111920356750488281e+04  +1.8199787439317190091969678178429603576660e+03
-2.2134759558700025081634521484375000000000e+03  -3.4574201185916712120160809718072414398193e+02  -2.1305424289090378806577064096927642822266e+03
+5.1400987714710799991735257208347320556641e+03  +1.5700408700542079714068677276372909545898e+03  -6.5168717455295227409806102514266967773438e+04
-2.3122474321823092395788989961147308349609e+03  -1.5359361482555664224491920322179794311523e+03  -2.9867256459971949880127795040607452392578e+03
-7.6801137557759602714213542640209197998047e+03  +6.4406594318703073440701700747013092041016e+03  +1.0913527308797911246074363589286804199219e+04
-5.5820234672337401207187213003635406494141e+03  -1.1536409883612539033492794260382652282715e+03  +7.3027132582668195937003474682569503784180e+02
+3.8307735022096082388998183887451887130737e+01  +1.2259617779354633171351451892405748367310e+02  -4.8622010419499247291241772472858428955078e+01
-4.6343252621792817080859094858169555664062e+03  -1.0642475972794418339617550373077392578125e+04  +9.2918117520247160427970811724662780761719e+03
-1.2480817086136903526494279503822326660156e+03  -2.1605115739081866195192560553550720214844e+03  -1.0362413488663653424737276509404182434082e+03
-1.3478119572395796694763703271746635437012e+03  -2.7324501708611143158123013563454151153564e+02  -6.1053186241504860731765802484005689620972e+01
-2.8830055599748466192977502942085266113281e+03  -3.4401214054900833616557065397500991821289e+03  +1.6322204883548454290576046332716941833496e+03
-6.1090872005010569409932941198348999023438e+03  -3.2050003064207380703010130673646926879883e+03  -8.0430588334420508545008487999439239501953e+03
+1.3146462528653273693635128438472747802734e+03  -1.9453969803824136306502623483538627624512e+03  +1.1553417716275228031008737161755561828613e+03
+9.4261369970792520689428783953189849853516e+02  +2.0359311454713606508448719978332519531250e+03  +3.4318929518756572178972419351339340209961e+03
-1.1739032697221987291413825005292892456055e+03  -9.3669631790730591092142276465892791748047e+02  +1.8484229402469791239127516746520996093750e+03
+6.3658035628756297228392213582992553710938e+03  -1.6763854505650659120874479413032531738281e+04  -2.3057182733054164600616786628961563110352e+03
-2.9670825105607987097755540162324905395508e+03  +2.7107393950187711197941098362207412719727e+03  -1.0432273323227373111876659095287322998047e+04
+2.9268021623437768141684500733390450477600e+01  -9.0176690379118539908631646540015935897827e+01  -7.7138227074032059249475423712283372879028e+01
+7.9148488231398823700146749615669250488281e+03  -2.1521206089942712424090132117271423339844e+04  -4.3999419324154241621727123856544494628906e+03
+3.1963032143706068382016383111476898193359e+03  +1.1596715835640890873037278652191162109375e+04  +6.7451210206962587108137086033821105957031e+03
+3.9784852826964611267612781375646591186523e+03  +1.3322770932991805238998495042324066162109e+04  +1.7625250977997253357898443937301635742188e+04
+1.4080882196241891506360843777656555175781e+03  -2.5680435256114828916906844824552536010742e+03  -9.0642663260510812506254296749830245971680e+02
+2.2296252614649720271700061857700347900391e+03  -1.7933825801476639298925874754786491394043e+03  +1.6200043631103492316469782963395118713379e+03
-2.0880474451978425349807366728782653808594e+03  +6.7530463351924595372111070901155471801758e+01  -1.0173003110401085677949595265090465545654e+03
-6.4387026592171127958863507956266403198242e+02  -1.4629547272817321754700969904661178588867e+03  -6.5006183268654183393664425238966941833496e+02
-6.0494110657661951790942111983895301818848e+02  -7.5148198280484339193208143115043640136719e+03  -4.5749957960093424844671972095966339111328e+03
+1.8932235360999027307116193696856498718262e+03  -9.4797918078288489596161525696516036987305e+02  -6.2271719292084389962838031351566314697266e+02
+4.1721329692766321386443451046943664550781e+03  +3.9323103944460331149457488209009170532227e+03  +7.1262724224770690852892585098743438720703e+03
+7.3893443720241893970523960888385772705078e+03  -2.3035463363264334475388750433921813964844e+03  +3.8603394263202739239204674959182739257812e+04
-1.2032272096433753176825121045112609863281e+03  +4.0420306248203833092702552676200866699219e+03  +4.2370217034391162087558768689632415771484e+03
-1.6134241569417465598235139623284339904785e+03  +6.5053298749381644938694080337882041931152e+02  +5.7489776794543494986555742798373103141785e+01
+5.0359100638237414386821910738945007324219e+03  +3.6555718037519477547903079539537429809570e+03  -1.3507094616652302647707983851432800292969e+03
+1.0526152124657815875252708792686462402344e+04  +6.3191841681269825130584649741649627685547e+03  -6.0043946047627232474042102694511413574219e+03
-2.1584733758233210210164543241262435913086e+02  -1.9591339200080756199895404279232025146484e+02  +9.4269099205477743907977128401398658752441e+01
-1.8854712922115982109971810132265090942383e+03  +1.2726412035060338894254527986049652099609e+03  +8.8644069861958416822744766250252723693848e+02
-7.4550962116111977593391202390193939208984e+03  -6.8639799585838491111644543707370758056641e+03  -8.4593862416014471818925812840461730957031e+03
+6.0906638211078316089697182178497314453125e+03  +3.8745465468878087449411395937204360961914e+03  -2.2847739364233279957261402159929275512695e+03
-1.7970307142022140851622680202126502990723e+03  +4.2823783339722704113228246569633483886719e+03  -4.9992020525885718598146922886371612548828e+03
+1.7235391765526480867265490815043449401855e+02  -1.2710103191788496133085573092103004455566e+03  +8.4017353540516269276849925518035888671875e+03
-1.7506530396903792734519811347126960754395e+03  -1.9381721551876437388273188844323158264160e+03  +1.4615726375653312061331234872341156005859e+03
+8.0188067111695709172636270523071289062500e+03  -3.1333632270127422998484689742326736450195e+03  -6.0714723332818414291978115215897560119629e+02
+1.1907806716680621320847421884536743164062e+05  +8.8686768952155674924142658710479736328125e+04  -9.9978590730983796674991026520729064941406e+02
+1.1521475481563717039534822106361389160156e+04  -1.3751971993083368943189270794391632080078e+04  -2.7933942667972341951099224388599395751953e+03
+3.1861512360707780544544220902025699615479e+02  +1.5855270919712395993883546907454729080200e+02  -6.3095974283281077532592462375760078430176e+02
+6.6418955040635125897097168490290641784668e+00  +5.8697109625187593451300926972180604934692e+00  +3.2747914302737037850477008760208263993263e+00
+2.8363800695637927162806590786203742027283e+01  +4.3563362459303280047606676816940307617188e+03  +2.4655649883079486244241707026958465576172e+03
-1.3241050797895646610413677990436553955078e+04  +2.6988707853268057078821584582328796386719e+04  -3.1310430431362374292802996933460235595703e+02
+1.1371352071516224896186031401157379150391e+04  +6.5934275109584978054044768214225769042969e+03  +5.2083665270911214975058101117610931396484e+03
-2.5145045321766979213862214237451553344727e+03  +3.1643079762736520024191122502088546752930e+03  +9.8381228952083583862986415624618530273438e+03
-1.1214791969959489961183862760663032531738e+03  -1.5933391629995023777155438438057899475098e+03  -1.9775080077584786977240582928061485290527e+03
-2.8128259115569949244672898203134536743164e+02  +1.9160739753065097374928882345557212829590e+03  +4.8633122048030463702161796391010284423828e+02
-1.5880387255159486085176467895507812500000e+05  -5.1796986566711981140542775392532348632812e+04  +9.2997194859421375440433621406555175781250e+04
+6.7968995569947401236277073621749877929688e+02  +2.4599198204615277063567191362380981445312e+03  -1.0846617253598198658437468111515045166016e+04
-2.6991382985654768162930849939584732055664e+03  -5.0475446693919539029593579471111297607422e+03  -9.8497384450465197005541995167732238769531e+03
-1.5422855439681043208111077547073364257812e+03  +4.7122630718124935356172500178217887878418e+02  -1.3682222383361938682355685159564018249512e+03
+8.3505755448188904210837790742516517639160e+02  +9.5502805114554757892619818449020385742188e+02  -6.8069014678343648938607657328248023986816e+02
-7.9818644888675307811354286968708038330078e+03  -6.8469956065853295967826852574944496154785e+02  +9.4142538441955312009667977690696716308594e+03
+7.3900366460942586854798719286918640136719e+03  -5.5192415334813558729365468025207519531250e+03  -2.7516518406701788990176282823085784912109e+03
-7.2872987733756545480900967959314584732056e+01  -2.0186499246950495489727472886443138122559e+02  -4.7893686731464663353108335286378860473633e+02
+1.0940019506489061313914135098457336425781e+03  -1.7034236425603187399246962741017341613770e+03  -8.2673430485742460405163001269102096557617e+02
-1.5613802666948924525058828294277191162109e+04  +6.7433661870764467494154814630746841430664e+02  +3.4562803762183320941403508186340332031250e+03
-2.9663863321712342440150678157806396484375e+03  +3.6411108782582590492893359623849391937256e+02  -6.6207671827445449252991238608956336975098e+02
+7.3125620341882506636466132476925849914551e+02  -4.1382248336268537514115450903773307800293e+02  -1.3563763003391397887753555551171302795410e+02
+1.2646076575331562708015553653240203857422e+03  +1.1783603721178305931971408426761627197266e+03  -5.0918470106242539330310137302149087190628e+00
-5.6552705040927219215518562123179435729980e+02  +1.6029808768069783582177478820085525512695e+03  +3.0544290208915490438812412321567535400391e+03
-7.0583784017858386405919191020075231790543e-01  -2.6194339649986977747175842523574829101562e+02  +5.8496152140685705944633809849619865417480e+02
-1.3022229104360565543174743652343750000000e+04  +7.2324991130335110938176512718200683593750e+03  -7.6137323648906594826257787644863128662109e+03
+9.2593943438888356922689126804471015930176e+02  -1.4858700536122312314546434208750724792480e+03  +1.0410081301206525949964998289942741394043e+03
-3.1345705812546789275074843317270278930664e+03  +1.3952996712333959294483065605163574218750e+04  -3.8608962606814206992567051202058792114258e+03
-1.3939600944712186901597306132316589355469e+04  -2.0059442102963721481501124799251556396484e+03  -1.2733749793148088429006747901439666748047e+04
+1.5146400747472645775815180968493223190308e+02  +4.2732676146266275196694550686515867710114e+00  -8.6211977094403366095320961903780698776245e+01
-1.7540251857159295468591153621673583984375e+04  +1.3866885772924163120478624477982521057129e+03  -5.9231291676064638522802852094173431396484e+03
-1.5534387491679076447326224297285079956055e+03  +8.2188469256940140894585056230425834655762e+02  -3.0865079197316240424697753041982650756836e+03
+2.1257324612196348425641190260648727416992e+03  +4.9054135332402938729501329362392425537109e+03  -9.9359029966773341584485024213790893554688e+03
-6.8087785224781146098393946886062622070312e+02  -4.6876213043833759002154693007469177246094e+03  +1.5670397410242176192696206271648406982422e+03
-4.3242204521964726154692471027374267578125e+04  -6.1952882980102607689332216978073120117188e+04  -1.1425961909022646068478934466838836669922e+04
-2.2527677698715965561859775334596633911133e+03  +1.9246052188001463036925997585058212280273e+03  -2.9714459649221282688813516870141029357910e+02
-5.0203024154970034942380152642726898193359e+03  -5.3265096371576273668324574828147888183594e+03  -5.7859559409066814623656682670116424560547e+03
+1.3638459826557550513825844973325729370117e+03  +5.8443245394473137821478303521871566772461e+02  +1.8268084099721670554572483524680137634277e+03
+2.3567698210882763305562548339366912841797e+03  +2.6960775499736923848104197531938552856445e+03  -3.3857243059510224156838376075029373168945e+03
+4.7707693787280704782460816204547882080078e+03  +4.5165523513657426519785076379776000976562e+03  +3.1355157651225449626508634537458419799805e+03
-5.7261370778061814235115889459848403930664e+02  -8.4593089858777616996121651027351617813110e+01  +6.5165691400748514183760562445968389511108e+01
-7.5450022630722796748159453272819519042969e+03  -8.3764988645334915418061427772045135498047e+02  +8.1944933853820821241242811083793640136719e+03
+8.1685691885794096833706134930253028869629e+02  +6.2186615715911511870217509567737579345703e+02  +3.0073202638591214963525999337434768676758e+02
-1.8059022806007619692536536604166030883789e+03  -1.3870183236236393895524088293313980102539e+03  -1.0815696374346350694395368918776512145996e+03
-1.2332264796401706917094998061656951904297e+04  -1.3656112339565166621468961238861083984375e+04  -4.9937599803210196114378049969673156738281e+03
-3.4721919880724163576246610318776220083237e+00  +5.0858807842924861120081914123147726058960e+01  +3.6782545040447485007462091743946075439453e+02
-3.7829130394008877919986844062805175781250e+05  +1.9735889556898798327893018722534179687500e+06  -2.1386052451379410922527313232421875000000e+06
+1.1104155487072086543776094913482666015625e+04  +3.1217206290734470712777692824602127075195e+03  -4.8597970539348335705653880722820758819580e+02
-9.9407122880042388715082779526710510253906e+03  -1.2108872319671394507167860865592956542969e+04  +1.0243785717017526621930301189422607421875e+03
+1.4292188220416949206992285326123237609863e+03  +1.5016571647661853603494819253683090209961e+03  +5.0839492537077632050568354316055774688721e+02
+1.5293252953416256787022575736045837402344e+04  -1.4851898792291747668059542775154113769531e+04  -6.8569010509525069210212677717208862304688e+03
+4.7045273038553972355657606385648250579834e+01  +1.0699342589756363963715557474642992019653e+02  +1.4864231620370601305580748885404318571091e+01
+3.9184514363397684064693748950958251953125e+03  +7.1699776145570228891301667317748069763184e+02  +5.9931703883055697588133625686168670654297e+03
+8.2455048391884265583939850330352783203125e+03  -2.7922568924829556635813787579536437988281e+03  +2.5099827289246591135452035814523696899414e+03
+2.7352338613110036931175272911787033081055e+03  +2.9699118527641269338346319273114204406738e+02  +1.9113706542114182411751244217157363891602e+03
-2.4556063734105413459474220871925354003906e+04  -2.2822238056078098452417179942131042480469e+04  +5.5965773299503038288094103336334228515625e+04
-3.8081541896588231566056492738425731658936e+02  -4.0027743470315244849189184606075286865234e+03  -3.3784736584099177889584098011255264282227e+03
-1.0338808778390944098646286875009536743164e+03  +2.9238740348306823761959094554185867309570e+03  -4.0503626358961309961159713566303253173828e+03
-3.3537847965864302750560455024242401123047e+03  -9.2806638169364396162563934922218322753906e+03  +1.5803524878772791453229729086160659790039e+03
-2.3260144897791428775235544890165328979492e+03  +9.7980180239535566215636208653450012207031e+03  +1.6345592087819209154986310750246047973633e+03
-2.1550857009580099656886886805295944213867e+03  -5.5876937612557753709552343934774398803711e+02  +2.2235673358623357671604026108980178833008e+03
-5.1512347160080338653642684221267700195312e+04  -2.2088320404093217803165316581726074218750e+04  +6.8925665476795111317187547683715820312500e+03
-1.9881727930551817280502291396260261535645e+03  +4.0441599507971895945956930518150329589844e+03  +2.4065524905548634706065058708190917968750e+04
+2.8627969511547594265721272677183151245117e+03  -2.3303123595658489648485556244850158691406e+03  +5.5657696981835988481179811060428619384766e+02
-6.1682735898026367067359387874603271484375e+04  -5.2369936393765485263429582118988037109375e+04  -1.0725185380093862477224320173263549804688e+04
+1.0515741070578399103396805003285408020020e+03  -2.2735678823086950615106616169214248657227e+03  +7.3252927229666702260146848857402801513672e+03
-3.5524676041371244537003803998231887817383e+03  -5.4056780411611880481359548866748809814453e+03  -5.8758720867655779329652432352304458618164e+02
+4.6924500886287347611869336105883121490479e+02  +1.2517369635523275064770132303237915039062e+04  +9.9313643830103301297640427947044372558594e+03
-2.4234697113443726266268640756607055664062e+03  +1.6628152180996839888393878936767578125000e+03  -5.3872758541957548317213877453468739986420e+00
+5.4247102579525778764946153387427330017090e+02  -1.6666169260687781843444099649786949157715e+03  -9.3420268301546707334637176245450973510742e+02
+3.2553936537476936052826204104349017143250e+01  -2.4746686844680379380179147119633853435516e+01  +1.0412953882227576229979604249820113182068e+01
-1.7237393522202472695425967685878276824951e+02  +1.7492855757403028746921336278319358825684e+03  -8.7466129032438652757264208048582077026367e+02
+1.4866326255727169609599513933062553405762e+03  -2.7906762384633666442823596298694610595703e+03  -2.4706850823842723912093788385391235351562e+03
-1.3545585919386185196344740688800811767578e+03  +1.5339773647575050290470244362950325012207e+03  +6.0006747448120518129144329577684402465820e+02
+1.1810210907557055293182202149182558059692e+02  -4.6322691512025971860566642135381698608398e+02  +5.5939619315327763615641742944717407226562e+02
+1.5602679606915146450774045661091804504395e+03  +1.8073225178966015391779365018010139465332e+03  +8.9590586794706598539050901308655738830566e+02
-5.9315608427203160317731089890003204345703e+03  -3.9961373901552410643489565700292587280273e+03  +9.8738107840978591411840170621871948242188e+03
+4.4702336132824435480870306491851806640625e+04  -1.0787901077761103806551545858383178710938e+04  +1.7875843093576273531652987003326416015625e+04
-6.3148114283786526357289403676986694335938e+03  -3.6728856576792363739514257758855819702148e+03  -1.7508819002602069758722791448235511779785e+02
+4.4007374302551488653989508748054504394531e+02  +3.3034243890876664409006480127573013305664e+03  -3.4558369044987455254158703610301017761230e+02
-6.0567055858161111245863139629364013671875e+03  -1.2520976152035411359975114464759826660156e+04  +5.6901715885188068568822927772998809814453e+03
+3.1811137053735697008960414677858352661133e+03  +1.5040576714299975719768553972244262695312e+04  +1.4803024887267401936696842312812805175781e+04
-2.3380389404300767637323588132858276367188e+03  -2.8420986798238982373732142150402069091797e+03  -1.3291719312421168979199137538671493530273e+03
+1.5171242647450985714385751634836196899414e+03  -5.9838123145007893981528468430042266845703e+03  +3.4540751365540068036352749913930892944336e+03
-2.0928743853040314206737093627452850341797e+03  +4.8611103805993036530708195641636848449707e+02  +1.0127405798432681649501319043338298797607e+03
-9.3634405721991988684749230742454528808594e+03  -1.3625299964707064646063372492790222167969e+04  +6.2076529834102041149890283122658729553223e+02
+8.4296049416476216720184311270713806152344e+02  -4.6296507496974218156537972390651702880859e+03  -4.2939145262314623323618434369564056396484e+03
-1.6537242596245960157830268144607543945312e+04  -3.2951292608691146597266197204589843750000e+03  +3.9923882434123124767211265861988067626953e+03
-1.8300145747898864101443905383348464965820e+03  +3.3080856956446068579680286347866058349609e+03  -2.3229237232011182641144841909408569335938e+03
+5.4098477068312384653836488723754882812500e+05  +8.9238913811047532362863421440124511718750e+04  +1.5276567663092818111181259155273437500000e+06
-3.2557676833508548952522687613964080810547e+03  -1.6477511347039076099463272839784622192383e+03  +6.8864268644841354216623585671186447143555e+02
-4.2867892879885566799202933907508850097656e+03  -5.8483308815896962187252938747406005859375e+03  +3.4039175486322046708664856851100921630859e+03
+2.3220517538106055326352361589670181274414e+03  -9.2661765399392133986111730337142944335938e+03  -1.3595512842259606713923858478665351867676e+03
-3.2827345449998611002229154109954833984375e+03  -1.6348218021857883286429569125175476074219e+03  +2.2962942661938163837476167827844619750977e+03
-1.3170688223285864296485669910907745361328e+04  +2.0889460816277056437684223055839538574219e+04  +2.8528439409671700559556484222412109375000e+05
+1.5469744059421541351184714585542678833008e+03  -1.1782255858212682142038829624652862548828e+04  +5.3880321323371799735468812286853790283203e+03
+2.0245906585811583227041410282254219055176e+03  -3.6733230420610982491780305281281471252441e+02  +3.2082843888922866426582913845777511596680e+03
+4.4066995453571207690401934087276458740234e+03  -7.1792928275593794751330278813838958740234e+02  -1.6596145792276271890841599088162183761597e+02
-1.3002602404238081135190441273152828216553e+02  +2.2038028893421073917124886065721511840820e+03  +1.4371226221011627785628661513328552246094e+04
+2.1212365476491549634374678134918212890625e+05  +9.2580529789086795062758028507232666015625e+04  +3.7360280600509664509445428848266601562500e+05
-7.4312908392087792890379205346107482910156e+03  +5.8768547235853884558309800922870635986328e+03  +2.0677591313961540436139330267906188964844e+04
+1.6014731066037884374964050948619842529297e+04  +7.3301842928273879351763753220438957214355e+02  +6.6553255733089815748826367780566215515137e+02
-4.5823937059392110313638113439083099365234e+03  +8.4167096464095666306093335151672363281250e+03  -6.5898099064507832167691958602517843246460e+01
-4.7243493592899994837353006005287170410156e+03  -4.6089882290060288028143986593931913375854e+01  +3.0022723638267848400573711842298507690430e+03
+1.3389035805459090511249087285250425338745e+02  -3.4802133531489812412473838776350021362305e+02  +1.5411436729533383527268597390502691268921e+02
+1.2354591947129540585592621937394142150879e+02  +4.3871837194067472864844603464007377624512e+02  +1.4914163268699123818805674090981483459473e+03
-3.7716055226019529982295352965593338012695e+03  +1.7790437682389369911106768995523452758789e+03  -6.1418670288449106919870246201753616333008e+02
+8.7240356138028244004090083763003349304199e+02  +2.3156832525345243993797339498996734619141e+03  -2.1868184463792135829862672835588455200195e+03
-2.8150033047608026208763476461172103881836e+03  -1.0420750479909604564454639330506324768066e+03  +1.5090031927882610034430399537086486816406e+03
-6.4351073915934091473900480195879936218262e+02  -1.9856368776919989613816142082214355468750e+03  -7.9039563091026286656415322795510292053223e+02
+3.5700244110173138324171304702758789062500e+04  -2.3605797708539186714915558695793151855469e+04  -4.5132991142366765416227281093597412109375e+04
-5.8876272909974959475221112370491027832031e+03  -5.6111862498534628684865310788154602050781e+03  -3.4892305266601301809714641422033309936523e+03
-7.2994375662494746848096838220953941345215e+02  -7.4149607170862000202760100364685058593750e+03  +1.5240175694956444658600958064198493957520e+03
+1.1224507798779601216665469110012054443359e+04  +4.0166957754211688325085560791194438934326e+02  +1.8649572826861474368342896923422813415527e+03
+4.2583119616546088082031928934156894683838e+02  +9.8594649830174830640316940844058990478516e+01  +1.7463831530550689876690739765763282775879e+03
-3.0081144348457646628958173096179962158203e+03  +3.3990229931555772964202333241701126098633e+03  +2.7592577950191275704128202050924301147461e+03
+1.2820585761903281309059821069240570068359e+04  -4.5153947561931181553518399596214294433594e+03  -3.7140092889530919819662813097238540649414e+03
+1.1983873984309089792077429592609405517578e+04  +3.4951025753731621080078184604644775390625e+04  +2.4824676664201680978294461965560913085938e+04
+9.9882795267322144354693591594696044921875e+03  +1.5324442456792454322567209601402282714844e+04  -4.2881156544980607577599585056304931640625e+04
-3.1868309999363521001214394345879554748535e+02  -1.6414301133221445070375921204686164855957e+03  -3.4399257215772416884647100232541561126709e+02
+1.6232777019885108984453836455941200256348e+03  -3.5337609800819122938264627009630203247070e+03  -9.5268154463155883604486007243394851684570e+02
-2.5422281932328010043420363217592239379883e+03  -5.9251689276378128852229565382003784179688e+03  +5.7398191384723702412884449586272239685059e+02
+1.5140811991543498038481629919260740280151e+02  -3.1623979715318921535072149708867073059082e+02  -4.8734549619411512821898213587701320648193e+02
-2.9583016445602406747639179229736328125000e+03  +2.1182905782249599724309518933296203613281e+03  -5.1033094782762657359853619709610939025879e+02
+2.2162294323628825623018201440572738647461e+03  +2.8031708856199943511455785483121871948242e+03  +5.4048073198768988731899298727512359619141e+03
-2.4845188678765484837640542536973953247070e+03  -1.5208065828295417304616421461105346679688e+04  -7.8011897415175633341277716681361198425293e+02
+3.3597114257491980993108882103115320205688e+01  +1.2787059800453644129447638988494873046875e+03  -3.5735113317038708373729605227708816528320e+03
+1.1868590210084510545129887759685516357422e+04  +2.0845565433369179118017200380563735961914e+03  +1.0990665372624827796244062483310699462891e+04
-2.8707809592567531353779486380517482757568e+02  +1.9101227269056585100770462304353713989258e+03  +4.2864963200774940332848927937448024749756e+02
+1.4505539178011538297141669318079948425293e+03  +2.0331187307693282946274848654866218566895e+03  +8.5590667331670010753441601991653442382812e+02
-9.5952445857859027455560863018035888671875e+04  +9.0697796292201077449135482311248779296875e+04  -7.2303715080280555412173271179199218750000e+04
+4.9652591096207601140122278593480587005615e+02  +7.1933648805668369163868192117661237716675e+01  +3.5568520374424770125187933444976806640625e+02
-4.0402465623315251832536887377500534057617e+03  +8.4495596319800479250261560082435607910156e+03  +1.3969958891616090568277286365628242492676e+02
-2.2430137543976925371680408716201782226562e+03  -2.1935732429571667125856038182973861694336e+03  +2.3432559808287142004701308906078338623047e+03
+4.4749601056101499125361442565917968750000e+04  -1.0481292321867498685605823993682861328125e+05  +2.5448642833960021380335092544555664062500e+05
-9.1292367255456542807223740965127944946289e+02  -5.2995589534121363612939603626728057861328e+03  -2.9514626949833960622981976484879851341248e+01
+4.6855820053695360911660827696323394775391e+03  +1.1113386027773381101724226027727127075195e+03  -1.6466582630665989199769683182239532470703e+03
-1.7678726271642262872774153947830200195312e+03  +1.7965209371844637189497007057070732116699e+03  +2.8236512125649998239396154531277716159821e+01
+3.1032095565040276596846524626016616821289e+03  +1.1570166140668477510189404711127281188965e+03  +2.5938379580777755109011195600032806396484e+03
-2.4898497346161880159343127161264419555664e+03  -4.2896922310196569014806300401687622070312e+03  -7.4152149905086862418102100491523742675781e+03
-2.9040135437795715915854088962078094482422e+03  +2.5586045346179735133773647248744964599609e+03  -2.2241057480754839161818381398916244506836e+03
-1.6276666303096221781743224710226058959961e+03  +2.8332711819483988620049785822629928588867e+03  +7.9083881249120383927220245823264122009277e+02
-2.3467718492284191597718745470046997070312e+04  -5.0540771157081864657811820507049560546875e+04  +5.9381888365939485083799809217453002929688e+04
+1.2449353496929492393974214792251586914062e+04  +7.2604584761342030105879530310630798339844e+03  +5.8535144011627435247646644711494445800781e+03
+6.6944903902830992592498660087585449218750e+03  -5.9625736387157294302596710622310638427734e+03  -2.2934031956700997398002073168754577636719e+04
+4.0640516062027865018535521812736988067627e+02  -7.5655252199881476826703874394297599792480e+02  +7.5590817894269673615781357511878013610840e+02
+3.9423695114509825998538872227072715759277e+01  -1.9946940780616788657653160043992102146149e+00  +3.8564097356094094948275596834719181060791e+01
-3.1324279525897715359405992785468697547913e+01  -1.9265759292714622574749228078871965408325e+02  +7.3601912281605777366166876163333654403687e+01
-1.9208904572655342235520947724580764770508e+02  -4.4471438273146832216298207640647888183594e+03  -1.3597633497645103943796129897236824035645e+03
+8.9243689300972937417100183665752410888672e+02  +1.5199093445774389010693994350731372833252e+02  +1.3446827284452613184839719906449317932129e+03
+1.0701046297252227304852567613124847412109e+04  -4.8977040039870771579444408416748046875000e+03  -2.1291460319010468083433806896209716796875e+04
+2.2429517310969568910650195903144776821136e+01  -4.3296595998760585644049569964408874511719e+03  -5.6337787146768987440736964344978332519531e+03
+6.0721135388026521439996940898708999156952e+00  +7.0095302594115662486728979274630546569824e+02  -2.3578457218695103136951729538850486278534e+01
+3.1393836431054846798360813409090042114258e+03  -7.9120520663926236011320725083351135253906e+03  -5.8650515707181893958477303385734558105469e+03
+8.1394387878507893674395745620131492614746e+02  +2.1528794569814471060453797690570354461670e+02  -6.2797936722838613832209375686943531036377e+01
+1.0996893852272161748260259628295898437500e+06  -2.9181368580738610035041347146034240722656e+04  +8.7701115923261956777423620223999023437500e+05
-7.4015702933617819780920399352908134460449e+02  +5.8986324187245008943136781454086303710938e+03  -4.0354292261735404281353112310171127319336e+03
+3.1790184123837025254033505916595458984375e+03  -2.3632336989386321874917484819889068603516e+03  -3.5623269630599029369477648288011550903320e+03
-1.0382906139044691826711641624569892883301e+03  -1.4908252401356628524808911606669425964355e+03  +3.6005085817266723324792110361158847808838e+02
+3.3400992236233939183875918388366699218750e+05  -2.0228749941283444059081375598907470703125e+04  +1.0396381738767582282889634370803833007812e+05
+9.4393360019724502762983320280909538269043e+02  -1.9916093536823443628236418589949607849121e+03  +1.3430627440283900796202942728996276855469e+04
-1.3586461945219951985563966445624828338623e+00  -6.0100632859068712221528585359919816255569e+00  -9.5047578195635432085630611709348158910871e-02
-1.2566065056237737280753208324313163757324e+03  -3.3137296082932580247870646417140960693359e+03  +5.5082447307111169720883481204509735107422e+02
+2.3761704120668841824226547032594680786133e+03  +4.0715696341104567181901074945926666259766e+03  -2.8438574642160506300569977611303329467773e+02
-5.2913620180762006839358946308493614196777e+02  +4.2592942463264604157302528619766235351562e+04  -2.9620178147780672588851302862167358398438e+04
-2.0733314701415697101083424058742821216583e+01  -4.7377052876129727110310341231524944305420e+02  -1.6562989944037356053740950301289558410645e+03
-2.6196162161608258429623674601316452026367e+03  +3.2833663254075313489011023193597793579102e+03  +4.9629439810183248482644557952880859375000e+03
+6.0674312687209658179199323058128356933594e+02  +4.9542300643360852063779020681977272033691e+02  -2.5365424881417331448574259411543607711792e+02
+8.8319196267724692006595432758331298828125e+02  -2.7942787108086531588924117386341094970703e+02  -1.3635405868194229128675942774862051010132e+02
+3.7935376302985963411629199981689453125000e+05  -6.6762469834579643793404102325439453125000e+05  +6.4909837935198133345693349838256835937500e+05
+2.7181588563342897941765841096639633178711e+03  +1.1711447288514211777510354295372962951660e+03  -1.9240799174257092545303748920559883117676e+03
-7.7238116608561966813795152120292186737061e+01  -8.0040355872354382427147356793284416198730e+01  +1.2196215979068617230041127186268568038940e+02
+6.8151948872874130029231309890747070312500e+05  +4.9649742995045489806216210126876831054688e+04  +3.0385987391956156352534890174865722656250e+05
-2.5199754741205876484855252783745527267456e+02  -6.8047003484529057004692731425166130065918e+01  +9.8116925120668000204204872716218233108521e+01
+3.4249101311602794339705724269151687622070e+02  +1.2024606106561814158339984714984893798828e+03  -9.0148972097742512232798617333173751831055e+02
-1.5959840930870804243113525444641709327698e+01  +9.5424266125660270887465230771340429782867e+00  -7.2872343003212267831258941441774368286133e+02
-1.2472414536554339065332897007465362548828e+04  -2.9006487493024131254060193896293640136719e+04  -1.8399389862457101116888225078582763671875e+04
+3.4520870237448566513194236904382705688477e+03  -1.3824999472072672688227612525224685668945e+03  -4.9632926036846529314061626791954040527344e+03
-1.3079368721400380309205502271652221679688e+04  -1.8006221239009464625269174575805664062500e+04  -3.2199490978074380109319463372230529785156e+04
-1.6844565204577375538974592927843332290649e+02  -6.4600510684654398119164397940039634704590e+02  -5.4616267572554420439701061695814132690430e+02
+1.1973419290139045187970623373985290527344e+04  -1.7874521937561734375776723027229309082031e+04  -1.2237238633113265677820891141891479492188e+04
+1.0441791586878263842663727700710296630859e+04  +1.5940222063304618131951428949832916259766e+04  -1.6921701040725212806137278676033020019531e+04
+2.6326296176157000445527955889701843261719e+04  -2.6165322743091954180272296071052551269531e+04  -3.0000383573337248890311457216739654541016e+03
-1.3533125950559406192041933536529541015625e+03  +6.8691785360171870706835761666297912597656e+03  -2.9587491860460168027202598750591278076172e+03
-3.9601166605848720791982486844062805175781e+03  -7.1371549519714799316716380417346954345703e+03  +2.7994810467772895208327099680900573730469e+03
+1.9885572471147595933871343731880187988281e+04  -8.2270909368346492556156590580940246582031e+03  -3.6899838515705928330135066062211990356445e+03
-2.1247030822410837572533637285232543945312e+04  +1.2447959008825824639643542468547821044922e+04  -1.3207680325723898931755684316158294677734e+04
+3.1003728502271854949867702089250087738037e+02  +2.1509396131601870365557260811328887939453e+03  -9.4415828599902894779916096013039350509644e+01
+1.9321004261148946170578710734844207763672e+03  -5.4006641696841861630673520267009735107422e+03  +3.8235092416368852354935370385646820068359e+03
-4.2026674434426416837595752440392971038818e+02  +5.4378007526443479946465231478214263916016e+02  +4.8826799147631055575402569957077503204346e+02
+8.3461913741218916129582794383168220520020e+02  -3.3791054881257000488403718918561935424805e+03  -1.2191262803586325844662496820092201232910e+03
-1.3175233538812806727946735918521881103516e+04  -1.0807403907695033922209404408931732177734e+04  +2.6570338284746089811960700899362564086914e+03
-3.9256754904999097561812959611415863037109e+03  +1.0574587127474553653883049264550209045410e+03  -9.9178523465403984005206439178436994552612e+01
-1.0802899177405938644369598478078842163086e+03  -4.5815412113651359504729043692350387573242e+02  +5.8128374102521684108069166541099548339844e+03
-5.0341942104526196999358944594860076904297e+03  -5.3186891070912843133555725216865539550781e+03  -1.4884110677417356782825663685798645019531e+04
-3.7318683905030284222448244690895080566406e+03  -4.0507890983417109964648261666297912597656e+03  -9.0797808589311159721546573564410209655762e+02
-7.7788773211167253407438693102449178695679e+01  +3.3274134045505275025789160281419754028320e+02  +4.5656932487245251195417949929833412170410e+02
-9.1860546816253179258637828752398490905762e+02  +3.2477370292268542470992542803287506103516e+03  -1.8336678974417350218573119491338729858398e+03
-4.2042519046988036279799416661262512207031e+03  -3.8216733398370692157186567783355712890625e+04  +3.8870782362246363845770247280597686767578e+03
-1.0065185399161711757187731564044952392578e+04  +1.9433532245672700810246169567108154296875e+04  +2.6226699543372236803406849503517150878906e+04
+7.5731780619389937783125787973403930664062e+03  -7.3846247504940265571349300444126129150391e+02  -4.8205465588478782592574134469032287597656e+03
+3.0392426486590470631199423223733901977539e+03  +2.5823327408473187460913322865962982177734e+03  +3.3612324845626740170700941234827041625977e+03
+1.4496376220534884851076640188694000244141e+04  +5.5937358559115355092217214405536651611328e+03  -3.8021642712556200649487436749041080474854e+02
+1.5604869807446770209935493767261505126953e+04  +2.4183120224727052118396386504173278808594e+04  +2.4452595692643513757502660155296325683594e+04
-5.0860367497603397350758314132690429687500e+05  +7.0655400794493418652564287185668945312500e+05  -7.4676412057266593910753726959228515625000e+05
+1.1197331604051771864760667085647583007812e+05  +7.3933093217242203536443412303924560546875e+04  -3.1404556334954748308518901467323303222656e+04
+2.9094454598311710924463113769888877868652e+02  -3.9912228113578185002552345395088195800781e+03  +1.7954162743876752301730448380112648010254e+03
+1.0132528310590590990614145994186401367188e+04  -1.3449779387477839918574318289756774902344e+04  +4.0167884279206438804976642131805419921875e+04
+3.6521807457781810626329388469457626342773e+03  +2.8957347721893776906654238700866699218750e+04  -2.3816302495030453428626060485839843750000e+04
-1.7789448217739561641792533919215202331543e+03  +2.0715834821367598124197684228420257568359e+03  -2.5466661149162951005564536899328231811523e+03
+1.6153822693883052124874666333198547363281e+04  +2.8534911292558623244985938072204589843750e+04  -2.5005557120953795674722641706466674804688e+04
+3.1422879616431778231344651430845260620117e+03  -3.8999794729592140356544405221939086914062e+03  +2.1359235655650005014649650547653436660767e+02
-7.3535068709536921232938766479492187500000e+05  -2.4074287733043613843619823455810546875000e+06  +1.7380895230477256700396537780761718750000e+06
+9.1279355801880992657970637083053588867188e+03  -1.9489918481092472575255669653415679931641e+03  -4.6664636495457434648415073752403259277344e+03
-1.4367401156685942623880691826343536376953e+04  +9.7306860882161781773902475833892822265625e+03  -2.6821582827638457047214615158736705780029e+02
+1.3061133796941444984440749976783990859985e+02  +1.6259820046411837779487541411072015762329e+02  +1.6620514501202656276745983632281422615051e+01
+4.6777869447554676298750564455986022949219e+03  +1.7948585588326184279139852151274681091309e+03  +9.4678858617310143017675727605819702148438e+03
-1.9429285237301660345110576599836349487305e+03  +6.5178367989916487204027362167835235595703e+03  -2.0801861497392378623771946877241134643555e+03
+5.5078731930347103116218931972980499267578e+03  -1.2713604941890482223243452608585357666016e+04  -1.8739350120149530994240194559097290039062e+04
-2.8528995956634294088871683925390243530273e+03  -5.1937643781043807393871247768402099609375e+03  +8.0709465787242470469209365546703338623047e+03
-3.4504264106569230534660164266824722290039e+03  +8.8297595596377777837915346026420593261719e+03  -5.8985529517103732359828427433967590332031e+03
-9.4610294586823001736775040626525878906250e+03  +1.1998969466760806881211465224623680114746e+03  -1.1248940925317176152020692825317382812500e+04
-3.4668951889809341082582250237464904785156e+03  -2.4104143058111048958380706608295440673828e+03  +1.0980487992387222675461089238524436950684e+03
-2.2271434498770465143024921417236328125000e+05  -7.5612758293055550893768668174743652343750e+04  -3.8256081739674124401062726974487304687500e+05
+9.8024181447285063768504187464714050292969e+03  +6.7880348071799908211687579751014709472656e+03  -3.2194257531049556746438611298799514770508e+03
+1.0055260786231016027159057557582855224609e+04  -1.1716573206312821639585308730602264404297e+04  +4.8573766534506961761508136987686157226562e+04
-5.3565276672822520254158007446676492691040e+01  +1.3677720673865994172047066967934370040894e+02  -7.7842985117642413683824997860938310623169e+01
-6.2563543454700402435264550149440765380859e+02  +1.0259017001812873786548152565956115722656e+04  -4.0002677331450895508169196546077728271484e+03
-6.6350796337777001099311746656894683837891e+02  +1.1357363552446017820329871028661727905273e+03  +1.5118245120664844307611929252743721008301e+03
-1.3929124892745460329024353995919227600098e+03  -1.6967943562884067887353012338280677795410e+03  -9.3974418333026710570266004651784896850586e+02
-7.5900607658504877690575085580348968505859e+03  +1.3814990846493741628364659845829010009766e+04  -1.1743222232398640699102543294429779052734e+04
-1.7699227653451387709537812042981386184692e+02  +1.7844864351161327249428723007440567016602e+03  +8.9490097453953580952656920999288558959961e+02
-1.1544688658670484215917895198799669742584e+01  +2.6420364848673216329189017415046691894531e+02  -7.3364645203023115982432500459253787994385e+01
-4.4658946954652956264908425509929656982422e+03  +2.3718852403232135657162871211767196655273e+03  +1.0033029047425959561223862692713737487793e+03
-6.7362251338082398888218449428677558898926e+02  -5.2894999371848746250179829075932502746582e+02  +4.8370447800626618573005544021725654602051e+02
+1.6655639401837395325856050476431846618652e+03  -2.0506062505147980346009717322885990142822e+02  +2.8278206281337003247244865633547306060791e+02
-1.7858212330847814541812113020569086074829e+02  -6.8740746904622355373248865362256765365601e+01  +8.8021931505980234078378998674452304840088e+01
-1.0037369776061555057822261005640029907227e+03  +6.2064557813470662495092255994677543640137e+02  -2.0495511800812023466278333216905593872070e+03
+7.1988640295641516786417923867702484130859e+02  +3.6415407509581368685758206993341445922852e+03  -1.4703293546433476421952946111559867858887e+03
+1.5822320360424149839673191308975219726562e+04  +5.5173252559354486947995610535144805908203e+03  -1.6953275962715186324203386902809143066406e+04
-1.3448731722983332019794033840298652648926e+03  -5.2312317598943673147005029022693634033203e+02  +2.2761297748508432050584815442562103271484e+03
-6.3341137519454389348538825288414955139160e+02  -2.5287837521653241310559678822755813598633e+03  +1.0142024747045140884438296779990196228027e+03
-1.5070134647492546355351805686950683593750e+05  +2.3966422123989337706007063388824462890625e+05  -6.6094367328227774123661220073699951171875e+04
-3.5304944520435833510418888181447982788086e+03  +4.0394808042455106260604225099086761474609e+03  -1.2774617165674110310646938160061836242676e+03
-4.1770597067245551443193107843399047851562e+04  +1.7289131003763755870750173926353454589844e+04  +2.1491215742190983291948214173316955566406e+04
+7.3363492739462481040391139686107635498047e+03  -6.4340238736180463092750869691371917724609e+03  +2.2130558657685169237083755433559417724609e+03
+3.2799399381847342738183215260505676269531e+03  -2.1884483667757308467116672545671463012695e+02  -1.1408657390983387358573963865637779235840e+03
+3.3731769373527743027807446196675300598145e+02  -1.5925553274743426754866959527134895324707e+03  +4.5430531822027305679512210190296173095703e+03
+5.8288167535243289307800296228379011154175e+01  -2.9323561369826751388245611451566219329834e+02  -8.1618664647412515478208661079406738281250e+01
+3.6589112523820040223654359579086303710938e+04  +2.6065399846107753546675667166709899902344e+04  +6.7041527113669262689654715359210968017578e+03
+1.2755203761439809750299900770187377929688e+05  +2.6086675779512799635995179414749145507812e+04  +1.7114448749031848274171352386474609375000e+05
+2.8631667603197274729609489440917968750000e+03  +3.7272899176153264306776691228151321411133e+03  +4.9142672373951609188225120306015014648438e+03
-5.7306741709522584642400033771991729736328e+03  +1.1330010864806436075014062225818634033203e+03  -4.6036800208063677928294055163860321044922e+03
+1.4531062514363834452524315565824508666992e+03  +3.2833625074343200367366080172359943389893e+02  -1.5816509888294982033585256431251764297485e+02
+1.4214199009751044400218233931809663772583e+02  +5.0160669705877246826730697648599743843079e+01  -1.2875463223953045144298812374472618103027e+02
